index,mtx,pixel_gflops
0,0637_bcspwr07.mtx,0.125542
1,1471_thermal.mtx,3.086969
2,2201_fe_ocean.mtx,2.779102
3,1657_bloweybl.mtx,19.46338
4,0494_str_600.mtx,0.253672
5,0153_sphere2.mtx,0.056182
6,2027_GT01R.mtx,23.711963
7,0309_oscil_dcop_01.mtx,0.071271
8,2149_TSOPF_RS_b39_c19.mtx,5.046225
9,2687_venturiLevel3.mtx,1.841031
10,1504_descriptor_xingo6u.mtx,0.709479
11,1460_rajat07.mtx,0.244975
12,2193_ky2010.mtx,0.36895
13,0491_685_bus.mtx,0.175214
14,0944_grid2_dual.mtx,0.223515
15,2749_nlpkkt80.mtx,7.390157
16,0686_fpga_dcop_21.mtx,0.254888
17,2023_loc-Brightkite.mtx,0.145942
18,0297_oscil_dcop_13.mtx,0.071271
19,1443_viscoplastic1.mtx,1.818886
20,0908_adder_dcop_52.mtx,2.129629
21,0287_oscil_dcop_24.mtx,0.071667
22,1562_tuma1.mtx,0.855495
23,2297_Linux_call_graph.mtx,0.183919
24,1768_brainpc2.mtx,57.8296
25,1655_conf6_0-4x4-20.mtx,6.498626
26,0594_tumorAntiAngiogenesis_6.mtx,0.832429
27,0365_tols90.mtx,0.436966
28,0879_adder_dcop_61.mtx,2.146943
29,2422_net100.mtx,4.858995
30,0715_minnesota.mtx,0.087369
31,2486_rgg_n_2_18_s0.mtx,0.751414
32,0068_mycielskian5.mtx,0.021378
33,0666_fpga_dcop_39.mtx,0.248127
34,2507_amazon0601.mtx,0.243127
35,1176_tomography.mtx,5.718348
36,0763_jagmesh5.mtx,0.386134
37,1473_flowmeter0.mtx,0.473795
38,2089_cage11.mtx,0.689569
39,1317_Trefethen_2000.mtx,1.876617
40,2424_bcsstk30.mtx,34.503065
41,0698_bcspwr08.mtx,0.1186
42,2038_qc2534.mtx,110.109157
43,0198_can_96.mtx,0.136258
44,1536_c-40.mtx,10.359184
45,2177_copter2.mtx,0.621509
46,1715_case9.mtx,39.318961
47,0900_adder_dcop_22.mtx,2.173449
48,0792_nnc1374.mtx,0.358445
49,1600_ex15.mtx,2.903702
50,0578_cdde2.mtx,0.245102
51,0238_rdb200l.mtx,0.109241
52,0609_cage.mtx,0.36322
53,1544_jan99jac040sc.mtx,0.40635
54,1829_s2rmt3m1.mtx,17.333672
55,2099_ut2010.mtx,0.231028
56,0789_mhda416.mtx,2.115562
57,1805_mario001.mtx,0.707344
58,1192_c-28.mtx,0.924792
59,2401_imagesensor.mtx,0.723711
60,2060_soc-Epinions1.mtx,0.108453
61,1047_bcsstm12.mtx,1.600207
62,1067_kineticBatchReactor_1.mtx,1.698685
63,0447_lnsp_511.mtx,0.219797
64,0781_poli.mtx,0.122319
65,0984_pde2961.mtx,0.348082
66,1288_nasa1824(0).mtx,2.599543
67,1019_spaceStation_10.mtx,0.827799
68,1061_rw5151.mtx,0.392113
69,2304_mycielskian13.mtx,10.026451
70,1786_bfly.mtx,0.98674
71,2440_H2O.mtx,1.5511
72,0082_lap_25.mtx,0.027528
73,2750_nd24k.mtx,68.18628
74,0772_G32.mtx,0.321608
75,0149_gre_115.mtx,0.031676
76,1442_sit100.mtx,0.434501
77,1527_LFAT5000.mtx,1.110542
78,0485_G12.mtx,0.213333
79,1163_freeFlyingRobot_6.mtx,1.474708
80,0327_oscil_dcop_33.mtx,0.079141
81,0536_nnc666.mtx,0.259493
82,0871_adder_dcop_67.mtx,2.122294
83,2600_Chevron4.mtx,6.901766
84,2280_ks2010.mtx,0.376926
85,0566_bp_800.mtx,0.066409
86,0402_Chebyshev1.mtx,0.208062
87,1251_dynamicSoaringProblem_6.mtx,5.310011
88,2818_Flan_1565.mtx,26.406921
89,1296_G27.mtx,0.342848
90,2264_Dubcova2.mtx,0.953977
91,0117_pivtol.mtx,0.019326
92,2668_delaunay_n21.mtx,2.031599
93,2584_para-5.mtx,0.718183
94,1087_bcspwr10.mtx,0.036522
95,1136_freeFlyingRobot_5.mtx,1.329119
96,0535_bp_400.mtx,0.079092
97,0611_netz4504.mtx,0.130213
98,1730_vt2010.mtx,0.057441
99,0421_dwb512.mtx,0.208067
100,0029_bcsstm01.mtx,0.001524
101,2551_TSOPF_FS_b300.mtx,315.014473
102,2066_ted_AB_unscaled.mtx,25.61509
103,0504_dwt_512.mtx,0.409633
104,1734_c-49.mtx,2.307059
105,2301_caidaRouterLevel.mtx,0.078756
106,2172_brack2.mtx,1.379871
107,1357_Oregon-1.mtx,0.408766
108,0916_adder_dcop_35.mtx,2.167079
109,2699_af_5_k101.mtx,41.881578
110,0272_dwt_198.mtx,0.139765
111,2517_power197k.mtx,1.084724
112,2324_nemeth22.mtx,165.229831
113,2044_wathen100.mtx,7.81987
114,0740_cavity02.mtx,1.488099
115,1932_EAT_RS.mtx,0.029154
116,0055_bcsstm03.mtx,0.003027
117,0848_cage8.mtx,0.567732
118,0111_ex5.mtx,0.062554
119,1957_mark3jac120sc.mtx,0.904632
120,1749_mark3jac060sc.mtx,0.211976
121,2310_ok2010.mtx,0.245156
122,2014_nv2010.mtx,0.252702
123,1220_cavity08.mtx,3.475355
124,1147_lnsp3937.mtx,0.650939
125,1830_s3rmt3m1.mtx,17.641978
126,1128_spaceShuttleEntry_2.mtx,3.636767
127,1494_EX4(0).mtx,1.342411
128,2660_fcondp2.mtx,46.037879
129,0427_M20PI_n1.mtx,0.076609
130,1962_cond-mat-2005.mtx,0.127122
131,1505_ncvxqp1.mtx,0.321915
132,2076_psmigr_3.mtx,5.519309
133,0146_bcsstm06.mtx,0.009882
134,2453_pkustk07.mtx,9.40309
135,1985_g7jac100sc.mtx,0.341051
136,0345_bcspwr04.mtx,0.132617
137,0853_adder_dcop_01.mtx,2.168864
138,2433_wave.mtx,1.464205
139,2559_engine.mtx,7.304288
140,0599_M40PI_n1.mtx,0.138663
141,0237_bcsstm09.mtx,0.026096
142,0886_adder_dcop_47.mtx,2.129629
143,1947_ckt11752_tr_0.mtx,5.53039
144,2078_soc-sign-Slashdot090216.mtx,0.046982
145,1685_raefsky6.mtx,6.48126
146,2115_pfinan512.mtx,1.526728
147,0911_adder_dcop_31.mtx,2.159484
148,2256_G_n_pin_pout.mtx,0.061828
149,1464_Oregon-2.mtx,1.280309
150,2105_nemeth16.mtx,64.161849
151,1883_s3rmq4m1.mtx,23.497143
152,2103_crystm03.mtx,4.435084
153,1978_vsp_south31_slptsk.mtx,13.238599
154,1395_lock1074.mtx,8.586758
155,2543_pkustk10.mtx,38.187091
156,2250_la2010.mtx,0.351065
157,2746_ML_Laplace.mtx,40.780048
158,1012_LeGresley_2508.mtx,0.438398
159,2000_ca-AstroPh.mtx,0.028229
160,0643_fpga_dcop_04.mtx,0.251183
161,2247_co2010.mtx,0.253734
162,2218_vsp_vibrobox_scagr7-2c_rlfddd.mtx,0.216937
163,1110_G39.mtx,0.403959
164,0121_impcol_b.mtx,0.031519
165,1465_fe_4elt2.mtx,0.585418
166,1901_EX6(0).mtx,1.835368
167,2129_nd2010.mtx,0.401011
168,2558_ship_001.mtx,34.341141
169,0735_rdb1250.mtx,0.375579
170,0860_adder_dcop_09.mtx,2.138177
171,1587_cti.mtx,0.752441
172,1713_ccc.mtx,0.87511
173,1125_add32.mtx,0.515711
174,2094_g7jac140sc.mtx,0.338733
175,0145_west0132.mtx,0.022393
176,1306_freeFlyingRobot_10.mtx,2.750373
177,0610_dwt_607.mtx,0.410377
178,1784_skirt(0).mtx,2.540682
179,2803_audikw_1.mtx,14.996723
180,1506_xingo3012.mtx,0.713768
181,2669_test1.mtx,0.034404
182,0394_gre_512.mtx,0.12583
183,0452_ck400.mtx,0.374328
184,1475_powersim.mtx,0.747783
185,0285_oscil_dcop_38.mtx,0.071667
186,1800_g7jac060.mtx,0.305939
187,2241_crplat2.mtx,47.819148
188,1801_vsp_barth5_1Ksep_50in_5Kout.mtx,0.046651
189,0635_plat362.mtx,0.857849
190,1385_mbeacxc.mtx,7.56147
191,0437_fs_680_1.mtx,0.167115
192,2015_onera_dual.mtx,1.427742
193,0880_adder_dcop_62.mtx,2.18889
194,0326_oscil_dcop_32.mtx,0.065482
195,2042_OPF_10000.mtx,4.497258
196,2230_ne2010.mtx,0.381931
197,0523_can_445.mtx,0.326539
198,1451_c-35.mtx,2.340863
199,1870_a5esindl.mtx,17.810747
200,1900_EX5(0).mtx,1.887555
201,2398_appu.mtx,0.310612
202,2342_web-NotreDame.mtx,12.322348
203,0379_west0479.mtx,0.098532
204,0806_laser.mtx,0.288478
205,2582_para-8.mtx,0.72042
206,2515_parabolic_fem.mtx,1.642636
207,2307_amazon0302.mtx,0.245015
208,0816_G16.mtx,0.370954
209,0168_lnsp_131.mtx,0.047248
210,2214_ch7-8-b5.mtx,1.505503
211,2238_soc-Slashdot0902.mtx,0.07108
212,0440_tumorAntiAngiogenesis_2.mtx,0.530907
213,1578_ex26.mtx,7.799259
214,1760_epb2.mtx,1.708964
215,0646_fpga_dcop_29.mtx,0.262028
216,0537_1138_bus.mtx,0.131913
217,2037_tandem_dual.mtx,1.574201
218,0862_adder_dcop_11.mtx,2.196663
219,0275_dwt_245.mtx,0.132859
220,1285_jan99jac020.mtx,0.321965
221,0481_str_400.mtx,0.246453
222,1993_nemeth03.mtx,31.005124
223,1550_bcsstk13.mtx,7.122034
224,2017_cit-HepPh.mtx,0.018528
225,0192_bcsstk22.mtx,0.05985
226,0997_c-18.mtx,0.642122
227,0298_oscil_dcop_22.mtx,0.070109
228,1790_lowThrust_5.mtx,34.747728
229,2405_conf6_0-8x8-80.mtx,17.726187
230,2651_crankseg_1.mtx,19.457936
231,1017_rbsb480.mtx,1.148693
232,1839_mark3jac080sc.mtx,0.215059
233,0829_can_838.mtx,0.675671
234,0696_dwt_503.mtx,0.664494
235,2249_or2010.mtx,0.238921
236,1944_usroads.mtx,0.281195
237,0528_tumorAntiAngiogenesis_3.mtx,0.670039
238,0633_rdb968.mtx,0.32602
239,0289_oscil_dcop_21.mtx,0.062019
240,1865_rajat26.mtx,3.304496
241,1236_cell1.mtx,0.81845
242,1907_dixmaanl.mtx,2.461004
243,0205_grid1_dual.mtx,0.040974
244,1234_c-26.mtx,1.540846
245,1606_piston.mtx,14.525597
246,0921_adder_dcop_49.mtx,2.108977
247,0934_G52.mtx,0.405743
248,0413_dwt_310.mtx,0.320064
249,1904_finance256.mtx,1.393136
250,1827_bcsstk28.mtx,16.789996
251,0133_west0156.mtx,0.017737
252,1376_rajat13.mtx,8.880985
253,0439_mcca.mtx,0.718377
254,1740_lock3491.mtx,13.747382
255,0701_delaunay_n10.mtx,0.196328
256,0678_fpga_dcop_13.mtx,0.248787
257,1041_wang1.mtx,0.682701
258,2092_Goodwin_040.mtx,16.337037
259,2161_cyl6.mtx,37.43788
260,0596_bp_1600.mtx,0.056403
261,1324_freeFlyingRobot_15.mtx,2.692269
262,0935_G54.mtx,0.395997
263,1645_ex31.mtx,7.861574
264,1940_inlet.mtx,17.051956
265,2621_shipsec1.mtx,32.74281
266,2430_mc2depi.mtx,2.625271
267,1157_as-735.mtx,0.341045
268,2154_md2010.mtx,0.270053
269,1373_ex24.mtx,3.671563
270,0797_EX1(0).mtx,0.544126
271,0730_bcsstm07.mtx,1.138915
272,0098_d_dyn.mtx,0.010667
273,0422_dwt_307.mtx,0.238429
274,2607_TSOPF_RS_b2052_c1.mtx,12.081969
275,0538_celegans_metabolic.mtx,0.560765
276,1559_t2d_q9.mtx,2.11488
277,1039_polblogs.mtx,0.687286
278,2197_pkustk02.mtx,29.591504
279,2090_k1_san.mtx,1.245954
280,1301_G22.mtx,0.343338
281,0140_bcsstk01.mtx,0.068515
282,0983_adder_trans_02.mtx,2.246115
283,1074_swang2.mtx,0.190417
284,2540_pkustk04.mtx,18.476016
285,2204_nj2010.mtx,0.325537
286,0233_fs_183_6.mtx,0.181164
287,0694_bfwb782.mtx,0.354495
288,1321_Alemdar.mtx,0.036394
289,1716_TSOPF_FS_b9_c6.mtx,39.266427
290,1171_bayer07.mtx,0.905682
291,2735_germany_osm.mtx,0.877592
292,1899_sinc12.mtx,2.800987
293,2164_c-64.mtx,39.456308
294,2417_mixtank_new.mtx,3.867997
295,0174_can_61.mtx,0.093039
296,2641_gupta3.mtx,90.114482
297,0639_fpga_dcop_07.mtx,0.251438
298,0969_CAG_mat364.mtx,2.393264
299,2664_fullb.mtx,39.642964
300,2278_ex11.mtx,20.743799
301,0888_adder_dcop_48.mtx,2.209824
302,2738_dielFilterV2clx.mtx,2.432799
303,1139_email-Eu-core-temporal.mtx,1.39731
304,1533_kineticBatchReactor_5.mtx,13.446249
305,0562_pde900.mtx,0.249163
306,0222_ck104.mtx,0.148837
307,2728_CoupCons3D.mtx,39.410513
308,1199_c-23.mtx,1.787096
309,1999_nemeth09.mtx,30.206744
310,0050_GD95_b.mtx,0.00224
311,1108_G36.mtx,0.394966
312,1429_ex10hs.mtx,3.971262
313,2295_az2010.mtx,0.219694
314,2150_rgg_n_2_16_s0.mtx,0.18636
315,0162_bcsstm20.mtx,0.014058
316,0441_lshp_406.mtx,0.234293
317,2709_human_gene2.mtx,6.380087
318,0621_dynamicSoaringProblem_1.mtx,0.635809
319,0084_pores_1.mtx,0.022968
320,1772_ca-CondMat.mtx,0.033611
321,2630_Ge99H100.mtx,7.131802
322,0542_nos2.mtx,0.290651
323,2045_nemeth13.mtx,44.765038
324,1689_cavity21.mtx,10.216056
325,1545_jan99jac040.mtx,0.403996
326,0076_bcsstm05.mtx,0.003873
327,2131_mt2010.mtx,0.288192
328,0290_oscil_dcop_25.mtx,0.064179
329,0605_spaceStation_3.mtx,0.396969
330,2549_TSOPF_RS_b678_c1.mtx,10.815185
331,0737_reorientation_1.mtx,1.465689
332,0169_lns_131.mtx,0.051508
333,1825_ABACUS_shell_ld.mtx,0.338107
334,1230_G60.mtx,0.013496
335,2638_CurlCurl_2.mtx,3.858795
336,1367_circuit_3.mtx,2.757944
337,1275_G6.mtx,0.924624
338,2387_bbmat.mtx,29.206513
339,2202_TSC_OPF_300.mtx,105.253073
340,0160_bcspwr03.mtx,0.03623
341,2125_TSOPF_FS_b162_c1.mtx,103.565552
342,2743_F1.mtx,10.456377
343,1912_Na5.mtx,6.20527
344,2128_c-69.mtx,2.632025
345,2807_Long_Coup_dt0.mtx,31.509406
346,0331_oscil_dcop_48.mtx,0.075439
347,0618_bcspwr06.mtx,0.133528
348,1743_c-48.mtx,1.211382
349,0497_qh882.mtx,0.130172
350,1278_G9.mtx,0.955742
351,0977_Erdos972.mtx,0.025323
352,0138_tub100.mtx,0.036138
353,1091_bcsstk10.mtx,2.66737
354,0193_will199.mtx,0.035447
355,1022_reorientation_2.mtx,4.105195
356,1054_G46.mtx,0.544399
357,1302_p2p-Gnutella04.mtx,0.042805
358,2597_marine1.mtx,3.181048
359,0887_adder_dcop_29.mtx,2.183719
360,1823_ABACUS_shell_md.mtx,0.337284
361,0124_dwt_66.mtx,0.027443
362,0119_mesh1em1.mtx,0.038133
363,2217_c-71.mtx,2.003138
364,0325_oscil_dcop_08.mtx,0.070879
365,1974_c-53.mtx,24.060891
366,2353_sparsine.mtx,0.050799
367,1038_spaceStation_11.mtx,0.86601
368,1819_jan99jac100.mtx,0.461083
369,0833_M80PI_n.mtx,0.193604
370,2704_af_shell1.mtx,37.800029
371,1080_bcsstk34.mtx,3.559298
372,2588_Goodwin_127.mtx,19.775486
373,2605_shipsec8.mtx,33.120755
374,2436_gupta1.mtx,15.903468
375,0739_cavity03.mtx,1.483204
376,0446_problem1.mtx,0.198344
377,0436_fs_680_3.mtx,0.141155
378,2794_Hook_1498.mtx,13.207558
379,1073_lshp3025.mtx,0.633543
380,2566_ecology2.mtx,3.899703
381,0039_bcsstm02.mtx,0.001784
382,1799_g7jac060sc.mtx,0.306588
383,2741_CurlCurl_4.mtx,3.622971
384,2589_pre2.mtx,5.653248
385,2420_TSC_OPF_1047.mtx,246.604968
386,2805_channel-500x100x100-b050.mtx,4.54561
387,1404_kineticBatchReactor_3.mtx,7.591634
388,1259_lhr02.mtx,1.385739
389,1195_freeFlyingRobot_7.mtx,1.606101
390,2435_144.mtx,0.080911
391,1351_barth(0).mtx,0.025944
392,1566_garon1.mtx,2.015681
393,1271_dynamicSoaringProblem_8.mtx,4.762097
394,2070_c-67b.mtx,13.574419
395,1986_g7jac100.mtx,0.340986
396,2745_adaptive.mtx,1.981082
397,0513_bfwa398.mtx,0.376364
398,1174_fd12.mtx,0.313208
399,2570_tmt_sym.mtx,3.885185
400,0910_adder_dcop_12.mtx,2.158223
401,0260_impcol_e.mtx,0.112049
402,2484_roadNet-PA.mtx,0.752862
403,1215_rajat03.mtx,0.188553
404,2810_nlpkkt120.mtx,7.583066
405,0319_oscil_dcop_27.mtx,0.073295
406,1642_g7jac040.mtx,0.288958
407,1222_poli_large.mtx,0.232071
408,1290_spaceShuttleEntry_4.mtx,6.455215
409,0529_young3c.mtx,0.242744
410,0505_west0989.mtx,0.159471
411,0234_fs_183_1.mtx,0.178
412,0897_adder_dcop_26.mtx,2.101783
413,0613_tols2000.mtx,0.481189
414,2348_nemeth25.mtx,158.334002
415,2167_pf2177(0).mtx,0.817999
416,2649_atmosmodm.mtx,2.723584
417,2609_nd6k.mtx,70.537117
418,0165_lesmis.mtx,0.094215
419,0571_nos7.mtx,0.311779
420,0337_oscil_dcop_40.mtx,0.067895
421,0137_olm100.mtx,0.031758
422,2490_net150.mtx,5.68494
423,2251_cont-300.mtx,4.021368
424,2034_rajat15.mtx,1.205225
425,2508_Chevron3.mtx,6.542985
426,1383_cryg10000.mtx,0.753951
427,1178_c-22.mtx,1.059961
428,1641_mark3jac040sc.mtx,0.208288
429,1276_G10.mtx,0.921539
430,1490_nopoly.mtx,0.340075
431,0073_GD99_c.mtx,0.0045
432,1531_lock2232.mtx,8.036294
433,1927_crystm02.mtx,3.577409
434,1457_bcsstk14.mtx,5.362083
435,0210_gre_216b.mtx,0.068523
436,0303_oscil_dcop_47.mtx,0.06973
437,1027_ODLIS.mtx,0.032542
438,1031_bcsstk09.mtx,1.680876
439,0516_saylr3.mtx,0.1908
440,0761_mahindas.mtx,0.330334
441,0560_bcsstk02.mtx,3.782842
442,2656_mycielskian15.mtx,10.414258
443,1132_spaceStation_14.mtx,1.030423
444,0460_bfwb398.mtx,0.242347
445,1182_ACTIVSg2000.mtx,0.084867
446,1140_G55.mtx,0.011201
447,2325_heart1.mtx,84.752716
448,1785_delaunay_n15.mtx,0.803846
449,0720_bcsstk19.mtx,0.59451
450,2255_smallworld.mtx,1.002451
451,0028_Tina_DisCog.mtx,0.005908
452,1630_vsp_p0291_seymourl_iiasa.mtx,0.089175
453,1859_cond-mat-2003.mtx,0.16063
454,1120_ex29.mtx,0.893062
455,2427_sme3Db.mtx,0.249661
456,1854_ca-HepPh.mtx,0.404055
457,2305_msc10848.mtx,24.752451
458,0407_ch5-5-b3.mtx,0.109714
459,2672_CurlCurl_3.mtx,3.894252
460,2329_ga2010.mtx,0.277069
461,1678_Wordnet3.mtx,0.322994
462,0690_orsirr_2.mtx,0.314187
463,0401_mhdb416.mtx,0.282835
464,0087_GD98_b.mtx,0.007357
465,1898_raefsky1.mtx,20.810834
466,0831_dw2048.mtx,0.418733
467,0313_oscil_dcop_18.mtx,0.072881
468,1109_G40.mtx,0.403707
469,2158_thermomech_TC.mtx,0.129092
470,0099_d_dyn1.mtx,0.011927
471,2168_G2_circuit.mtx,1.890855
472,1507_c-37.mtx,1.499014
473,2587_largebasis.mtx,9.526065
474,0598_SmaGri.mtx,0.070225
475,2441_exdata_1.mtx,319.872365
476,1737_bayer04.mtx,1.843648
477,1287_nasa1824.mtx,2.662585
478,0950_Trefethen_700.mtx,0.947571
479,0364_dwt_209.mtx,0.178251
480,1991_delaunay_n16.mtx,2.042447
481,2051_rajat18.mtx,6.035072
482,2248_pkustk01.mtx,12.417332
483,2519_s3dkt3m2.mtx,81.549625
484,0118_mesh1e1.mtx,0.0385
485,0294_oscil_dcop_11.mtx,0.064824
486,2606_boneS01.mtx,32.202505
487,1055_G45.mtx,0.533883
488,0976_orsreg_1.mtx,0.424571
489,1549_utm5940.mtx,3.358722
490,0450_Erdos991.mtx,0.263547
491,1661_cvxqp3.mtx,0.539053
492,2139_g7jac160sc.mtx,0.346145
493,1659_foldoc.mtx,0.178614
494,0217_lop163.mtx,0.097243
495,1670_jan99jac060sc.mtx,0.418357
496,1143_TSOPF_FS_b9_c1.mtx,6.939982
497,1313_cage9.mtx,0.705882
498,2138_g7jac160.mtx,0.346008
499,0752_lung1.mtx,0.353341
500,1834_lowThrust_11.mtx,36.625651
501,1102_ex22.mtx,3.287791
502,1753_jan99jac080sc.mtx,0.450865
503,1013_dwt_992.mtx,2.016559
504,0033_GD95_a.mtx,0.001667
505,1098_saylr4.mtx,0.370984
506,0623_rajat19.mtx,0.46369
507,2528_xenon2.mtx,6.400351
508,0517_steam1.mtx,0.736714
509,1543_lhr04c.mtx,4.141457
510,2147_heart2.mtx,97.794423
511,0361_shl_200.mtx,0.035823
512,2498_pkustk08.mtx,8.695476
513,0671_fpga_dcop_12.mtx,0.25214
514,2533_barrier2-9.mtx,0.473993
515,1253_wb-cs-stanford.mtx,1.013487
516,2077_ford2.mtx,1.869504
517,1701_mplate.mtx,3.116912
518,0477_bcsstk20.mtx,0.356047
519,2182_lhr34.mtx,13.606419
520,1696_cavity19.mtx,10.285893
521,2761_ss.mtx,4.193528
522,1105_sherman2.mtx,2.044941
523,2419_bcsstk32.mtx,37.648166
524,0569_tumorAntiAngiogenesis_4.mtx,0.726997
525,1168_bayer06.mtx,0.871229
526,2640_gearbox.mtx,23.922229
527,2787_boneS10.mtx,29.991122
528,2057_c-66.mtx,7.309107
529,2021_ncvxqp5.mtx,1.133392
530,2407_conf5_4-8x8-15.mtx,18.161106
531,0363_CSphd.mtx,0.014317
532,1179_ca-GrQc.mtx,0.032282
533,1292_G29.mtx,0.340657
534,0414_lund_a.mtx,0.555936
535,1821_lowThrust_8.mtx,36.770787
536,0780_diag.mtx,0.222494
537,1558_fv2.mtx,2.080861
538,1949_graham1.mtx,12.693122
539,1341_nopss_11k.mtx,0.400844
540,0929_freeFlyingRobot_2.mtx,0.670427
541,1231_G61.mtx,0.013483
542,2036_ex40.mtx,15.122412
543,0805_iprob.mtx,9.897858
544,1891_mark3jac100sc.mtx,0.851826
545,2822_Bump_2911.mtx,14.805388
546,1142_dwt_2680.mtx,0.817912
547,2231_sx-superuser.mtx,0.102621
548,1926_cegb2919.mtx,33.466667
549,2290_struct3.mtx,25.764087
550,1994_nemeth02.mtx,29.982674
551,2116_finan512.mtx,1.521308
552,0103_GD96_c.mtx,0.017231
553,1614_mhd4800a.mtx,8.930074
554,2601_TEM152078.mtx,10.417804
555,2531_barrier2-11.mtx,0.474648
556,1613_c-41.mtx,3.995123
557,0863_adder_dcop_19.mtx,2.138245
558,1628_barth5(0).mtx,0.200305
559,1235_bips98_606.mtx,0.35769
560,1040_wang2.mtx,0.697747
561,1914_lhr14c.mtx,10.118233
562,0754_dwt_878.mtx,0.593604
563,2504_m14b.mtx,0.124519
564,2145_ex3sta1(0).mtx,3.903677
565,2403_loc-Gowalla.mtx,0.216074
566,1316_dw8192.mtx,0.819286
567,1560_t2d_q4.mtx,2.112003
568,0998_spaceStation_5.mtx,0.776921
569,2162_Pres_Poisson.mtx,18.998152
570,1119_hydr1c.mtx,0.376035
571,1348_g7jac020sc.mtx,0.308256
572,2496_cnr-2000.mtx,6.007303
573,1356_bcsstm39.mtx,0.140246
574,1936_fe_body.mtx,1.793773
575,1682_c-39.mtx,7.452351
576,0658_fpga_dcop_41.mtx,0.248127
577,1242_soc-sign-bitcoin-otc.mtx,0.146681
578,2237_wa2010.mtx,0.230609
579,1671_aft02.mtx,4.90857
580,1042_ex21.mtx,2.919134
581,1166_mhd4800b.mtx,1.474695
582,1789_obstclae.mtx,1.688021
583,1938_shallow_water2.mtx,1.347091
584,2782_dielFilterV2real.mtx,2.240755
585,1554_kineticBatchReactor_8.mtx,15.073084
586,0227_GD00_c.mtx,0.034473
587,2697_af_4_k101.mtx,41.66786
588,0891_adder_dcop_59.mtx,2.14944
589,1244_c-24.mtx,1.899537
590,0091_can_62.mtx,0.016117
591,0773_G34.mtx,0.214047
592,0909_adder_dcop_55.mtx,2.11622
593,0971_uk.mtx,0.161783
594,1193_plbuckle.mtx,3.382788
595,2374_Zd_Jac6.mtx,12.641374
596,1209_reorientation_3.mtx,6.748076
597,0262_S10PI_n1.mtx,0.036237
598,2767_inline_1.mtx,14.893816
599,2577_Chebyshev4.mtx,11.214346
600,1952_gyro_m.mtx,0.751052
601,0681_fpga_dcop_27.mtx,0.250788
602,1173_G62.mtx,0.468619
603,0201_bwm200.mtx,0.055649
604,0648_fpga_dcop_50.mtx,0.248787
605,1077_circuit_2.mtx,3.261153
606,2674_hugetrace-00000.mtx,0.646199
607,0292_oscil_dcop_14.mtx,0.070879
608,1778_mult_dcop_01.mtx,9.34276
609,0008_b1_ss.mtx,0.001138
610,0952_Kohonen.mtx,0.037446
611,2133_rajat16.mtx,6.388743
612,0403_netz4504_dual.mtx,0.124414
613,2721_M6.mtx,0.346616
614,0986_hangGlider_2.mtx,4.180544
615,2491_pkustk03.mtx,31.381776
616,0329_oscil_dcop_34.mtx,0.070109
617,1896_g7jac080.mtx,0.323757
618,1411_c-32.mtx,17.142183
619,1347_g7jac020.mtx,0.311584
620,1586_linverse.mtx,2.286589
621,1939_lpl1.mtx,0.425933
622,2210_g7jac200.mtx,0.342146
623,1684_ACTIVSg10K.mtx,0.189459
624,0919_adder_dcop_45.mtx,2.177289
625,0653_fpga_dcop_43.mtx,0.252822
626,1798_c-51.mtx,2.512774
627,1632_c-42.mtx,12.528055
628,1224_gemat12.mtx,0.212897
629,0869_adder_dcop_57.mtx,2.148191
630,1421_bcsstk27.mtx,7.800075
631,2349_nemeth26.mtx,157.877869
632,1161_qc324.mtx,11.79308
633,2561_s3dkq4m2.mtx,101.871885
634,0933_G53.mtx,0.409696
635,2002_mark3jac140.mtx,0.908723
636,1869_tandem_vtx.mtx,0.908294
637,1996_nemeth06.mtx,30.252302
638,2292_xenon1.mtx,5.959478
639,1680_bodyy6.mtx,1.522244
640,1016_rbsa480.mtx,1.168676
641,1676_c-46.mtx,7.077206
642,1831_lowThrust_9.mtx,36.954615
643,2378_fem_filter.mtx,11.144532
644,1679_mycielskian11.mtx,8.017689
645,1783_skirt.mtx,2.521823
646,2532_barrier2-12.mtx,0.474205
647,0662_fpga_dcop_33.mtx,0.254196
648,1004_ukerbe1.mtx,0.168345
649,1584_epb1.mtx,1.312262
650,1314_Lederberg.mtx,0.041645
651,0683_fpga_dcop_17.mtx,0.256285
652,1151_cz2548.mtx,0.87145
653,0640_fpga_dcop_06.mtx,0.249684
654,2148_heart3.mtx,97.280069
655,1048_spaceStation_9.mtx,1.07661
656,1668_memplus.mtx,4.451129
657,0488_dwt_346.mtx,0.366274
658,2160_Zd_Jac3_db.mtx,12.82353
659,0802_EPA.mtx,0.056845
660,2048_c-59.mtx,1.531169
661,2234_kim1.mtx,21.671176
662,1018_add20.mtx,0.619663
663,1122_geom.mtx,0.042918
664,1310_bips98_1142.mtx,0.386039
665,1299_G31.mtx,0.338495
666,2190_vsp_mod2_pgp2_slptsk.mtx,0.452506
667,2456_nv1.mtx,0.11192
668,0964_power.mtx,0.048301
669,2081_e40r0100.mtx,8.875508
670,2176_g7jac180sc.mtx,0.342864
671,0744_jagmesh3.mtx,0.364051
672,2483_stomach.mtx,1.74721
673,1057_G57.mtx,0.372093
674,0429_rdb450.mtx,0.192206
675,2759_3Dspectralwave.mtx,2.094512
676,1444_barth5.mtx,0.45122
677,0377_mesh3em5.mtx,0.1678
678,1472_ex14.mtx,3.268402
679,1840_mark3jac080.mtx,0.215593
680,0126_GD97_a.mtx,0.021056
681,0906_adder_dcop_33.mtx,2.11986
682,0692_fs_760_1.mtx,0.228697
683,1162_ex2.mtx,7.093103
684,0063_bcsstm04.mtx,0.003034
685,2645_shipsec5.mtx,27.886389
686,2391_Goodwin_071.mtx,21.961344
687,1893_t520.mtx,21.30462
688,1856_ACTIVSg70K.mtx,0.955799
689,1667_ri2010.mtx,0.060554
690,1112_G42.mtx,0.417834
691,0680_fpga_dcop_15.mtx,0.248787
692,2437_il2010.mtx,0.278262
693,1058_sherman3.mtx,0.389512
694,0679_fpga_dcop_16.mtx,0.249451
695,2806_Long_Coup_dt6.mtx,31.508551
696,1964_HEP-th-new.mtx,0.024792
697,2585_Hamrle3.mtx,2.706136
698,2243_pcrystk02.mtx,31.022491
699,2130_nemeth17.mtx,75.106567
700,0226_nos1.mtx,0.071672
701,0846_email.mtx,0.398693
702,1929_usroads-48.mtx,0.335208
703,0550_b_dyn.mtx,0.156048
704,0985_Erdos982.mtx,0.025715
705,1350_eurqsa.mtx,0.430685
706,0898_adder_dcop_25.mtx,2.14944
707,1860_astro-ph.mtx,0.146771
708,1519_cavity12.mtx,5.757105
709,1646_de2010.mtx,0.058994
710,1777_mult_dcop_03.mtx,9.379536
711,1660_bodyy4.mtx,1.721774
712,1064_CollegeMsg.mtx,0.571074
713,2279_vsp_finan512_scagr7-2c_rlfddd.mtx,0.209462
714,0286_oscil_dcop_43.mtx,0.069355
715,1521_aug2d.mtx,0.596124
716,0706_jagmesh1.mtx,0.373709
717,2362_d_pretok.mtx,3.572221
718,1263_t2dal_a.mtx,1.064542
719,0724_spaceShuttleEntry_1.mtx,0.952756
720,2096_c-68.mtx,1.171389
721,1894_bcsstk16.mtx,20.5922
722,1164_zenios.mtx,1.196379
723,2592_consph.mtx,24.531681
724,2694_af_0_k101.mtx,41.670695
725,1916_c-61.mtx,2.812595
726,2516_mycielskian14.mtx,10.266932
727,0092_dwt_72.mtx,0.0178
728,1319_utm3060.mtx,1.832753
729,1409_TSOPF_RS_b9_c6.mtx,0.900037
730,0032_jgl009.mtx,0.006597
731,2180_Baumann.mtx,5.021382
732,0350_M10PI_n.mtx,0.040143
733,0875_adder_dcop_60.mtx,2.089902
734,0749_fpga_trans_01.mtx,0.315184
735,0904_adder_dcop_30.mtx,2.163274
736,0108_cat_ears_2_1.mtx,0.012529
737,0972_steam2.mtx,2.313209
738,1372_mimo28x28_system.mtx,0.419083
739,2598_NACA0015.mtx,0.347133
740,2737_delaunay_n22.mtx,2.076635
741,1311_mbeause.mtx,5.297008
742,0200_cage6.mtx,0.10177
743,2677_crankseg_2.mtx,19.306199
744,0834_S80PI_n.mtx,0.196483
745,0592_tumorAntiAngiogenesis_8.mtx,0.935282
746,0868_adder_dcop_16.mtx,2.108977
747,2058_c-66b.mtx,7.336778
748,2006_c-55.mtx,1.176866
749,0312_oscil_dcop_02.mtx,0.070492
750,1266_dynamicSoaringProblem_7.mtx,4.992774
751,1295_G28.mtx,0.341625
752,2323_li.mtx,14.619632
753,0456_S20PI_n.mtx,0.069055
754,1803_TSOPF_RS_b162_c1.mtx,2.665653
755,1565_p2p-Gnutella30.mtx,0.190906
756,1370_mimo46x46_system.mtx,0.580362
757,0476_bcsstm23.mtx,0.087056
758,2047_g7jac120.mtx,0.34359
759,0840_lshp1561.mtx,0.451209
760,1873_ex19.mtx,8.287437
761,1862_wing.mtx,0.102095
762,0332_oscil_dcop_50.mtx,0.071271
763,1719_hangGlider_4.mtx,24.462806
764,0745_Chem97ZtZ.mtx,0.424391
765,2555_thread.mtx,30.222158
766,1528_aug2dc.mtx,0.58226
767,0307_oscil_dcop_26.mtx,0.069355
768,1921_crystk01.mtx,16.94387
769,0409_bcsstk05.mtx,0.48424
770,2357_pkustk09.mtx,29.401578
771,0961_Pd.mtx,0.211971
772,1773_wiki-RfA.mtx,0.038064
773,1250_dynamicSoaringProblem_4.mtx,4.548736
774,2313_in2010.mtx,0.304714
775,0614_freeFlyingRobot_1.mtx,0.378206
776,0336_oscil_dcop_07.mtx,0.070492
777,0047_GD02_a.mtx,0.011209
778,2373_ny2010.mtx,0.298966
779,1690_cavity25.mtx,10.24587
780,2689_TSOPF_RS_b2383_c1.mtx,9.337671
781,1131_bcsstm34.mtx,4.510147
782,1981_c-56.mtx,6.11381
783,2526_laminar_duct3D.mtx,28.208788
784,2056_std1_Jac2_db.mtx,12.674005
785,0966_radfr1.mtx,1.018988
786,0356_GD96_a.mtx,0.012117
787,1705_ted_B.mtx,7.655578
788,1188_data.mtx,1.227106
789,1880_enron.mtx,0.38985
790,1033_eris1176.mtx,4.630433
791,0467_dwt_361.mtx,0.339822
792,0606_dwt_592.mtx,0.399404
793,0043_jgl011.mtx,0.014056
794,2308_std1_Jac2.mtx,9.563305
795,0651_fpga_dcop_46.mtx,0.256285
796,2117_3D_28984_Tetra.mtx,2.622294
797,2450_poisson3Db.mtx,0.037131
798,1574_hangGlider_3.mtx,21.133279
799,2580_para-7.mtx,0.720619
800,1241_reorientation_5.mtx,7.789440
801,1034_lhr01.mtx,1.097636
802,0256_arc130.mtx,0.405893
803,1972_RFdevice.mtx,1.394247
804,0579_cdde1.mtx,0.269612
805,1748_mark3jac060.mtx,0.214326
806,2698_af_1_k101.mtx,41.706168
807,1374_zeros_nopss_13k.mtx,0.579721
808,0902_adder_dcop_24.mtx,2.192785
809,0420_dw256B.mtx,0.202951
810,2211_ms2010.mtx,0.303479
811,0932_G51.mtx,0.409120
812,1262_t2dal.mtx,1.056079
813,0582_cdde6.mtx,0.268035
814,1463_p2p-Gnutella24.mtx,0.152454
815,0273_gre_343.mtx,0.067857
816,0858_adder_dcop_07.mtx,2.258115
817,0946_cryg2500.mtx,0.400957
818,2376_venkat25.mtx,18.990165
819,1956_mark3jac120.mtx,0.907949
820,1424_bayer03.mtx,1.233852
821,0540_young2c.mtx,0.251434
822,0800_tols4000.mtx,0.508020
823,1433_whitaker3.mtx,0.691968
824,2321_hvdc2.mtx,2.672566
825,0044_Ragusa16.mtx,0.011012
826,2503_amazon0505.mtx,0.245079
827,1895_g7jac080sc.mtx,0.322434
828,2485_cfd2.mtx,6.995834
829,2708_af_shell4.mtx,37.619268
830,0408_poisson2D.mtx,0.160185
831,0341_oscil_dcop_41.mtx,0.080124
832,2780_ldoor.mtx,35.430197
833,2026_FEM_3D_thermal1.mtx,12.733341
834,2473_filter3D.mtx,0.177126
835,2583_para-10.mtx,0.721034
836,2603_pkustk13.mtx,10.983172
837,1546_G64.mtx,0.030911
838,1334_mycielskian10.mtx,5.480172
839,0577_cdde5.mtx,0.195872
840,1909_OPF_6000.mtx,3.495081
841,1037_spaceStation_8.mtx,0.978365
842,0479_utm300.mtx,0.410940
843,1135_airfoil1.mtx,0.209383
844,1476_ex37.mtx,3.878866
845,1612_ford1.mtx,0.631211
846,1467_c-36.mtx,5.035627
847,0713_bcspwr09.mtx,0.034652
848,2463_pkustk06.mtx,25.192459
849,1979_vsp_model1_crew1_cr42_south31.mtx,10.203423
850,0570_tumorAntiAngiogenesis_7.mtx,0.727663
851,0669_fpga_dcop_35.mtx,0.254196
852,2009_mycielskian12.mtx,9.497492
853,2228_fe_tooth.mtx,1.442996
854,0232_fs_183_4.mtx,0.180363
855,1104_mhd1280b.mtx,4.500390
856,1466_c-30.mtx,26.637138
857,1497_FA.mtx,0.023605
858,2537_iChem_Jacobian.mtx,3.994025
859,0620_S40PI_n.mtx,0.116193
860,0458_orbitRaising_1.mtx,0.222947
861,1028_spaceStation_7.mtx,0.926079
862,0552_fs_541_2.mtx,0.267226
863,2212_soc-sign-epinions.mtx,0.087400
864,1068_bcsstm35.mtx,0.290056
865,1298_G26.mtx,0.339657
866,0655_fpga_dcop_47.mtx,0.268805
867,1765_wang4.mtx,1.298379
868,1218_cavity06.mtx,3.434529
869,1059_shyy41.mtx,0.420882
870,0430_rdb450l.mtx,0.194719
871,0726_ukerbe1_dual.mtx,0.046007
872,1141_G56.mtx,0.011191
873,0278_nnc261.mtx,0.146328
874,2557_t2em.mtx,3.026674
875,2275_TSOPF_RS_b39_c30.mtx,6.597630
876,1626_as-caida.mtx,0.221513
877,2581_para-6.mtx,0.718607
878,1580_rdist1.mtx,5.269746
879,0661_fpga_dcop_34.mtx,0.267269
880,0208_adjnoun.mtx,0.147270
881,0682_fpga_dcop_28.mtx,0.267269
882,1438_G58.mtx,0.037848
883,0667_fpga_dcop_48.mtx,0.255585
884,0693_fs_760_2.mtx,0.240108
885,0025_Tina_DisCal.mtx,0.004444
886,0324_oscil_dcop_52.mtx,0.066495
887,0743_west2021.mtx,0.251974
888,1762_t2dah_a.mtx,4.329727
889,1703_shock-9.mtx,1.202195
890,0170_dwt_87.mtx,0.070944
891,1640_mark3jac040.mtx,0.208597
892,2505_GaAsH6.mtx,16.361473
893,1770_Goodwin_023.mtx,9.833762
894,1515_cavity13.mtx,6.005831
895,2718_fem_hifreq_circuit.mtx,4.757617
896,0873_adder_dcop_69.mtx,2.199308
897,2383_crystk03.mtx,34.480190
898,0362_west0497.mtx,0.075013
899,2065_soc-sign-Slashdot081106.mtx,0.046919
900,0131_bfwb62.mtx,0.037571
901,0930_DK01R.mtx,1.746985
902,1238_freeFlyingRobot_8.mtx,2.034933
903,1837_man_5976.mtx,15.637228
904,0074_d_ss.mtx,0.010361
905,0925_extr1b.mtx,0.266153
906,1308_ex27.mtx,5.918904
907,2523_barrier2-2.mtx,0.430743
908,2722_StocF-1465.mtx,2.537184
909,0634_gre_1107.mtx,0.238235
910,1249_G66.mtx,0.544423
911,0541_young4c.mtx,0.240831
912,2449_rma10.mtx,35.669081
913,1585_cond-mat.mtx,0.164415
914,0774_G33.mtx,0.266667
915,1159_bcsstk21.mtx,0.776556
916,1274_G7.mtx,0.935351
917,2031_cont-201.mtx,1.951675
918,2572_Si34H36.mtx,6.252669
919,0895_adder_dcop_21.mtx,2.192785
920,0161_rw136.mtx,0.030431
921,2194_m133-b3.mtx,0.467757
922,1207_dynamicSoaringProblem_3.mtx,4.334187
923,1934_pwt(0).mtx,2.102403
924,1360_rajat06.mtx,0.204420
925,2659_bmw3_2.mtx,31.623731
926,0209_robot.mtx,0.078092
927,2455_vsp_msc10848_300sep_100in_1Kout.mtx,0.171298
928,2382_pcrystk03.mtx,34.572507
929,0225_CAG_mat72.mtx,0.236842
930,0271_rajat05.mtx,0.085976
931,1961_ncvxbqp1.mtx,1.146741
932,1277_G5.mtx,0.923128
933,0676_fpga_dcop_01.mtx,0.265750
934,0533_tub1000.mtx,0.280211
935,2233_NotreDame_www.mtx,3.138245
936,1470_bips07_2476.mtx,0.475524
937,0770_olm2000.mtx,0.432054
938,1482_dtoc.mtx,0.740397
939,0920_adder_dcop_50.mtx,2.223112
940,2032_TEM27623.mtx,1.372515
941,2004_nemeth10.mtx,31.150441
942,2434_matrix_9.mtx,6.428674
943,2282_bcsstk37.mtx,40.753113
944,2127_bcsstk29.mtx,24.819393
945,2222_sc2010.mtx,0.247036
946,2406_conf5_4-8x8-20.mtx,17.802165
947,2679_3Dspectralwave2.mtx,2.094475
948,0211_gre_216a.mtx,0.063757
949,1998_nemeth08.mtx,30.280464
950,1884_s2rmq4m1.mtx,23.534859
951,2663_pwtk.mtx,55.354059
952,1980_ecl32.mtx,0.674480
953,2293_bcsstk31.mtx,18.522188
954,0321_oscil_dcop_06.mtx,0.080124
955,2049_vsp_c-60_data_cti_cs4.mtx,1.414269
956,1524_c-31.mtx,6.391917
957,0127_GD98_c.mtx,0.014824
958,1191_LeGresley_4908.mtx,0.124582
959,0250_football(0).mtx,0.174305
960,1761_t2dah.mtx,4.336242
961,1183_rdb5000.mtx,0.734795
962,1788_torsion1.mtx,1.699692
963,1698_cca.mtx,0.780949
964,1072_sherman5.mtx,0.908153
965,2335_rgg_n_2_17_s0.mtx,0.105877
966,0159_mycielskian6.mtx,0.114061
967,0435_Harvard500.mtx,0.256185
968,0923_ex32.mtx,0.847176
969,1836_lowThrust_13.mtx,37.489136
970,2080_c-58.mtx,1.436001
971,0202_rajat11.mtx,0.082416
972,1635_vsp_data_and_seymourl.mtx,0.164617
973,1766_dictionary28.mtx,0.530839
974,2682_memchip.mtx,2.034286
975,1286_jan99jac020sc.mtx,0.305413
976,1441_crack.mtx,0.168056
977,2366_mo2010.mtx,0.313188
978,0941_rdb2048_noL.mtx,0.596034
979,2410_conf6_0-8x8-20.mtx,17.787340
980,2189_ma2010.mtx,0.289188
981,1589_as-22july06.mtx,0.358553
982,0508_bcsstm24.mtx,0.084810
983,0691_fs_760_3.mtx,0.237150
984,1954_onetone1.mtx,0.412049
985,2469_matrix-new_3.mtx,2.882542
986,2451_TSOPF_FS_b162_c4.mtx,227.085699
987,0645_fpga_dcop_08.mtx,0.267109
988,0404_celegansneural.mtx,0.213887
989,1688_cavity26.mtx,10.480352
990,2088_c-62ghs.mtx,1.534151
991,1474_flowmeter5.mtx,0.476430
992,2294_tn2010.mtx,0.280261
993,1844_lhr10.mtx,8.854911
994,0417_dw256A.mtx,0.172709
995,1851_igbt3.mtx,0.491916
996,1092_bcsstm10.mtx,2.958361
997,1392_cz5108.mtx,1.149412
998,0644_fpga_dcop_09.mtx,0.266370
999,1297_G25.mtx,0.344034
1000,0339_oscil_dcop_35.mtx,0.080625
1001,1943_Chevron1.mtx,3.855270
1002,1332_fd15.mtx,0.384367
1003,1888_vsp_sctap1-2b_and_seymourl.mtx,0.242842
1004,0461_can_256.mtx,0.350436
1005,2457_tsyl201.mtx,24.285175
1006,0718_can_715.mtx,0.508076
1007,1227_reorientation_4.mtx,7.880408
1008,1419_c-33.mtx,5.660199
1009,2022_wy2010.mtx,0.279199
1010,0261_M10PI_n1.mtx,0.037796
1011,1616_cz10228.mtx,1.594474
1012,1542_lhr04.mtx,4.178937
1013,1650_conf5_0-4x4-26.mtx,6.557912
1014,2575_F2.mtx,11.260816
1015,1530_ex12.mtx,3.993893
1016,2126_TSOPF_RS_b162_c3.mtx,5.351744
1017,2471_pct20stif.mtx,33.262311
1018,1485_bloweybq.mtx,26.055781
1019,0892_adder_dcop_63.mtx,2.187595
1020,2546_t3dh_e.mtx,2.760328
1021,0794_dwt_1005.mtx,0.571246
1022,1617_shuttle_eddy.mtx,1.808269
1023,2688_TSOPF_RS_b2383.mtx,9.340739
1024,0305_oscil_dcop_42.mtx,0.070492
1025,0493_bp_0.mtx,0.091039
1026,0510_bcsstm21.mtx,0.081818
1027,1181_msc01050.mtx,2.493013
1028,0486_G13.mtx,0.195420
1029,0279_rajat14.mtx,0.405785
1030,1371_ww_vref_6405.mtx,0.416867
1031,2360_dblp-2010.mtx,1.169187
1032,0994_Erdos992.mtx,0.025152
1033,2084_Trefethen_20000.mtx,7.155759
1034,1795_chem_master1.mtx,2.584528
1035,0213_polbooks.mtx,0.134089
1036,0717_m3plates.mtx,0.115461
1037,2020_ted_A.mtx,24.746666
1038,2693_hugetric-00000.mtx,0.704802
1039,1966_a0nsdsil.mtx,19.596876
1040,1532_lowThrust_3.mtx,12.924948
1041,0917_adder_dcop_41.mtx,2.178572
1042,1254_Chebyshev3.mtx,0.583871
1043,1967_bcsstk38.mtx,17.330422
1044,1525_pesa.mtx,0.515786
1045,0943_can_1054.mtx,0.633967
1046,0729_can_634.mtx,0.607656
1047,0240_saylr1.mtx,0.100000
1048,0795_lshp1270.mtx,0.419549
1049,1736_OPF_3754.mtx,2.980275
1050,0663_fpga_dcop_02.mtx,0.246168
1051,1780_c-50.mtx,4.250344
1052,2225_ar2010.mtx,0.307221
1053,1133_mcfe.mtx,2.594795
1054,1239_rail_5177.mtx,0.387801
1055,1697_rail_20209.mtx,0.536477
1056,0308_oscil_dcop_45.mtx,0.071271
1057,1518_cavity15.mtx,5.809923
1058,1885_s1rmq4m1.mtx,23.744481
1059,2492_delaunay_n19.mtx,1.992907
1060,1517_cavity11.mtx,5.798102
1061,0975_yeast.mtx,0.077545
1062,1594_msc04515.mtx,6.007706
1063,0042_rgg010.mtx,0.015768
1064,1029_mhd3200b.mtx,1.195898
1065,2795_Geo_1438.mtx,13.467064
1066,2569_mono_500Hz.mtx,0.467200
1067,2625_ship_003.mtx,27.817318
1068,1733_lhr07.mtx,6.071821
1069,2653_Si87H76.mtx,3.688844
1070,1303_G67.mtx,0.562390
1071,0061_ibm32.mtx,0.011356
1072,1925_bcsstm36.mtx,9.814233
1073,1923_rgg_n_2_15_s0.mtx,0.375333
1074,2676_italy_osm.mtx,1.089331
1075,1329_freeFlyingRobot_13.mtx,2.573316
1076,2134_rajat17.mtx,6.378969
1077,2707_af_shell3.mtx,37.769782
1078,0748_fpga_trans_02.mtx,0.309596
1079,2720_rajat31.mtx,1.201690
1080,1721_bloweya.mtx,4.355205
1081,0164_west0167.mtx,0.022694
1082,0818_G18.mtx,0.382383
1083,2513_ifiss_mat.mtx,7.694646
1084,0576_Trefethen_300.mtx,0.596211
1085,1955_HEP-th.mtx,0.024961
1086,2363_Zd_Jac2.mtx,11.142176
1087,1971_c-65.mtx,3.572884
1088,0649_fpga_dcop_32.mtx,0.251462
1089,0282_cz148.mtx,0.167934
1090,0526_ck656.mtx,0.382554
1091,1493_EX3(0).mtx,1.341505
1092,0059_GlossGT.mtx,0.002762
1093,2347_nemeth23.mtx,162.746309
1094,0841_rotor2.mtx,0.603371
1095,0105_GD99_b.mtx,0.020750
1096,0454_Trefethen_200b.mtx,0.415751
1097,0630_jazz.mtx,1.200612
1098,0338_oscil_dcop_44.mtx,0.067539
1099,1103_sstmodel.mtx,0.539061
1100,1002_bcsstm37.mtx,0.161434
1101,0660_fpga_dcop_40.mtx,0.249451
1102,0502_hangGlider_1.mtx,0.528236
1103,0960_bcsstk08.mtx,1.354871
1104,1931_EAT_SR.mtx,0.030691
1105,2322_pli.mtx,14.579013
1106,2661_kim2.mtx,14.607955
1107,1095_lock_700.mtx,3.447706
1108,1023_lshp2614.mtx,0.593222
1109,1026_spiral.mtx,2.926580
1110,0503_dwt_193.mtx,0.675663
1111,1281_G3.mtx,0.932136
1112,0652_fpga_dcop_44.mtx,0.251462
1113,0135_GD06_theory.mtx,0.062615
1114,0304_oscil_dcop_10.mtx,0.070879
1115,0115_curtis54.mtx,0.033215
1116,2181_lhr34c.mtx,13.430782
1117,0349_dwt_221.mtx,0.158201
1118,0474_can_268.mtx,0.354640
1119,1958_vibrobox.mtx,1.621620
1120,2494_amazon0312.mtx,0.228343
1121,1793_jnlbrng1.mtx,2.053377
1122,1948_me2010.mtx,0.380988
1123,1405_shermanACd.mtx,0.193751
1124,1577_fxm3_6(0).mtx,4.274415
1125,1573_big.mtx,0.393448
1126,1483_ex20.mtx,5.062015
1127,2394_cfd1.mtx,3.322243
1128,2319_raefsky4.mtx,33.877948
1129,0521_bp_200.mtx,0.080592
1130,0463_qh768.mtx,0.115093
1131,1134_delaunay_n12.mtx,0.366648
1132,2236_net50.mtx,5.055950
1133,0612_nos5.mtx,0.485717
1134,2025_bcsstk17.mtx,19.437937
1135,0381_bcsstm26.mtx,0.048050
1136,1752_jan99jac080.mtx,0.448334
1137,2477_thermomech_dK.mtx,1.648802
1138,2050_af23560.mtx,15.631712
1139,1965_cit-HepTh.mtx,0.024783
1140,0844_filter2D.mtx,0.358830
1141,1597_se.mtx,0.888241
1142,1811_g3rmt3m3.mtx,16.823780
1143,2560_apache2.mtx,2.870835
1144,1872_airfoil_2d.mtx,0.317951
1145,1025_freeFlyingRobot_4.mtx,0.971618
1146,0323_oscil_dcop_31.mtx,0.070879
1147,1797_c-52.mtx,2.732692
1148,1414_ex10.mtx,3.554393
1149,2244_crystk02.mtx,30.838644
1150,1764_wang3.mtx,1.280290
1151,0814_G21.mtx,0.372203
1152,1280_G2.mtx,0.943361
1153,0006_mycielskian3.mtx,0.000702
1154,1691_cavity24.mtx,10.336363
1155,2632_thermal2.mtx,0.869394
1156,0231_pde225.mtx,0.079578
1157,0320_oscil_dcop_04.mtx,0.062927
1158,0924_watt_1.mtx,0.582311
1159,1946_ckt11752_dc_1.mtx,5.536809
1160,2518_smt.mtx,15.637517
1161,1282_G1.mtx,0.925081
1162,0509_dwt_419.mtx,0.279389
1163,1509_cegb3306.mtx,4.684217
1164,1177_spaceShuttleEntry_3.mtx,5.017607
1165,0812_G15.mtx,0.388024
1166,0395_tols340.mtx,0.384812
1167,0520_sherman4.mtx,0.238643
1168,1418_Goodwin_013.mtx,6.132967
1169,0926_extr1.mtx,0.268112
1170,2200_nemeth19.mtx,113.936806
1171,2229_soc-Slashdot0811.mtx,0.070578
1172,1919_Goodwin_030.mtx,14.211078
1173,0373_rw496.mtx,0.088086
1174,1710_bauru5727.mtx,1.073146
1175,0884_adder_dcop_39.mtx,2.191485
1176,0899_adder_dcop_15.mtx,2.097014
1177,2445_ASIC_680ks.mtx,1.695728
1178,1512_ex13.mtx,6.137367
1179,1905_c-60.mtx,2.340845
1180,2579_para-9.mtx,0.719163
1181,0109_GD97_b.mtx,0.044073
1182,1315_dw4096.mtx,0.806896
1183,2102_ASIC_100ks.mtx,1.397744
1184,0204_dwt_234.mtx,0.062667
1185,0511_L.mtx,0.110362
1186,0697_jpwh_991.mtx,0.149291
1187,0721_orsirr_1.mtx,0.320655
1188,2472_ct20stif.mtx,33.446240
1189,1358_meg4.mtx,1.396639
1190,2556_tmt_unsym.mtx,2.922284
1191,1983_lhr17c.mtx,11.141102
1192,1552_kineticBatchReactor_7.mtx,14.349956
1193,2291_nemeth21.mtx,153.058876
1194,2221_HTC_336_9129.mtx,7.605617
1195,1663_c-43.mtx,27.485757
1196,0893_adder_dcop_64.mtx,2.150690
1197,2262_gyro_k.mtx,8.572890
1198,2426_pa2010.mtx,0.324660
1199,0585_mycielskian8.mtx,1.121126
1200,0156_GD97_c.mtx,0.006112
1201,1213_ex4.mtx,2.016730
1202,2815_ML_Geer.mtx,39.240627
1203,0357_shl_0.mtx,0.035163
1204,2254_preferentialAttachment.mtx,0.021033
1205,1379_delaunay_n13.mtx,0.441724
1206,2622_TEM181302.mtx,9.960285
1207,0642_fpga_dcop_10.mtx,0.238362
1208,2062_t3dl.mtx,2.290428
1209,0866_adder_dcop_51.mtx,2.174727
1210,0882_adder_dcop_38.mtx,2.127178
1211,1366_mhd1280a.mtx,7.013327
1212,1781_CAG_mat1916.mtx,2.797262
1213,0152_bfwa62.mtx,0.062295
1214,0874_adder_dcop_17.mtx,2.122294
1215,1706_ted_B_unscaled.mtx,7.983921
1216,1268_poli3.mtx,0.153894
1217,2019_ted_A_unscaled.mtx,24.461063
1218,2511_ca2010.mtx,0.215092
1219,2479_ramage02.mtx,33.674899
1220,2727_333SP.mtx,0.519656
1221,2487_belgium_osm.mtx,0.884506
1222,2757_dielFilterV3clx.mtx,4.237945
1223,1718_bcsstk18.mtx,2.635332
1224,2371_turon_m.mtx,2.585386
1225,0351_S10PI_n.mtx,0.039028
1226,0492_nos6.mtx,0.206601
1227,2482_srb1.mtx,65.199038
1228,0300_oscil_dcop_29.mtx,0.070109
1229,1516_cavity14.mtx,6.005831
1230,0953_cz1268.mtx,0.860323
1231,0316_oscil_dcop_05.mtx,0.070492
1232,2175_g7jac180.mtx,0.342982
1233,2266_torso2.mtx,4.633844
1234,1330_freeFlyingRobot_16.mtx,2.936670
1235,1279_G8.mtx,0.930055
1236,1828_s1rmt3m1.mtx,17.694432
1237,0473_str_200.mtx,0.231973
1238,2797_Serena.mtx,12.776319
1239,0901_adder_dcop_46.mtx,2.123513
1240,0938_G50.mtx,0.314754
1241,2122_rajat20.mtx,6.366313
1242,0764_epb0.mtx,0.276426
1243,2538_debr.mtx,4.055397
1244,2339_598a.mtx,0.057289
1245,1150_email-Eu-core.mtx,1.304474
1246,1935_pwt(1).mtx,2.055291
1247,1977_k3plates.mtx,15.303913
1248,1020_spaceStation_6.mtx,0.961620
1249,1619_wiki-Vote.mtx,0.085375
1250,2411_conf5_4-8x8-10.mtx,17.795809
1251,1623_crystm01.mtx,2.369323
1252,2370_av41092.mtx,3.470180
1253,0714_orbitRaising_2.mtx,0.518558
1254,1695_cavity17.mtx,10.275858
1255,1380_tuma2.mtx,0.560501
1256,2393_ASIC_320ks.mtx,1.878059
1257,0988_Sieber.mtx,10.557182
1258,1214_plat1919.mtx,1.414204
1259,1622_nasa4704(0).mtx,5.485757
1260,2612_cage13.mtx,1.420761
1261,0322_oscil_dcop_46.mtx,0.070109
1262,2520_s4dkt3m2.mtx,78.956174
1263,0438_fs_680_2.mtx,0.156333
1264,1318_freeFlyingRobot_12.mtx,2.788404
1265,2739_asia_osm.mtx,1.069834
1266,1652_conf5_0-4x4-18.mtx,6.480599
1267,1086_c-19.mtx,0.968771
1268,2309_mac_econ_fwd500.mtx,0.670830
1269,1422_mark3jac020.mtx,0.182770
1270,0451_west0655.mtx,0.134120
1271,0334_oscil_dcop_53.mtx,0.070492
1272,0186_gent113.mtx,0.042324
1273,0685_fpga_dcop_18.mtx,0.246168
1274,0134_can_73.mtx,0.038471
1275,1849_lhr11.mtx,7.527662
1276,2285_msc23052.mtx,20.489277
1277,1915_lhr14.mtx,10.140570
1278,0914_adder_dcop_34.mtx,2.192785
1279,2283_bcsstk36.mtx,36.687583
1280,1148_lns_3937.mtx,0.620244
1281,2223_tube1.mtx,32.792559
1282,2352_lhr71.mtx,16.587013
1283,1933_pwt.mtx,2.074906
1284,2163_c-64b.mtx,39.452456
1285,0695_dwt_758.mtx,0.474357
1286,1101_c-20.mtx,0.997854
1287,2302_twotone.mtx,0.865778
1288,2563_netherlands_osm.mtx,0.650211
1289,2303_mn2010.mtx,0.326804
1290,1021_Si2.mtx,1.110777
1291,1902_Reuters911.mtx,0.588691
1292,2550_TSOPF_FS_b300_c1.mtx,314.125389
1293,1763_t2dah_e.mtx,4.278297
1294,2091_patents_main.mtx,0.111359
1295,2475_helm2d03.mtx,1.558959
1296,2333_std1_Jac3.mtx,11.779448
1297,1729_hangGlider_5.mtx,25.692510
1298,2013_cz40948.mtx,2.825802
1299,0657_fpga_dcop_31.mtx,0.252140
1300,0270_can_161.mtx,0.218491
1301,0291_oscil_dcop_57.mtx,0.062621
1302,2240_scircuit.mtx,1.304611
1303,2039_epb3.mtx,2.126145
1304,2095_g7jac140.mtx,0.338178
1305,1892_mark3jac100.mtx,0.850346
1306,1384_mbeaflw.mtx,7.457888
1307,2261_gyro.mtx,8.556411
1308,2112_LeGresley_87936.mtx,1.066813
1309,2544_pdb1HYS.mtx,45.632332
1310,1426_rdist2.mtx,2.620384
1311,1402_ex3.mtx,4.053782
1312,1203_commanche_dual.mtx,0.220000
1313,1126_lshp3466.mtx,0.664466
1314,0215_spaceStation_1.mtx,0.148461
1315,0659_fpga_dcop_42.mtx,0.250118
1316,0553_fs_541_4.mtx,0.268368
1317,1377_bips07_1693.mtx,0.410557
1318,1861_benzene.mtx,2.680990
1319,0052_Hamrle1.mtx,0.006533
1320,1117_spaceStation_13.mtx,0.990372
1321,0722_lshp1009.mtx,0.367773
1322,0687_fpga_dcop_22.mtx,0.246818
1323,2416_TSOPF_FS_b39_c19.mtx,165.361899
1324,0629_netscience.mtx,0.233448
1325,2012_sd2010.mtx,0.440016
1326,2152_nemeth18.mtx,79.486785
1327,1739_hvdc1.mtx,0.910621
1328,1523_ex28.mtx,6.006454
1329,0144_impcol_c.mtx,0.022333
1330,2696_af_3_k101.mtx,41.907372
1331,0619_M40PI_n.mtx,0.122907
1332,0003_mycielskian2.mtx,0.000067
1333,1165_3elt.mtx,0.195637
1334,1963_poisson3Da.mtx,0.029898
1335,1984_lhr17.mtx,11.216177
1336,0771_bwm2000.mtx,0.293321
1337,2512_oilpan.mtx,50.874684
1338,2702_af_shell8.mtx,37.808181
1339,1082_utm1700b.mtx,1.319086
1340,1674_bodyy5.mtx,1.571323
1341,1857_luxembourg_osm.mtx,0.474594
1342,1937_shallow_water1.mtx,1.347091
1343,0388_Trefethen_150.mtx,0.303565
1344,1950_ct2010.mtx,0.328336
1345,0277_can_187.mtx,0.177812
1346,0176_08blocks.mtx,0.023287
1347,1228_bcsstk11.mtx,3.255830
1348,2365_2cubes_sphere.mtx,0.212282
1349,1484_aug3d.mtx,0.606308
1350,0673_fpga_dcop_11.mtx,0.250118
1351,1553_c-44.mtx,1.347541
1352,2024_helm3d01.mtx,0.295957
1353,1107_barth4.mtx,0.403245
1354,0870_adder_dcop_66.mtx,2.123513
1355,2141_wv2010.mtx,0.260416
1356,2631_torso1.mtx,222.696778
1357,1014_Erdos02.mtx,0.050664
1358,1229_bcsstk12.mtx,3.225402
1359,0080_can_24.mtx,0.025143
1360,1822_ak2010.mtx,0.048544
1361,0894_adder_dcop_65.mtx,2.155706
1362,2317_SiO.mtx,7.666031
1363,0031_GD98_a.mtx,0.003626
1364,2007_c-57.mtx,38.306785
1365,0302_oscil_dcop_19.mtx,0.070492
1366,1639_CurlCurl_0.mtx,2.180780
1367,2703_af_shell6.mtx,37.826827
1368,1621_nasa4704.mtx,5.392183
1369,2439_pkustk05.mtx,13.838890
1370,1322_rajat01.mtx,3.550400
1371,2542_gupta2.mtx,15.858313
1372,1167_bayer08.mtx,0.886321
1373,2648_atmosmodl.mtx,2.726229
1374,1992_nemeth04.mtx,30.610155
1375,2611_bmw7st_1.mtx,38.674126
1376,0852_init_adder1.mtx,2.154888
1377,0015_Tina_AskCal.mtx,0.002167
1378,1791_SiNa.mtx,3.591115
1379,2101_ncvxqp7.mtx,0.864552
1380,1320_Kaufhold.mtx,0.087209
1381,1867_TSOPF_RS_b39_c7.mtx,3.023851
1382,0859_adder_dcop_10.mtx,2.184868
1383,2260_olafu.mtx,45.172215
1384,1570_orani678.mtx,6.094602
1385,1551_biplane-9.mtx,0.752202
1386,0219_grid1.mtx,0.054797
1387,0203_bcsstm19.mtx,0.017761
1388,2196_Chevron2.mtx,6.303535
1389,1440_crack_dual.mtx,0.457539
1390,0883_adder_dcop_36.mtx,2.178572
1391,2206_nm2010.mtx,0.243185
1392,0062_bcspwr01.mtx,0.009392
1393,1598_fe_sphere.mtx,0.438169
1394,1096_ex33.mtx,1.551995
1395,1841_ex35.mtx,5.608517
1396,1605_LF10000.mtx,1.248145
1397,0384_mesh2em5.mtx,0.167561
1398,1647_bcsstk15.mtx,6.328726
1399,0475_cage7.mtx,0.286074
1400,1557_fv3.mtx,2.083654
1401,2474_windtunnel_evap3d.mtx,2.971172
1402,2683_pkustk14.mtx,19.237796
1403,0347_bcspwr05.mtx,0.043894
1404,2642_pattern1.mtx,2.829792
1405,0940_rdb2048.mtx,0.574316
1406,2534_cant.mtx,34.977802
1407,0102_Sandi_authors.mtx,0.020068
1408,0434_Erdos971.mtx,0.236636
1409,1526_cegb3024.mtx,5.175529
1410,1664_hi2010.mtx,0.080828
1411,2576_para-4.mtx,0.684861
1412,1338_bips98_1450.mtx,0.400217
1413,0392_west0381.mtx,0.121931
1414,0011_cage3.mtx,0.002542
1415,2140_c-70.mtx,2.627919
1416,1145_shermanACa.mtx,0.097852
1417,0689_fpga_dcop_30.mtx,0.251462
1418,1503_poli4.mtx,0.114359
1419,2666_Hardesty1.mtx,6.292515
1420,1547_G63.mtx,0.031009
1421,0095_GD02_b.mtx,0.009596
1422,0822_pores_2.mtx,0.447557
1423,0813_G17.mtx,0.369701
1424,0559_ex1.mtx,0.835809
1425,0819_G14.mtx,0.368088
1426,2213_ss1.mtx,1.096258
1427,2686_Si41Ge41H72.mtx,10.479850
1428,0514_stufe.mtx,0.110265
1429,0936_G48.mtx,0.291793
1430,0665_fpga_dcop_24.mtx,0.250788
1431,2421_cage12.mtx,0.754394
1432,0548_USAir97.mtx,0.915680
1433,2446_vanbody.mtx,31.559170
1434,0857_adder_dcop_06.mtx,2.180920
1435,2219_sme3Da.mtx,0.461294
1436,0896_adder_dcop_28.mtx,2.128403
1437,1758_nasa2910(0).mtx,17.663429
1438,0885_adder_dcop_42.mtx,2.133316
1439,0223_SmallW.mtx,0.037866
1440,0175_impcol_a.mtx,0.027000
1441,2413_trdheim.mtx,88.169421
1442,0765_orbitRaising_4.mtx,0.488493
1443,1714_p2p-Gnutella31.mtx,0.214983
1444,1305_freeFlyingRobot_11.mtx,2.457523
1445,2054_nemeth14.mtx,54.395686
1446,2332_bcsstk35.mtx,41.717109
1447,0057_football.mtx,0.003811
1448,0928_watt_2.mtx,0.550779
1449,1988_garon2.mtx,2.309502
1450,2331_vfem.mtx,3.611850
1451,0245_ww_36_pmec_36.mtx,0.269826
1452,0515_sherman1.mtx,0.184020
1453,1700_stokes64.mtx,3.356148
1454,2481_TSOPF_RS_b300_c2.mtx,9.847192
1455,1326_c-29.mtx,2.007413
1456,2448_fl2010.mtx,0.230966
1457,1237_cell2.mtx,0.810765
1458,2554_tx2010.mtx,0.254565
1459,2428_bcsstk39.mtx,47.155524
1460,1291_freeFlyingRobot_9.mtx,2.268542
1461,2706_af_shell2.mtx,37.635419
1462,2784_af_shell10.mtx,29.202593
1463,0581_cdde3.mtx,0.245102
1464,1477_mhd3200a.mtx,5.522393
1465,0823_rajat04.mtx,1.842399
1466,0183_GD01_Acap.mtx,0.016541
1467,0719_EVA.mtx,0.022611
1468,0182_bcsstk03.mtx,0.079484
1469,2724_hugetric-00020.mtx,0.368426
1470,1887_chipcool1.mtx,0.047016
1471,2634_TSOPF_RS_b678_c2.mtx,11.727334
1472,0355_494_bus.mtx,0.040689
1473,0112_will57.mtx,0.029645
1474,0110_dwt_59.mtx,0.025515
1475,2423_water_tank.mtx,6.407603
1476,0587_bp_1200.mtx,0.059847
1477,2527_roadNet-TX.mtx,0.744027
1478,0306_oscil_dcop_20.mtx,0.069730
1479,2199_TSOPF_RS_b162_c4.mtx,6.029537
1480,2633_TSOPF_FS_b300_c2.mtx,325.605525
1481,2123_rajat25.mtx,6.291808
1482,1951_Kuu.mtx,21.956243
1483,2245_nemeth20.mtx,118.554663
1484,1987_nmos3.mtx,0.409485
1485,2454_net4-1.mtx,2.243781
1486,1675_rajat10.mtx,0.742085
1487,1375_mimo8x8_system.mtx,0.406098
1488,0096_cage5.mtx,0.031624
1489,2001_mark3jac140sc.mtx,0.903789
1490,0647_fpga_dcop_26.mtx,0.251462
1491,1204_p2p-Gnutella05.mtx,0.036808
1492,0776_GD06_Java.mtx,0.141046
1493,0369_tumorAntiAngiogenesis_1.mtx,0.385697
1494,1556_kineticBatchReactor_9.mtx,14.549291
1495,1261_t2dal_bci.mtx,1.052732
1496,2586_roadNet-CA.mtx,0.802023
1497,0346_oscil_trans_01.mtx,0.077171
1498,1672_aug3dcqp.mtx,0.776446
1499,2375_venkat50.mtx,18.922221
1500,0575_bp_1000.mtx,0.061114
1501,0907_adder_dcop_02.mtx,2.138251
1502,1172_bayer05.mtx,0.854832
1503,1732_lhr07c.mtx,5.924880
1504,1219_cavity05.mtx,3.434529
1505,0856_rajat02.mtx,1.180713
1506,2654_hood.mtx,31.874558
1507,2595_Ga10As10H30.mtx,8.127530
1508,0527_lshp_577.mtx,0.238586
1509,0750_dwt_918.mtx,0.476794
1510,0827_S80PI_n1.mtx,0.211281
1511,2369_ns3Da.mtx,0.253463
1512,1720_pds10.mtx,1.214447
1513,2143_Zd_Jac2_db.mtx,11.634374
1514,1495_ex18.mtx,2.210349
1515,0048_Stranke94.mtx,0.020769
1516,2771_RM07R.mtx,22.602095
1517,2712_Freescale1.mtx,1.614901
1518,1435_meg1.mtx,2.337548
1519,0045_LF10.mtx,0.009432
1520,0881_adder_dcop_20.mtx,2.140727
1521,0094_GD96_d.mtx,0.007525
1522,0276_bcsstm11.mtx,0.038260
1523,0483_cz308.mtx,0.274326
1524,0850_adder_dcop_04.mtx,2.185891
1525,1756_bratu3d.mtx,0.856665
1526,2286_denormal.mtx,6.397648
1527,0617_lshp_778.mtx,0.344919
1528,1323_freeFlyingRobot_14.mtx,2.677318
1529,2690_great-britain_osm.mtx,0.942289
1530,0490_bibd_81_2.mtx,0.077143
1531,0915_adder_dcop_40.mtx,2.185009
1532,1294_G30.mtx,0.341030
1533,0428_S20PI_n1.mtx,0.067665
1534,0184_GD01_a.mtx,0.017146
1535,2524_barrier2-4.mtx,0.430045
1536,1413_p2p-Gnutella25.mtx,0.150152
1537,1522_c-38.mtx,2.440163
1538,2615_web-BerkStan.mtx,3.868536
1539,0546_b2_ss.mtx,0.155441
1540,1089_bcsstm13.mtx,2.078238
1541,2671_BenElechi1.mtx,64.569952
1542,2461_power9.mtx,3.285603
1543,1843_lhr10c.mtx,8.778707
1544,2178_copter2(0).mtx,0.621679
1545,2306_al2010.mtx,0.214350
1546,0426_can_292.mtx,0.255067
1547,0903_adder_dcop_27.mtx,2.183719
1548,1735_g7jac050sc.mtx,0.300639
1549,1382_c-25.mtx,2.805384
1550,1156_barth.mtx,0.043183
1551,1711_shermanACb.mtx,0.182844
1552,1603_rajat27.mtx,2.903889
1553,0864_adder_dcop_13.mtx,2.156945
1554,2768_PFlow_742.mtx,14.312105
1555,1666_aft01.mtx,4.501943
1556,0194_rotor1.mtx,0.107211
1557,0113_GD95_c.mtx,0.031870
1558,0670_fpga_dcop_38.mtx,0.238025
1559,2495_3dtube.mtx,29.064766
1560,0077_karate.mtx,0.023086
1561,2288_viscorocks.mtx,30.857224
1562,0315_oscil_dcop_37.mtx,0.070492
1563,1960_cvxbqp1.mtx,1.142785
1564,0038_Ragusa18.mtx,0.005398
1565,2567_ecology1.mtx,3.890899
1566,0280_mycielskian7.mtx,0.349222
1567,1212_Goodwin_010.mtx,3.328313
1568,0809_jagmesh9.mtx,0.382759
1569,0081_bcspwr02.mtx,0.012913
1570,0314_oscil_dcop_56.mtx,0.068617
1571,1767_t60k.mtx,0.899613
1572,0963_USpowerGrid.mtx,0.048739
1573,1886_chipcool0.mtx,0.047016
1574,2074_apache1.mtx,2.666033
1575,1910_waveguide3D.mtx,0.031843
1576,2652_bmwcra_1.mtx,20.918984
1577,2497_Goodwin_095.mtx,18.804266
1578,2719_msdoor.mtx,31.669937
1579,2655_ohne2.mtx,2.260644
1580,0224_gre_185.mtx,0.077903
1581,2675_rgg_n_2_20_s0.mtx,0.316320
1582,0734_rdb1250l.mtx,0.377233
1583,2409_conf5_4-8x8-05.mtx,17.692626
1584,0333_oscil_dcop_55.mtx,0.071667
1585,2061_t3dl_a.mtx,2.284030
1586,2734_human_gene1.mtx,4.388387
1587,2033_2D_27628_bjtcai.mtx,8.445449
1588,2120_vsp_bump2_e18_aa01_model1_crew1.mtx,0.225495
1589,0376_mesh3e1.mtx,0.165592
1590,1687_cavity16.mtx,10.336363
1591,1541_kineticBatchReactor_6.mtx,14.495334
1592,0981_mycielskian9.mtx,2.479339
1593,0836_SciMet.mtx,0.027731
1594,0958_freeFlyingRobot_3.mtx,0.644347
1595,0600_S40PI_n1.mtx,0.137196
1596,2404_Zd_Jac3.mtx,14.250746
1597,2169_id2010.mtx,0.254553
1598,2599_delaunay_n20.mtx,2.057011
1599,1053_G47.mtx,0.526651
1600,0650_fpga_dcop_51.mtx,0.250118
1601,0821_jagmesh4.mtx,0.451546
1602,1782_vsp_befref_fxm_2_4_air02.mtx,4.530459
1603,2465_cop20k_A.mtx,1.257877
1604,0999_lshp2233.mtx,0.540301
1605,2636_atmosmodd.mtx,2.602500
1606,2340_raefsky3.mtx,152.971332
1607,2820_Cube_Coup_dt6.mtx,35.527658
1608,1200_c-27.mtx,1.041704
1609,1412_ex7.mtx,5.540882
1610,2744_cage14.mtx,1.328878
1611,1754_SiH4.mtx,3.761353
1612,1005_nos3.mtx,1.843241
1613,2573_amazon-2008_weighted.mtx,0.879847
1614,2643_m_t1.mtx,41.585848
1615,0959_rajat12.mtx,3.213024
1616,0264_impcol_d.mtx,0.066292
1617,2667_halfb.mtx,42.406321
1618,1838_onetone2.mtx,0.564077
1619,1226_gemat11.mtx,0.211619
1620,1393_n3c6-b7.mtx,0.666947
1621,1602_ex9.mtx,8.512651
1622,1368_PGPgiantcompo.mtx,0.043836
1623,2326_va2010.mtx,0.253494
1624,2268_case39.mtx,152.393796
1625,0595_plsk1919.mtx,0.082938
1626,2179_Andrews.mtx,0.032267
1627,0573_rdb800l.mtx,0.292497
1628,1456_fd18.mtx,0.567932
1629,0703_lowThrust_1.mtx,0.684241
1630,1428_whitaker3_dual.mtx,0.470165
1631,0918_adder_dcop_43.mtx,2.174727
1632,1044_coater1.mtx,0.940085
1633,1258_reorientation_7.mtx,8.794136
1634,1462_c-34.mtx,2.929587
1635,2111_bcsstk33.mtx,17.776731
1636,0584_hor_131.mtx,0.444211
1637,0311_oscil_dcop_36.mtx,0.070492
1638,2590_Ga3As3H12.mtx,17.498419
1639,2522_barrier2-1.mtx,0.429816
1640,1738_bcsstk24.mtx,15.012463
1641,1775_Ill_Stokes.mtx,0.026321
1642,2464_net125.mtx,5.072414
1643,2079_soc-sign-Slashdot090221.mtx,0.046858
1644,0410_lund_b.mtx,0.552879
1645,2763_packing-500x100x100-b050.mtx,3.162553
1646,2801_bone010.mtx,32.370512
1647,0688_fpga_dcop_23.mtx,0.250788
1648,1111_G35.mtx,0.411433
1649,0913_adder_dcop_14.mtx,2.133316
1650,2525_barrier2-3.mtx,0.430145
1651,2356_mi2010.mtx,0.354697
1652,0235_fs_183_3.mtx,0.182789
1653,2713_circuit5M_dc.mtx,2.031620
1654,0636_spaceStation_2.mtx,0.677704
1655,2380_crashbasis.mtx,8.502799
1656,1070_p2p-Gnutella08.mtx,0.040375
1657,2381_majorbasis.mtx,8.504685
1658,1078_bayer09.mtx,0.586530
1659,1269_reorientation_8.mtx,8.801638
1660,1866_bcsstk25.mtx,5.120401
1661,2372_gas_sensor.mtx,2.429571
1662,2705_af_shell5.mtx,37.611197
1663,0945_delaunay_n11.mtx,0.302528
1664,1137_ex25.mtx,3.043359
1665,0239_rdb200.mtx,0.100571
1666,0890_adder_dcop_54.mtx,2.101783
1667,1397_ca-HepTh.mtx,0.027318
1668,0602_Roget.mtx,0.073906
1669,0684_fpga_dcop_20.mtx,0.254196
1670,1581_bayer10.mtx,1.209330
1671,0554_fs_541_1.mtx,0.275430
1672,0383_olm500.mtx,0.133983
1673,2700_af_shell7.mtx,37.815171
1674,2499_nd3k.mtx,73.148824
1675,0839_dwg961b.mtx,0.792042
1676,1548_rajat08.mtx,0.259247
1677,1759_c-45.mtx,36.124170
1678,2174_olesnik0.mtx,3.011892
1679,2144_cbuckle.mtx,32.109383
1680,1995_nemeth05.mtx,32.502957
1681,2716_hugetric-00010.mtx,0.368876
1682,0593_bp_1400.mtx,0.056459
1683,1976_bcircuit.mtx,1.602147
1684,1032_Chebyshev2.mtx,0.515988
1685,2613_pkustk12.mtx,19.088876
1686,2552_TSOPF_RS_b300_c3.mtx,10.080015
1687,1848_lhr11c.mtx,8.304909
1688,1202_p2p-Gnutella06.mtx,0.038351
1689,2142_Zd_Jac6_db.mtx,11.959651
1690,1693_cavity20.mtx,10.306022
1691,2059_ncvxqp3.mtx,0.955469
1692,0654_fpga_dcop_45.mtx,0.250788
1693,1342_qpband.mtx,0.502392
1694,0022_mycielskian4.mtx,0.004839
1695,0155_GD00_a.mtx,0.006458
1696,1593_comsol.mtx,1.440910
1697,0766_bcsstk07.mtx,1.256885
1698,0723_jagmesh2.mtx,0.375100
1699,0580_cdde4.mtx,0.264936
1700,1942_shyy161.mtx,1.302471
1701,0549_t2dal_e.mtx,0.096750
1702,2209_g7jac200sc.mtx,0.341637
1703,1514_cavity10.mtx,5.728175
1704,1982_viscoplastic2.mtx,1.508709
1705,0078_Trefethen_20.mtx,0.030048
1706,0905_adder_dcop_23.mtx,2.179856
1707,2384_Lin.mtx,2.056027
1708,0030_cage4.mtx,0.008540
1709,0987_blckhole.mtx,0.513000
1710,1056_olm5000.mtx,0.669222
1711,1808_coater2.mtx,4.932358
1712,1408_ncvxqp9.mtx,0.492910
1713,2783_delaunay_n23.mtx,2.047450
1714,2367_qa8fm.mtx,6.158528
1715,2257_dawson5.mtx,4.862772
1716,0310_oscil_dcop_09.mtx,0.070109
1717,1651_conf6_0-4x4-30.mtx,6.467145
1718,0796_EX2(0).mtx,0.540919
1719,0296_oscil_dcop_16.mtx,0.068617
1720,0912_adder_dcop_37.mtx,2.177289
1721,2328_nc2010.mtx,0.283031
1722,1407_ex36.mtx,2.497310
1723,0808_goddardRocketProblem_2.mtx,1.019576
1724,1809_lowThrust_6.mtx,35.443570
1725,1568_big_dual.mtx,0.348310
1726,0564_NotreDame_yeast.mtx,0.029331
1727,2530_barrier2-10.mtx,0.474908
1728,1427_MISKnowledgeMap.mtx,0.460957
1729,1008_California.mtx,0.156042
1730,0480_dwt_492.mtx,0.182711
1731,0448_lns_511.mtx,0.212590
1732,0317_oscil_dcop_03.mtx,0.067895
1733,0335_oscil_dcop_54.mtx,0.068617
1734,1561_cs4.mtx,0.122998
1735,2073_psmigr_2.mtx,5.483739
1736,1855_struct4.mtx,10.809311
1737,0244_dwt_162.mtx,0.113193
1738,0677_fpga_dcop_25.mtx,0.249451
1739,1491_L-9.mtx,0.799315
1740,2343_mosfet2.mtx,0.080840
1741,2564_kron_g500-logn16.mtx,0.601105
1742,0123_dolphins.mtx,0.040449
1743,1369_xingo_afonso_itaipu.mtx,0.577326
1744,0830_dw1024.mtx,0.420485
1745,2156_c-72.mtx,3.246303
1746,0116_west0067.mtx,0.022911
1747,1114_G41.mtx,0.445010
1748,2330_thermomech_dM.mtx,0.419074
1749,1665_vsp_c-30_data_data.mtx,26.214100
1750,0982_adder_trans_01.mtx,2.274309
1751,0295_oscil_dcop_12.mtx,0.070109
1752,0811_G19.mtx,0.383092
1753,0293_oscil_dcop_17.mtx,0.070879
1754,0328_oscil_dcop_49.mtx,0.070492
1755,2536_vsp_bcsstk30_500sep_10in_1Kout.mtx,0.013466
1756,1746_raefsky5.mtx,6.842660
1757,0656_fpga_dcop_49.mtx,0.257697
1758,1051_G43.mtx,0.517002
1759,0539_young1c.mtx,0.240831
1760,1046_g7jac010sc.mtx,0.289425
1761,0867_adder_dcop_53.mtx,2.179856
1762,1874_jan99jac120.mtx,0.466323
1763,0259_can_144.mtx,0.186475
1764,1723_cage10.mtx,0.955183
1765,2408_conf6_0-8x8-30.mtx,18.180981
1766,1653_conf5_0-4x4-22.mtx,6.599593
1767,1656_conf5_0-4x4-10.mtx,6.806281
1768,1325_ex23.mtx,3.841776
1769,1190_bcsstk26.mtx,2.073257
1770,0340_oscil_dcop_39.mtx,0.067539
1771,1694_cavity18.mtx,10.166751
1772,2063_gridgena.mtx,8.230348
1773,1997_nemeth07.mtx,30.499554
1774,2574_pkustk11.mtx,27.236303
1775,1833_lowThrust_10.mtx,37.617659
1776,2468_nasasrb.mtx,37.335052
1777,1118_hydr1.mtx,0.376035
1778,0501_pores_3.mtx,0.043196
1779,2100_thermal1.mtx,1.424446
1780,1815_lowThrust_7.mtx,37.223017
1781,0804_jagmesh6.mtx,0.466898
1782,1686_cavity23.mtx,10.407860
1783,1340_kineticBatchReactor_2.mtx,6.425250
1784,1599_coupled.mtx,0.276650
1785,1813_copter1.mtx,1.661504
1786,1447_rdist3a.mtx,4.656610
1787,1643_g7jac040sc.mtx,0.288633
1788,0828_M80PI_n1.mtx,0.217574
1789,2224_tube2.mtx,37.739923
1790,1381_ex6.mtx,4.016725
1791,2431_darcy003.mtx,0.839206
1792,1439_G59.mtx,0.037769
1793,2259_rim.mtx,20.522730
1794,1410_Zewail.mtx,0.032518
1795,0625_west1505.mtx,0.203431
1796,1692_cavity22.mtx,10.275858
1797,2337_TSOPF_RS_b300_c1.mtx,8.598798
1798,0970_spaceStation_4.mtx,0.704670
1799,0731_dwt_869.mtx,0.604486
1800,2619_CO.mtx,1.755343
1801,0070_Trefethen_20b.mtx,0.025865
1802,0506_tols1090.mtx,0.334000
1803,1555_fv1.mtx,2.123978
1804,2368_qa8fk.mtx,6.154548
1805,2265_Goodwin_054.mtx,19.227952
1806,1130_soc-sign-bitcoin-alpha.mtx,0.195356
1807,2097_sinc15.mtx,2.546532
1808,2547_t3dh_a.mtx,2.757057
1809,0532_olm1000.mtx,0.255552
1810,2623_Ge87H76.mtx,7.109677
1811,1654_conf5_0-4x4-14.mtx,6.480599
1812,1217_cavity07.mtx,3.409496
1813,0755_jagmesh7.mtx,0.438779
1814,1116_airfoil1_dual.mtx,0.109174
1815,1458_bayer02.mtx,0.488231
1816,1882_bayer01.mtx,1.551104
1817,0027_LFAT5.mtx,0.005355
1818,0216_steam3.mtx,0.196036
1819,1158_3elt_dual.mtx,0.281860
1820,0948_can_1072.mtx,0.644917
1821,1596_delaunay_n14.mtx,0.629267
1822,0849_adder_dcop_05.mtx,2.169124
1823,1810_s3rmt3m3.mtx,16.840808
1824,0815_G20.mtx,0.373516
1825,0738_cavity01.mtx,1.902506
1826,2087_c-62.mtx,1.532366
1827,1699_stokes64s.mtx,2.942665
1828,2821_Cube_Coup_dt0.mtx,35.529504
1829,1216_cavity09.mtx,3.470199
1830,2085_rajat23.mtx,3.134365
1831,2748_Fault_639.mtx,13.906092
1832,1344_bcsstk23.mtx,2.078762
1833,1745_Zhao2.mtx,1.190547
1834,2695_af_2_k101.mtx,41.649441
1835,1208_c-21.mtx,1.778376
1836,2385_oh2010.mtx,0.330721
1837,1875_jan99jac120sc.mtx,0.466544
1838,2637_Ga19As19H42.mtx,9.486188
1839,2711_Ga41As41H72.mtx,10.046571
1840,1309_barth4(0).mtx,0.735554
1841,2157_thermomech_TK.mtx,0.129086
1842,2008_light_in_tissue.mtx,3.888532
1843,0212_plskz362.mtx,0.016720
1844,2678_nd12k.mtx,69.130294
1845,2075_psmigr_1.mtx,5.506526
1846,2083_Trefethen_20000b.mtx,7.165306
1847,0955_grid2.mtx,0.212665
1848,1113_G38.mtx,0.418229
1849,0543_bp_600.mtx,0.068771
1850,0398_ash292.mtx,0.237676
1851,1826_ABACUS_shell_hd.mtx,0.337667
1852,0021_GD01_b.mtx,0.002053
1853,2035_nemeth12.mtx,43.857922
1854,0788_goddardRocketProblem_1.mtx,1.036567
1855,1842_spmsrtls.mtx,4.662759
1856,0512_bcsstk04.mtx,1.055200
1857,2514_Dubcova3.mtx,2.958882
1858,2171_TSOPF_FS_b39_c7.mtx,157.958399
1859,2341_net75.mtx,4.247639
1860,1001_bcsstm25.mtx,0.160823
1861,2215_fp.mtx,20.541420
1862,2665_troll.mtx,42.016774
1863,2432_mario002.mtx,0.843177
1864,0664_fpga_dcop_37.mtx,0.253507
1865,2069_c-67.mtx,13.382087
1866,2030_c-63.mtx,2.408363
1867,1049_spaceStation_12.mtx,0.902435
1868,1247_circuit_1.mtx,8.050832
1869,0787_Trefethen_500.mtx,0.759675
1870,0790_dwt_1007.mtx,0.708543
1871,0457_Trefethen_200.mtx,0.418607
1872,2392_TSOPF_FS_b162_c3.mtx,210.525853
1873,0878_adder_dcop_18.mtx,2.191485
1874,0889_adder_dcop_56.mtx,2.162009
1875,1035_rdb3200l.mtx,0.698100
1876,1858_sx-mathoverflow.mtx,0.115915
1877,0638_fpga_dcop_05.mtx,0.239706
1878,2300_language.mtx,0.302015
1879,1852_nh2010.mtx,0.351439
1880,0418_dwa512.mtx,0.175194
1881,2541_offshore.mtx,0.139834
1882,1595_Goodwin_017.mtx,7.088210
1883,2072_nemeth15.mtx,60.664838
1884,0066_bcsstm22.mtx,0.004246
1885,2355_delaunay_n18.mtx,2.135994
1886,1930_goodwin.mtx,12.194349
1887,2082_rail_79841.mtx,1.982760
1888,2573_amazon-2008.mtx,0.880267
1889,1300_G23.mtx,0.341575
1890,2053_lung2.mtx,2.725174
1891,0674_fpga_dcop_19.mtx,0.250788
1892,0236_bcsstm08.mtx,0.031588
1893,1724_wing_nodal.mtx,0.012406
1894,0130_chesapeake.mtx,0.081394
1895,0455_M20PI_n.mtx,0.067811
1896,1959_a2nnsnsl.mtx,15.753857
1897,2046_g7jac120sc.mtx,0.343017
1898,0359_shl_400.mtx,0.033991
1899,1779_mult_dcop_02.mtx,9.322345
1900,0877_adder_dcop_58.mtx,2.179856
1901,2692_in-2004.mtx,26.374342
1902,0851_adder_dcop_03.mtx,2.211202
1903,0762_gr_30_30.mtx,0.726882
1904,1420_bcsstm27.mtx,8.093311
1905,2346_nemeth24.mtx,154.745235
1906,2263_ia2010.mtx,0.385184
1907,0803_rail_1357.mtx,0.220973
1908,0957_lshp1882.mtx,0.504181
1909,0385_mesh2e1.mtx,0.168589
1910,1624_rajat09.mtx,0.674976
1911,2318_fe_rotor.mtx,0.346771
1912,1787_rajat22.mtx,4.076884
1913,0699_orbitRaising_3.mtx,0.438582
1914,1625_ex8.mtx,8.412162
1915,0498_dwg961a.mtx,0.205741
1916,0288_oscil_dcop_23.mtx,0.070109
1917,1499_sts4098.mtx,3.618955
1918,2635_atmosmodj.mtx,2.606876
1919,0937_G49.mtx,0.320000
1920,2086_stokes128.mtx,5.987599
1921,0668_fpga_dcop_36.mtx,0.256285
1922,2377_venkat01.mtx,18.929747
1923,0415_str_0.mtx,0.168524
1924,0872_adder_dcop_68.mtx,2.177289
1925,1897_raefsky2.mtx,21.130881
1926,0861_adder_dcop_08.mtx,2.175953
1927,2460_CurlCurl_1.mtx,6.819667
1928,2493_sme3Dc.mtx,0.196733
1929,0088_n3c6-b1.mtx,0.011351
1930,2068_std1_Jac3_db.mtx,14.598242
1931,2166_nemeth01.mtx,85.901569
1932,2246_sinc18.mtx,2.678430
1933,2220_Si10H16.mtx,5.299177
1934,2618_G3_circuit.mtx,1.519692
1935,2657_SiO2.mtx,32.389806
1936,1155_lowThrust_2.mtx,3.381548
1937,2067_ted_AB.mtx,25.366505
1938,1153_p2p-Gnutella09.mtx,0.041221
1939,1814_c-47.mtx,3.247127
1940,0366_lshp_265.mtx,0.186841
1941,2338_windscreen.mtx,34.697011
1942,1423_mark3jac020sc.mtx,0.184316
1943,1260_reorientation_6.mtx,8.149020
1944,2412_opt1.mtx,41.667345
1945,0838_bcsstm38.mtx,0.513686
1946,1283_G4.mtx,0.937574
1947,1669_jan99jac060.mtx,0.416263
1948,1744_Zhao1.mtx,1.200107
1949,1449_bips07_1998.mtx,0.650103
1950,0484_G11.mtx,0.226549
1951,0876_adder_dcop_32.mtx,2.186302
1952,1835_lowThrust_12.mtx,35.965629
1953,2553_torso3.mtx,1.996700
1954,2192_delaunay_n17.mtx,2.230791
1955,2124_rajat28.mtx,6.283972
1956,1498_nasa2146.mtx,6.091672
1957,0672_fpga_dcop_14.mtx,0.253507
1958,1115_G37.mtx,0.423597
1959,0444_Erdos981.mtx,0.255293
1960,1513_bips07_3078.mtx,0.770717
1961,2093_wathen120.mtx,8.340502
1962,1802_minsurfo.mtx,2.618600
1963,0675_fpga_dcop_03.mtx,0.252822
1964,1913_circuit_4.mtx,0.360597
1965,1804_cz20468.mtx,2.284155
1966,2195_shar_te2-b3.mtx,0.632918
1967,1252_dynamicSoaringProblem_5.mtx,4.555887
1968,0139_odepb400.mtx,0.008143
1969,1741_lowThrust_4.mtx,29.381177
1970,0700_qh1484.mtx,0.213712
1971,1065_t3dl_e.mtx,0.158444
1972,1045_g7jac010.mtx,0.288807
1973,0416_662_bus.mtx,0.069506
1974,2732_Transport.mtx,4.897841
1975,0318_oscil_dcop_30.mtx,0.069730
1976,2488_webbase-1M.mtx,4.459824
1977,0709_cz628.mtx,0.451129
1978,2010_nemeth11.mtx,31.747757
1979,0865_adder_dcop_44.mtx,2.194081
1980,0019_Tina_AskCog.mtx,0.003443
1981,1293_G24.mtx,0.340727
1982,1052_G44.mtx,0.539197
1983,0301_oscil_dcop_15.mtx,0.070109
1984,1003_dynamicSoaringProblem_2.mtx,1.952498
1985,2361_coAuthorsCiteseer.mtx,0.924264
1986,0177_nos4.mtx,0.066159
1987,1881_cegb2802.mtx,45.538486
1988,2646_x104.mtx,52.141556
1989,2188_bundle1.mtx,78.550943
1990,0757_bfwa782.mtx,0.585908
1991,1345_TS.mtx,3.299953
1992,1353_msc01440.mtx,3.599774
1993,0583_tumorAntiAngiogenesis_5.mtx,0.729423
1994,0641_circuit204.mtx,0.213169
1995,2298_wi2010.mtx,0.355532
1996,2055_fxm4_6(0).mtx,2.408612
1997,0551_fs_541_3.mtx,0.277867
1998,2173_Si5H12.mtx,4.414114
1999,1094_Hamrle2.mtx,0.497163
2000,2226_HTC_336_4438.mtx,8.918312
2001,2390_invextr1_new.mtx,5.669824
2002,0767_bcsstk06.mtx,1.344098
2003,2253_2D_54019_highK.mtx,10.125662
2004,1452_dendrimer.mtx,9.510409
2005,2510_FEM_3D_thermal2.mtx,23.431401
2006,1818_jan99jac100sc.mtx,0.460403
2007,2602_rgg_n_2_19_s0.mtx,0.465271
2008,1233_msc00726.mtx,3.709794
2009,2064_hcircuit.mtx,2.242217
2010,1508_kineticBatchReactor_4.mtx,12.962049
2011,2003_net25.mtx,2.426140
2012,0120_mesh1em6.mtx,0.038500
2013,2701_af_shell9.mtx,37.791881
2014,1075_swang1.mtx,0.189899
2015,1709_juba40k.mtx,1.009880
2016,1973_email-Enron.mtx,0.286854
2017,2545_t3dh.mtx,2.757503
2018,2114_sx-askubuntu.mtx,0.127078
2019,1747_Muu.mtx,7.241711
2020,1201_hep-th(0).mtx,0.067249
2021,0741_cavity04.mtx,1.478341
2022,1868_Dubcova1.mtx,0.916549
2023,0246_odepa400.mtx,0.074309
2024,1989_c-54.mtx,8.953980
2025,0368_can_229.mtx,0.190013
2026,0299_oscil_dcop_28.mtx,0.070879
2027,0167_ash85.mtx,0.046370
2028,2627_PR02R.mtx,30.243945
2029,0756_jagmesh8.mtx,0.383436
2030,0370_sphere3.mtx,0.179827
2031,1575_stufe-10.mtx,0.741164
2032,1618_shuttle_eddy(0).mtx,1.796274
2033,2351_lhr71c.mtx,16.595279
2034,1807_internet.mtx,0.519194
2035,1847_windtunnel_evap2d.mtx,3.471588
2036,0942_Journals.mtx,8.229741
2037,1824_ABACUS_shell_ud.mtx,0.337393
