index,mtx,cvt_time,gflops
0,1009_lp_ship12l.mtx,,3.23125
1,0637_bcspwr07.mtx,,1.71336
2,1471_thermal.mtx,,13.7792
3,2201_fe_ocean.mtx,,145.89
4,2480_Trec14.mtx,,257.701
5,1657_bloweybl.mtx,,22.0567
6,0494_str_600.mtx,,0.841121
7,0153_sphere2.mtx,,0.135279
8,2027_GT01R.mtx,,67.5891
9,0309_oscil_dcop_01.mtx,,0.463376
10,2149_TSOPF_RS_b39_c19.mtx,,136.71
11,2687_venturiLevel3.mtx,,102.386
12,1504_descriptor_xingo6u.mtx,,21.2596
13,1396_aa6.mtx,,7.24862
14,2397_com-Amazon.mtx,,111.054
15,1460_rajat07.mtx,,19.0551
16,2193_ky2010.mtx,,116.607
17,0491_685_bus.mtx,,0.975512
18,0944_grid2_dual.mtx,,3.53128
19,2132_blockqp1.mtx,,91.0993
20,0035_n3c4-b3.mtx,,0.061057
21,2749_nlpkkt80.mtx,,136.322
22,0267_n3c6-b2.mtx,,0.443449
23,0686_fpga_dcop_21.mtx,,1.79501
24,2023_loc-Brightkite.mtx,,76.556
25,0297_oscil_dcop_13.mtx,,0.479889
26,1443_viscoplastic1.mtx,,13.3391
27,0908_adder_dcop_52.mtx,,2.60031
28,0067_lpi_woodinfe.mtx,,0.0447818
29,0287_oscil_dcop_24.mtx,,0.463592
30,1562_tuma1.mtx,,24.7554
31,0824_p2756.mtx,,2.15165
32,2297_Linux_call_graph.mtx,,139.464
33,1768_brainpc2.mtx,,33.2119
34,0594_tumorAntiAngiogenesis_6.mtx,,1.14116
35,0365_tols90.mtx,,0.378705
36,2203_rel8.mtx,,20.6554
37,0879_adder_dcop_61.mtx,,2.6921
38,2422_net100.mtx,,236.687
39,1922_lp_osa_14.mtx,,36.335
40,2529_ASIC_680k.mtx,,276.404
41,0715_minnesota.mtx,,1.94459
42,2486_rgg_n_2_18_s0.mtx,,302.717
43,0068_mycielskian5.mtx,,0.142813
44,1459_car4.mtx,,18.3381
45,2825_mawi_201512020030.mtx,,82.2639
46,0666_fpga_dcop_39.mtx,,1.67708
47,2507_amazon0601.mtx,,144.268
48,2151_neos2.mtx,,136.802
49,1454_gen.mtx,,8.67035
50,1176_tomography.mtx,,4.65027
51,0763_jagmesh5.mtx,,2.1877
52,2470_GL7d23.mtx,,119.425
53,1473_flowmeter0.mtx,,18.3012
54,2089_cage11.mtx,,112.342
55,0106_bibd_9_3.mtx,,0.0711794
56,1317_Trefethen_2000.mtx,,7.77075
57,2424_bcsstk30.mtx,,291.52
58,0698_bcspwr08.mtx,,1.77993
59,2789_road_usa.mtx,,84.97
60,2184_dc2.mtx,,87.155
61,0198_can_96.mtx,,0.22368
62,1536_c-40.mtx,,20.3141
63,2177_copter2.mtx,,148.264
64,1352_IG5-12.mtx,,8.47019
65,1792_world.mtx,,50.8234
66,1715_case9.mtx,,29.8932
67,0900_adder_dcop_22.mtx,,2.60004
68,1265_GL7d12.mtx,,10.1411
69,0792_nnc1374.mtx,,2.38294
70,1600_ex15.mtx,,22.6247
71,0578_cdde2.mtx,,1.4079
72,0238_rdb200l.mtx,,0.32979
73,1185_deter5.mtx,,8.17885
74,0609_cage.mtx,,1.12866
75,0253_mk10-b1.mtx,,0.387062
76,1544_jan99jac040sc.mtx,,22.0407
77,1362_kneser_8_3_1.mtx,,13.2677
78,1829_s2rmt3m1.mtx,,36.7964
79,2099_ut2010.mtx,,86.7551
80,0789_mhda416.mtx,,1.79447
81,1805_mario001.mtx,,52.5651
82,0104_IG5-6.mtx,,0.249063
83,0622_GL6_D_7.mtx,,1.37974
84,2670_TSOPF_FS_b300_c3.mtx,,143.456
85,1192_c-28.mtx,,8.40318
86,2401_imagesensor.mtx,,272.745
87,1601_sctap1-2b.mtx,,27.4011
88,2060_soc-Epinions1.mtx,,80.6805
89,2109_mri1.mtx,,122.401
90,0187_rel5.mtx,,0.201496
91,1047_bcsstm12.mtx,,4.69921
92,1067_kineticBatchReactor_1.mtx,,4.84343
93,0447_lnsp_511.mtx,,0.806269
94,0781_poli.mtx,,2.39415
95,0984_pde2961.mtx,,4.38272
96,1288_nasa1824(0).mtx,,8.00106
97,1019_spaceStation_10.mtx,,3.91162
98,1061_rw5151.mtx,,5.93965
99,2304_mycielskian13.mtx,,140.044
100,1786_bfly.mtx,,52.0629
101,2440_H2O.mtx,,272.625
102,0082_lap_25.mtx,,0.169706
103,2750_nd24k.mtx,,147.366
104,0478_ch8-8-b1.mtx,,0.99707
105,0772_G32.mtx,,2.44026
106,0149_gre_115.mtx,,0.133919
107,1442_sit100.mtx,,17.5236
108,1527_LFAT5000.mtx,,23.9447
109,0485_G12.mtx,,0.981932
110,1163_freeFlyingRobot_6.mtx,,6.82278
111,0626_n3c6-b3.mtx,,1.64062
112,0327_oscil_dcop_33.mtx,,0.463087
113,0536_nnc666.mtx,,1.12003
114,0871_adder_dcop_67.mtx,,2.60031
115,2280_ks2010.mtx,,134.998
116,1673_lp_fit2d.mtx,,25.5873
117,0566_bp_800.mtx,,1.25556
118,0402_Chebyshev1.mtx,,0.629769
119,1251_dynamicSoaringProblem_6.mtx,,8.63639
120,2818_Flan_1565.mtx,,147.658
121,1296_G27.mtx,,7.81016
122,2264_Dubcova2.mtx,,183.625
123,0117_pivtol.mtx,,0.0978161
124,2668_delaunay_n21.mtx,,109.343
125,2584_para-5.mtx,,252.593
126,1087_bcspwr10.mtx,,6.51599
127,0258_gams30am.mtx,,0.397418
128,1136_freeFlyingRobot_5.mtx,,6.19361
129,0535_bp_400.mtx,,1.16142
130,0611_netz4504.mtx,,1.51024
131,1730_vt2010.mtx,,39.835
132,0421_dwb512.mtx,,0.751202
133,0029_bcsstm01.mtx,,0.047905
134,1417_model9.mtx,,9.74925
135,2551_TSOPF_FS_b300.mtx,,349.505
136,0504_dwt_512.mtx,,1.00957
137,1734_c-49.mtx,,38.1647
138,2301_caidaRouterLevel.mtx,,95.0568
139,2172_brack2.mtx,,140.669
140,1357_Oregon-1.mtx,,10.9998
141,0916_adder_dcop_35.mtx,,2.60062
142,0707_n4c5-b9.mtx,,1.55913
143,1186_TF14.mtx,,6.93263
144,2699_af_5_k101.mtx,,141.135
145,2760_road_central.mtx,,77.242
146,0459_wm1.mtx,,0.691534
147,0272_dwt_198.mtx,,0.406087
148,0956_lp_ship08l.mtx,,2.40284
149,2517_power197k.mtx,,235.486
150,2324_nemeth22.mtx,,214.69
151,2044_wathen100.mtx,,102.004
152,0740_cavity02.mtx,,1.43393
153,1932_EAT_RS.mtx,,55.3024
154,2459_c8_mat11.mtx,,268.218
155,0343_lpi_chemcom.mtx,,0.457441
156,0055_bcsstm03.mtx,,0.111226
157,0848_cage8.mtx,,2.77258
158,0111_ex5.mtx,,0.27647
159,1957_mark3jac120sc.mtx,,80.0418
160,1749_mark3jac060sc.mtx,,43.9132
161,0393_gas11.mtx,,0.651042
162,2310_ok2010.mtx,,125.085
163,2565_LargeRegFile.mtx,,102.23
164,2014_nv2010.mtx,,76.3165
165,1220_cavity08.mtx,,6.21383
166,1147_lnsp3937.mtx,,7.14515
167,2136_Delor64K.mtx,,138.282
168,1830_s3rmt3m1.mtx,,36.7712
169,1128_spaceShuttleEntry_2.mtx,,4.84867
170,1494_EX4(0).mtx,,11.3671
171,2660_fcondp2.mtx,,141.224
172,0427_M20PI_n1.mtx,,0.763797
173,1962_cond-mat-2005.mtx,,71.134
174,0496_lp_standgub.mtx,,0.833949
175,1505_ncvxqp1.mtx,,20.3644
176,2076_psmigr_3.mtx,,71.2563
177,0146_bcsstm06.mtx,,0.128818
178,0524_nemscem.mtx,,1.1044
179,2453_pkustk07.mtx,,284.987
180,1985_g7jac100sc.mtx,,77.2883
181,0345_bcspwr04.mtx,,0.464714
182,0853_adder_dcop_01.mtx,,2.86171
183,2433_wave.mtx,,264.36
184,2559_engine.mtx,,299.273
185,0599_M40PI_n1.mtx,,1.4445
186,0980_bibd_17_4b.mtx,,2.03077
187,2777_kron_g500-logn19.mtx,,145.357
188,0237_bcsstm09.mtx,,0.337417
189,0886_adder_dcop_47.mtx,,2.68585
190,1947_ckt11752_tr_0.mtx,,73.1749
191,2539_Delor338K.mtx,,335.035
192,2078_soc-sign-Slashdot090216.mtx,,81.7053
193,1685_raefsky6.mtx,,20.6464
194,2115_pfinan512.mtx,,130.689
195,0911_adder_dcop_31.mtx,,2.60062
196,2256_G_n_pin_pout.mtx,,128.693
197,1464_Oregon-2.mtx,,15.0964
198,2105_nemeth16.mtx,,97.6744
199,1883_s3rmq4m1.mtx,,47.2988
200,2103_crystm03.mtx,,106.718
201,1337_beause.mtx,,6.33613
202,1978_vsp_south31_slptsk.mtx,,59.0035
203,1395_lock1074.mtx,,8.65171
204,2543_pkustk10.mtx,,414.887
205,2834_uk-2002.mtx,,132.912
206,2250_la2010.mtx,,121.576
207,0354_lpi_bgdbg1.mtx,,0.51568
208,2746_ML_Laplace.mtx,,146.083
209,1012_LeGresley_2508.mtx,,4.72109
210,2000_ca-AstroPh.mtx,,64.1901
211,0643_fpga_dcop_04.mtx,,1.79991
212,2247_co2010.mtx,,115.915
213,2218_vsp_vibrobox_scagr7-2c_rlfddd.mtx,,128.309
214,0835_IG5-10.mtx,,2.27488
215,2252_kneser_10_4_1.mtx,,86.0754
216,0154_lpi_ex73a.mtx,,0.14041
217,1110_G39.mtx,,5.42995
218,0121_impcol_b.mtx,,0.0958617
219,2788_wb-edu.mtx,,110.784
220,0716_cr42.mtx,,1.85496
221,1465_fe_4elt2.mtx,,18.7913
222,1901_EX6(0).mtx,,42.5197
223,0632_lp_grow15.mtx,,1.23374
224,2129_nd2010.mtx,,104.376
225,2558_ship_001.mtx,,425.278
226,0735_rdb1250.mtx,,2.14597
227,0860_adder_dcop_09.mtx,,2.60734
228,1587_cti.mtx,,26.1564
229,1713_ccc.mtx,,39.9168
230,1125_add32.mtx,,6.90986
231,2094_g7jac140sc.mtx,,105.385
232,1683_abtaha2.mtx,,37.9314
233,0145_west0132.mtx,,0.12829
234,1306_freeFlyingRobot_10.mtx,,10.3056
235,0610_dwt_607.mtx,,1.39268
236,1784_skirt(0).mtx,,41.3252
237,2803_audikw_1.mtx,,146.281
238,1506_xingo3012.mtx,,21.3812
239,2669_test1.mtx,,142.305
240,0394_gre_512.mtx,,0.689544
241,0452_ck400.mtx,,0.822429
242,1615_psse0.mtx,,29.7801
243,1475_powersim.mtx,,19.8671
244,0285_oscil_dcop_38.mtx,,0.478443
245,1800_g7jac060.mtx,,43.3517
246,2241_crplat2.mtx,,153.991
247,1801_vsp_barth5_1Ksep_50in_5Kout.mtx,,43.8984
248,0635_plat362.mtx,,1.31623
249,1385_mbeacxc.mtx,,7.58519
250,0437_fs_680_1.mtx,,0.810535
251,2273_ts-palko.mtx,,117.663
252,2015_onera_dual.mtx,,90.7909
253,0880_adder_dcop_62.mtx,,2.60031
254,0326_oscil_dcop_32.mtx,,0.462945
255,2042_OPF_10000.mtx,,103.212
256,2230_ne2010.mtx,,123.029
257,0523_can_445.mtx,,0.995911
258,1451_c-35.mtx,,15.2722
259,1870_a5esindl.mtx,,44.6326
260,1900_EX5(0).mtx,,42.0183
261,2398_appu.mtx,,131.791
262,2342_web-NotreDame.mtx,,175.137
263,0379_west0479.mtx,,0.574029
264,0806_laser.mtx,,2.70486
265,1631_co9.mtx,,24.8968
266,2582_para-8.mtx,,244.237
267,2515_parabolic_fem.mtx,,248.64
268,2307_amazon0302.mtx,,108.648
269,0816_G16.mtx,,2.1838
270,1539_gen2.mtx,,10.7516
271,0759_model2.mtx,,1.37418
272,0168_lnsp_131.mtx,,0.164475
273,2276_dbic1.mtx,,138.309
274,2214_ch7-8-b5.mtx,,149.946
275,2238_soc-Slashdot0902.mtx,,104.671
276,2344_boyd2.mtx,,146.304
277,1567_jendrec1.mtx,,14.6985
278,0440_tumorAntiAngiogenesis_2.mtx,,0.709773
279,1578_ex26.mtx,,13.3783
280,2786_hugebubbles-00000.mtx,,66.0027
281,2155_ch7-8-b4.mtx,,135.633
282,1760_epb2.mtx,,48.1072
283,0646_fpga_dcop_29.mtx,,1.78642
284,0537_1138_bus.mtx,,1.23218
285,2037_tandem_dual.mtx,,98.271
286,0862_adder_dcop_11.mtx,,2.59962
287,0275_dwt_245.mtx,,0.429488
288,1285_jan99jac020.mtx,,10.7117
289,0481_str_400.mtx,,0.827115
290,1993_nemeth03.mtx,,67.6766
291,1550_bcsstk13.mtx,,13.1256
292,1400_aa4.mtx,,6.95442
293,2017_cit-HepPh.mtx,,70.7748
294,0192_bcsstk22.mtx,,0.204849
295,0997_c-18.mtx,,3.81529
296,0298_oscil_dcop_22.mtx,,0.463296
297,1790_lowThrust_5.mtx,,39.8888
298,2651_crankseg_1.mtx,,141.729
299,1017_rbsb480.mtx,,2.95928
300,1839_mark3jac080sc.mtx,,58.1765
301,1355_Franz4.mtx,,13.3014
302,0829_can_838.mtx,,2.47238
303,0696_dwt_503.mtx,,1.46557
304,2249_or2010.mtx,,106.556
305,1944_usroads.mtx,,74.2964
306,0528_tumorAntiAngiogenesis_3.mtx,,0.978559
307,0633_rdb968.mtx,,1.67555
308,0382_mk11-b1.mtx,,0.619537
309,0289_oscil_dcop_21.mtx,,0.463174
310,2804_ljournal-2008.mtx,,115.508
311,0268_n2c6-b2.mtx,,0.409542
312,1865_rajat26.mtx,,57.5345
313,1236_cell1.mtx,,10.7972
314,0093_divorce.mtx,,0.0746734
315,2836_Queen_4147.mtx,,148.131
316,1907_dixmaanl.mtx,,76.4926
317,0205_grid1_dual.mtx,,0.260793
318,1234_c-26.mtx,,8.82804
319,1606_piston.mtx,,17.5857
320,2578_cont11_l.mtx,,104.518
321,0424_lp_etamacro.mtx,,0.740559
322,0747_scrs8-2b.mtx,,2.28472
323,2816_hollywood-2009.mtx,,148.108
324,0921_adder_dcop_49.mtx,,2.47187
325,0934_G52.mtx,,2.85292
326,0413_dwt_310.mtx,,0.699934
327,1904_finance256.mtx,,76.7004
328,1827_bcsstk28.mtx,,36.2711
329,0133_west0156.mtx,,0.111546
330,1376_rajat13.mtx,,11.1222
331,2113_GL7d24.mtx,,73.835
332,0534_lp_stair.mtx,,0.974372
333,0439_mcca.mtx,,0.627388
334,1071_mk11-b2.mtx,,5.99431
335,1740_lock3491.mtx,,25.1035
336,0701_delaunay_n10.mtx,,1.72609
337,0678_fpga_dcop_13.mtx,,1.73337
338,1041_wang1.mtx,,5.19012
339,2092_Goodwin_040.mtx,,88.0296
340,1312_mk12-b2.mtx,,12.1887
341,0855_TF13.mtx,,2.81818
342,2161_cyl6.mtx,,110.953
343,0596_bp_1600.mtx,,1.34039
344,1324_freeFlyingRobot_15.mtx,,10.9948
345,0568_IG5-9.mtx,,1.11183
346,0935_G54.mtx,,2.78125
347,1645_ex31.mtx,,20.0576
348,1940_inlet.mtx,,58.5416
349,2621_shipsec1.mtx,,141.574
350,2430_mc2depi.mtx,,232.254
351,1157_as-735.mtx,,6.66581
352,2808_kron_g500-logn20.mtx,,145.12
353,2154_md2010.mtx,,91.5307
354,2731_Freescale2.mtx,,112.254
355,1373_ex24.mtx,,10.2863
356,0797_EX1(0).mtx,,1.9935
357,0730_bcsstm07.mtx,,1.6808
358,0098_d_dyn.mtx,,0.077345
359,0422_dwt_307.mtx,,0.722966
360,2607_TSOPF_RS_b2052_c1.mtx,,148.527
361,0538_celegans_metabolic.mtx,,1.09965
362,1559_t2d_q9.mtx,,23.9877
363,1039_polblogs.mtx,,4.08329
364,2197_pkustk02.mtx,,132.122
365,2227_nw14.mtx,,107.315
366,2500_wiki-talk-temporal.mtx,,123.94
367,2090_k1_san.mtx,,124.679
368,1301_G22.mtx,,7.56961
369,1106_lp_80bau3b.mtx,,5.20595
370,1328_flower_5_4.mtx,,11.0698
371,0140_bcsstk01.mtx,,0.11528
372,0983_adder_trans_02.mtx,,2.99607
373,1074_swang2.mtx,,5.65672
374,2540_pkustk04.mtx,,388.059
375,2204_nj2010.mtx,,103.944
376,0233_fs_183_6.mtx,,0.310098
377,1304_n2c6-b6.mtx,,10.4598
378,0180_Sandi_sandi.mtx,,0.184251
379,0694_bfwb782.mtx,,1.62386
380,1321_Alemdar.mtx,,11.3386
381,1716_TSOPF_FS_b9_c6.mtx,,29.9244
382,1171_bayer07.mtx,,7.20955
383,2735_germany_osm.mtx,,70.5132
384,0604_rel6.mtx,,1.54873
385,1450_mk12-b5.mtx,,17.1456
386,1899_sinc12.mtx,,42.875
387,2164_c-64.mtx,,125.52
388,2417_mixtank_new.mtx,,252.727
389,0046_problem.mtx,,0.0858421
390,0174_can_61.mtx,,0.154245
391,2764_GL7d18.mtx,,136.659
392,0433_lp_grow7.mtx,,0.567534
393,1011_lp_pds_02.mtx,,4.64878
394,1149_lp_degen3.mtx,,5.29221
395,2641_gupta3.mtx,,140.434
396,0639_fpga_dcop_07.mtx,,1.78207
397,0847_lpi_cplex1.mtx,,3.0755
398,0969_CAG_mat364.mtx,,2.27811
399,2664_fullb.mtx,,143.213
400,2278_ex11.mtx,,178.927
401,0888_adder_dcop_48.mtx,,2.69243
402,1223_lp_d2q06c.mtx,,6.89638
403,1139_email-Eu-core-temporal.mtx,,4.37934
404,1533_kineticBatchReactor_5.mtx,,18.0697
405,0562_pde900.mtx,,1.34236
406,0222_ck104.mtx,,0.27464
407,2728_CoupCons3D.mtx,,144.503
408,1846_lp_pds_20.mtx,,53.5646
409,1199_c-23.mtx,,8.22405
410,1999_nemeth09.mtx,,70.4939
411,1579_stormg2-27.mtx,,25.1645
412,0050_GD95_b.mtx,,0.0954198
413,0107_wheel_6_1.mtx,,0.0780144
414,1108_G36.mtx,,5.41673
415,1429_ex10hs.mtx,,11.397
416,2295_az2010.mtx,,104.872
417,2150_rgg_n_2_16_s0.mtx,,145.108
418,2781_hugetrace-00020.mtx,,64.705
419,0162_bcsstm20.mtx,,0.147392
420,1769_nemsemm2.mtx,,28.1288
421,0441_lshp_406.mtx,,0.792099
422,0411_lp_israel.mtx,,0.557677
423,2684_higgs-twitter.mtx,,143.381
424,2709_human_gene2.mtx,,147.932
425,0621_dynamicSoaringProblem_1.mtx,,1.47935
426,0084_pores_1.mtx,,0.186422
427,1772_ca-CondMat.mtx,,42.8981
428,2630_Ge99H100.mtx,,142.666
429,0542_nos2.mtx,,1.31518
430,2045_nemeth13.mtx,,84.1029
431,1812_mk12-b3.mtx,,56.0329
432,1689_cavity21.mtx,,23.6441
433,0443_lp_finnis.mtx,,0.779894
434,1545_jan99jac040.mtx,,22.0445
435,0076_bcsstm05.mtx,,0.0489098
436,2131_mt2010.mtx,,97.7968
437,1970_bibd_16_8.mtx,,68.8879
438,0290_oscil_dcop_25.mtx,,0.463869
439,0605_spaceStation_3.mtx,,1.3334
440,2549_TSOPF_RS_b678_c1.mtx,,399.372
441,0737_reorientation_1.mtx,,1.78236
442,0169_lns_131.mtx,,0.164673
443,0832_lp_maros.mtx,,2.33203
444,1230_G60.mtx,,9.37389
445,2638_CurlCurl_2.mtx,,125.944
446,1367_circuit_3.mtx,,12.7845
447,1275_G6.mtx,,6.40006
448,2387_bbmat.mtx,,255.927
449,2202_TSC_OPF_300.mtx,,107.798
450,0160_bcspwr03.mtx,,0.145833
451,2125_TSOPF_FS_b162_c1.mtx,,83.0805
452,2743_F1.mtx,,146.843
453,1912_Na5.mtx,,45.9361
454,2128_c-69.mtx,,116.755
455,1468_aa5.mtx,,9.1533
456,2807_Long_Coup_dt0.mtx,,146.562
457,0331_oscil_dcop_48.mtx,,0.477761
458,0618_bcspwr06.mtx,,1.56415
459,1743_c-48.mtx,,37.1266
460,0497_qh882.mtx,,1.00766
461,1278_G9.mtx,,6.19623
462,0977_Erdos972.mtx,,3.92509
463,0138_tub100.mtx,,0.123257
464,1469_lpi_bgindy.mtx,,10.3673
465,1708_lp_maros_r7.mtx,,24.0015
466,1091_bcsstk10.mtx,,4.645
467,2773_dgreen.mtx,,139.112
468,0193_will199.mtx,,0.218539
469,1022_reorientation_2.mtx,,4.27951
470,1054_G46.mtx,,4.22605
471,2833_kmer_P1a.mtx,,32.7956
472,0854_deter0.mtx,,3.09536
473,1302_p2p-Gnutella04.mtx,,10.9895
474,2597_marine1.mtx,,157.372
475,0887_adder_dcop_29.mtx,,2.68519
476,1175_stormg2-8.mtx,,7.56802
477,0124_dwt_66.mtx,,0.101564
478,0119_mesh1em1.mtx,,0.0954722
479,2217_c-71.mtx,,137.54
480,0325_oscil_dcop_08.mtx,,0.463871
481,1974_c-53.mtx,,73.3063
482,1750_f855_mat9_I.mtx,,24.347
483,2415_coAuthorsDBLP.mtx,,146.105
484,2353_sparsine.mtx,,118.026
485,1038_spaceStation_11.mtx,,4.2439
486,1819_jan99jac100.mtx,,53.4151
487,0833_M80PI_n.mtx,,3.04248
488,2704_af_shell1.mtx,,141.633
489,1080_bcsstk34.mtx,,3.90956
490,1629_lp_pds_10.mtx,,28.4162
491,2588_Goodwin_127.mtx,,367.187
492,2605_shipsec8.mtx,,167.189
493,2436_gupta1.mtx,,230.921
494,0739_cavity03.mtx,,1.49802
495,0446_problem1.mtx,,0.812535
496,0436_fs_680_3.mtx,,0.838412
497,2794_Hook_1498.mtx,,144.5
498,1073_lshp3025.mtx,,5.85644
499,2566_ecology2.mtx,,154.251
500,1535_relat7.mtx,,22.7776
501,2296_Maragal_7.mtx,,144.366
502,2802_mawi_201512020000.mtx,,82.3438
503,0039_bcsstm02.mtx,,0.0673876
504,1799_g7jac060sc.mtx,,44.8041
505,2741_CurlCurl_4.mtx,,129.124
506,0072_lp_sc50b.mtx,,0.048146
507,2589_pre2.mtx,,134.098
508,2420_TSC_OPF_1047.mtx,,236.68
509,0949_ch7-6-b2.mtx,,3.83682
510,2805_channel-500x100x100-b050.mtx,,137.044
511,1404_kineticBatchReactor_3.mtx,,12.5052
512,1259_lhr02.mtx,,8.68322
513,1195_freeFlyingRobot_7.mtx,,8.24765
514,2435_144.mtx,,150.733
515,1351_barth(0).mtx,,12.252
516,0375_p0548.mtx,,0.451676
517,0020_ch3-3-b1.mtx,,0.0360202
518,1566_garon1.mtx,,13.914
519,1271_dynamicSoaringProblem_8.mtx,,8.96322
520,2070_c-67b.mtx,,107.829
521,1986_g7jac100.mtx,,77.2813
522,2745_adaptive.mtx,,83.1789
523,0513_bfwa398.mtx,,1.0002
524,1174_fd12.mtx,,8.36189
525,2570_tmt_sym.mtx,,304.868
526,1123_cis-n4c6-b3.mtx,,7.02525
527,0910_adder_dcop_12.mtx,,2.60062
528,2316_Maragal_8.mtx,,117.219
529,0260_impcol_e.mtx,,0.384395
530,2484_roadNet-PA.mtx,,205.972
531,2839_nlpkkt200.mtx,,138.236
532,1215_rajat03.mtx,,9.60184
533,2810_nlpkkt120.mtx,,138.121
534,1496_bibd_14_7.mtx,,18.0469
535,0319_oscil_dcop_27.mtx,,0.477095
536,2828_nlpkkt160.mtx,,138.248
537,0158_lpi_ex72a.mtx,,0.143481
538,1642_g7jac040.mtx,,27.3731
539,0378_lp_capri.mtx,,0.520614
540,1222_poli_large.mtx,,9.09702
541,1290_spaceShuttleEntry_4.mtx,,7.87553
542,0529_young3c.mtx,,1.19892
543,0505_west0989.mtx,,1.06296
544,0234_fs_183_1.mtx,,0.308677
545,0897_adder_dcop_26.mtx,,2.60069
546,0053_lp_afiro.mtx,,0.101736
547,0613_tols2000.mtx,,1.55704
548,2348_nemeth25.mtx,,235.459
549,0785_lp_ship12s.mtx,,2.06189
550,0083_relat4.mtx,,0.0552802
551,2167_pf2177(0).mtx,,92.7017
552,2649_atmosmodm.mtx,,117.017
553,2609_nd6k.mtx,,144.006
554,0165_lesmis.mtx,,0.154715
555,0571_nos7.mtx,,1.34973
556,0337_oscil_dcop_40.mtx,,0.479508
557,0137_olm100.mtx,,0.125993
558,2490_net150.mtx,,231.873
559,2251_cont-300.mtx,,161.649
560,2358_ch7-9-b4.mtx,,201.891
561,2034_rajat15.mtx,,90.1606
562,2118_neos1.mtx,,114.285
563,2267_IG5-17.mtx,,132.245
564,1383_cryg10000.mtx,,14.621
565,2568_wiki-Talk.mtx,,110.585
566,1178_c-22.mtx,,7.03213
567,1641_mark3jac040sc.mtx,,30.3747
568,1276_G10.mtx,,6.42805
569,1490_nopoly.mtx,,19.4823
570,0547_TF12.mtx,,1.16686
571,0073_GD99_c.mtx,,0.0438347
572,1531_lock2232.mtx,,13.8332
573,1927_crystm02.mtx,,61.0704
574,1457_bcsstk14.mtx,,10.6372
575,0210_gre_216b.mtx,,0.268889
576,0449_nemsafm.mtx,,0.738695
577,0303_oscil_dcop_47.mtx,,0.462171
578,1027_ODLIS.mtx,,4.59612
579,1031_bcsstk09.mtx,,4.05331
580,1479_lp22.mtx,,11.3527
581,0252_ch7-6-b1.mtx,,0.393687
582,0516_saylr3.mtx,,1.10406
583,2596_rajat30.mtx,,137.965
584,0761_mahindas.mtx,,2.23074
585,0560_bcsstk02.mtx,,0.804141
586,2656_mycielskian15.mtx,,142.786
587,1132_spaceStation_14.mtx,,5.46192
588,1502_aa01.mtx,,10.4228
589,1945_n4c6-b12.mtx,,72.8842
590,0460_bfwb398.mtx,,0.833127
591,1182_ACTIVSg2000.mtx,,7.58416
592,2617_specular.mtx,,136.87
593,1140_G55.mtx,,7.05006
594,2325_heart1.mtx,,200.599
595,1063_aircraft.mtx,,5.92663
596,0927_Franz3.mtx,,2.86988
597,1785_delaunay_n15.mtx,,50.2997
598,0720_bcsstk19.mtx,,1.82503
599,1335_n3c6-b8.mtx,,10.9905
600,2255_smallworld.mtx,,168.14
601,0028_Tina_DisCog.mtx,,0.0334949
602,1630_vsp_p0291_seymourl_iiasa.mtx,,24.4685
603,1859_cond-mat-2003.mtx,,53.0508
604,0251_bibd_9_5.mtx,,0.219101
605,1120_ex29.mtx,,6.2302
606,2427_sme3Db.mtx,,140.029
607,1854_ca-HepPh.mtx,,39.2863
608,2305_msc10848.mtx,,162.654
609,0407_ch5-5-b3.mtx,,0.721813
610,2672_CurlCurl_3.mtx,,128.018
611,2329_ga2010.mtx,,143.9
612,1678_Wordnet3.mtx,,26.9032
613,0690_orsirr_2.mtx,,1.71095
614,0401_mhdb416.mtx,,0.719392
615,0087_GD98_b.mtx,,0.0670142
616,0775_lp_sierra.mtx,,2.21408
617,2501_stat96v3.mtx,,299.654
618,1898_raefsky1.mtx,,45.8533
619,0978_n4c5-b4.mtx,,4.0277
620,0831_dw2048.mtx,,3.08703
621,0313_oscil_dcop_18.mtx,,0.46267
622,1109_G40.mtx,,5.41609
623,2158_thermomech_TC.mtx,,91.5527
624,0099_d_dyn1.mtx,,0.0747105
625,2168_G2_circuit.mtx,,129.686
626,1507_c-37.mtx,,17.2585
627,2587_largebasis.mtx,,377.514
628,0598_SmaGri.mtx,,1.36179
629,2441_exdata_1.mtx,,288.131
630,1737_bayer04.mtx,,40.8288
631,1287_nasa1824.mtx,,8.00524
632,0950_Trefethen_700.mtx,,2.54818
633,0364_dwt_209.mtx,,0.46418
634,1232_shar_te2-b1.mtx,,10.0648
635,0419_lp_bandm.mtx,,0.64375
636,2071_Maragal_6.mtx,,72.128
637,1991_delaunay_n16.mtx,,91.8177
638,0631_lp_bnl1.mtx,,1.39376
639,2051_rajat18.mtx,,65.907
640,2248_pkustk01.mtx,,146.489
641,1245_Trec11.mtx,,5.41095
642,2519_s3dkt3m2.mtx,,410.63
643,1187_n3c6-b5.mtx,,8.1439
644,0118_mesh1e1.mtx,,0.0925451
645,2137_Trec13.mtx,,116.489
646,0294_oscil_dcop_11.mtx,,0.463159
647,2606_boneS01.mtx,,156.669
648,1055_G45.mtx,,4.08067
649,0976_orsreg_1.mtx,,3.9649
650,1549_utm5940.mtx,,18.5767
651,1918_mk12-b4.mtx,,75.7753
652,0450_Erdos991.mtx,,0.754337
653,1661_cvxqp3.mtx,,31.7104
654,1446_testbig.mtx,,17.7546
655,2139_g7jac160sc.mtx,,111.305
656,1659_foldoc.mtx,,28.7371
657,0217_lop163.mtx,,0.280471
658,1670_jan99jac060sc.mtx,,32.5859
659,1143_TSOPF_FS_b9_c1.mtx,,6.12972
660,1313_cage9.mtx,,9.77244
661,2138_g7jac160.mtx,,111.327
662,0752_lung1.mtx,,2.2756
663,0468_bibd_12_4.mtx,,0.504164
664,0518_mk9-b2.mtx,,1.13251
665,0195_n3c6-b11.mtx,,0.171893
666,1834_lowThrust_11.mtx,,44.3948
667,1102_ex22.mtx,,4.26712
668,1753_jan99jac080sc.mtx,,43.7057
669,1013_dwt_992.mtx,,3.6845
670,0033_GD95_a.mtx,,0.0575339
671,1098_saylr4.mtx,,6.06793
672,2098_mri2.mtx,,124.442
673,0623_rajat19.mtx,,1.57929
674,2528_xenon2.mtx,,391.363
675,0517_steam1.mtx,,0.888471
676,2272_3D_51448_3D.mtx,,165.559
677,1543_lhr04c.mtx,,14.6437
678,2147_heart2.mtx,,137.172
679,0361_shl_200.mtx,,0.50759
680,2498_pkustk08.mtx,,345.965
681,0671_fpga_dcop_12.mtx,,1.7331
682,1272_lp_nug12.mtx,,8.44072
683,2533_barrier2-9.mtx,,259.464
684,1253_wb-cs-stanford.mtx,,9.73799
685,2077_ford2.mtx,,115.409
686,0269_n4c5-b2.mtx,,0.428413
687,2747_wiki-topcats.mtx,,136.214
688,0157_lp_scagr7.mtx,,0.144805
689,0477_bcsstk20.mtx,,0.917585
690,2182_lhr34.mtx,,120.127
691,1696_cavity19.mtx,,22.859
692,2761_ss.mtx,,132.783
693,0466_D_11.mtx,,0.620627
694,1105_sherman2.mtx,,4.76299
695,2450_poisson3Db.mtx,,131.118
696,2287_dbir2.mtx,,140.779
697,2419_bcsstk32.mtx,,283.703
698,0569_tumorAntiAngiogenesis_4.mtx,,1.10873
699,1168_bayer06.mtx,,6.82888
700,2640_gearbox.mtx,,142.237
701,2787_boneS10.mtx,,146.315
702,2057_c-66.mtx,,101.746
703,2021_ncvxqp5.mtx,,91.9579
704,0363_CSphd.mtx,,0.498378
705,0026_kleemin.mtx,,0.0454696
706,1179_ca-GrQc.mtx,,8.13943
707,1292_G29.mtx,,7.56578
708,0406_lp_scsd1.mtx,,0.368325
709,0414_lund_a.mtx,,0.558861
710,1821_lowThrust_8.mtx,,43.4967
711,0780_diag.mtx,,2.42592
712,1558_fv2.mtx,,23.1635
713,2399_n4c6-b9.mtx,,244.544
714,1949_graham1.mtx,,50.3636
715,1341_nopss_11k.mtx,,12.941
716,0826_lp_fit1p.mtx,,2.14076
717,1820_TF16.mtx,,44.5327
718,0929_freeFlyingRobot_2.mtx,,3.03215
719,1231_G61.mtx,,9.38284
720,2444_citationCiteseer.mtx,,112.474
721,2036_ex40.mtx,,72.3008
722,0805_iprob.mtx,,2.30866
723,2185_trans5.mtx,,93.771
724,1010_flower_4_4.mtx,,4.1696
725,1891_mark3jac100sc.mtx,,69.3897
726,2822_Bump_2911.mtx,,144.983
727,1431_pcb3000.mtx,,11.0019
728,1142_dwt_2680.mtx,,6.41877
729,0708_Pd_rhs.mtx,,1.81186
730,0465_wm3.mtx,,0.717663
731,2231_sx-superuser.mtx,,80.4891
732,1926_cegb2919.mtx,,50.3337
733,2290_struct3.mtx,,207.868
734,1994_nemeth02.mtx,,67.6471
735,0810_lp_pilot_we.mtx,,2.14247
736,1486_lp_wood1p.mtx,,15.9262
737,2116_finan512.mtx,,130.44
738,0103_GD96_c.mtx,,0.0785144
739,1634_baxter.mtx,,27.0677
740,0397_p0282.mtx,,0.577055
741,1614_mhd4800a.mtx,,20.7751
742,2601_TEM152078.mtx,,189.135
743,2531_barrier2-11.mtx,,262.244
744,1613_c-41.mtx,,24.0702
745,2277_pds-100.mtx,,102.012
746,0863_adder_dcop_19.mtx,,2.60039
747,1628_barth5(0).mtx,,28.5722
748,1235_bips98_606.mtx,,10.0159
749,1040_wang2.mtx,,5.19084
750,1914_lhr14c.mtx,,51.6258
751,0754_dwt_878.mtx,,1.98303
752,2504_m14b.mtx,,147.249
753,2145_ex3sta1(0).mtx,,96.4977
754,2403_loc-Gowalla.mtx,,113.496
755,1316_dw8192.mtx,,11.7452
756,1560_t2d_q4.mtx,,23.1757
757,0998_spaceStation_5.mtx,,3.35265
758,2162_Pres_Poisson.mtx,,113.359
759,0086_GD96_b.mtx,,0.0568385
760,1119_hydr1c.mtx,,6.98891
761,1348_g7jac020sc.mtx,,11.4579
762,2496_cnr-2000.mtx,,301.754
763,1356_bcsstm39.mtx,,13.4538
764,0089_n2c6-b1.mtx,,0.067471
765,1936_fe_body.mtx,,80.6235
766,1682_c-39.mtx,,28.689
767,0658_fpga_dcop_41.mtx,,1.73337
768,2726_as-Skitter.mtx,,131.839
769,1588_cq9.mtx,,22.37
770,1242_soc-sign-bitcoin-otc.mtx,,8.66029
771,2237_wa2010.mtx,,111.817
772,1042_ex21.mtx,,3.51946
773,1166_mhd4800b.mtx,,7.93358
774,1789_obstclae.mtx,,52.4393
775,1938_shallow_water2.mtx,,82.125
776,1391_abtaha1.mtx,,14.8685
777,2782_dielFilterV2real.mtx,,142.321
778,1554_kineticBatchReactor_8.mtx,,19.5005
779,1184_n2c6-b5.mtx,,8.34642
780,0227_GD00_c.mtx,,0.30419
781,2697_af_4_k101.mtx,,141.106
782,1911_lp_nug20.mtx,,55.7357
783,0891_adder_dcop_59.mtx,,2.70307
784,1244_c-24.mtx,,9.34897
785,0091_can_62.mtx,,0.0711176
786,1088_sctap1-2c.mtx,,6.16726
787,1889_rlfdual.mtx,,37.9815
788,0773_G34.mtx,,2.36527
789,0909_adder_dcop_55.mtx,,2.60031
790,0971_uk.mtx,,3.94258
791,0544_lp_degen2.mtx,,1.05834
792,1193_plbuckle.mtx,,5.91256
793,2374_Zd_Jac6.mtx,,208.848
794,1209_reorientation_3.mtx,,6.96733
795,0565_qiulp.mtx,,1.3207
796,2274_dbir1.mtx,,127.642
797,0262_S10PI_n1.mtx,,0.389046
798,2767_inline_1.mtx,,144.812
799,1289_cat_ears_3_4.mtx,,10.687
800,2577_Chebyshev4.mtx,,306.312
801,1952_gyro_m.mtx,,63.0181
802,2680_GL7d16.mtx,,135.163
803,0681_fpga_dcop_27.mtx,,1.7995
804,1060_lpi_gran.mtx,,5.40318
805,1173_G62.mtx,,8.49845
806,0254_n3c5-b5.mtx,,0.370066
807,0201_bwm200.mtx,,0.244653
808,0085_wheel_5_1.mtx,,0.0571585
809,0648_fpga_dcop_50.mtx,,1.73341
810,1364_gemat1.mtx,,10.1948
811,1077_circuit_2.mtx,,5.43649
812,2674_hugetrace-00000.mtx,,84.8287
813,2438_wheel_601.mtx,,114.824
814,0292_oscil_dcop_14.mtx,,0.479136
815,2379_bibd_18_9.mtx,,188.903
816,1778_mult_dcop_01.mtx,,34.7055
817,0008_b1_ss.mtx,,0.015024
818,2800_com-LiveJournal.mtx,,130.936
819,2824_kmer_U1a.mtx,,32.1522
820,0952_Kohonen.mtx,,3.30435
821,2133_rajat16.mtx,,114.188
822,0403_netz4504_dual.mtx,,0.726874
823,2721_M6.mtx,,120.419
824,0986_hangGlider_2.mtx,,3.7703
825,2491_pkustk03.mtx,,392.46
826,0329_oscil_dcop_34.mtx,,0.475651
827,1896_g7jac080.mtx,,61.892
828,1411_c-32.mtx,,12.5904
829,1347_g7jac020.mtx,,11.4579
830,1586_linverse.mtx,,26.0571
831,1939_lpl1.mtx,,72.4366
832,2210_g7jac200.mtx,,130.292
833,1684_ACTIVSg10K.mtx,,35.4621
834,0919_adder_dcop_45.mtx,,2.60124
835,0653_fpga_dcop_43.mtx,,1.73389
836,1798_c-51.mtx,,46.955
837,0769_cat_ears_2_4.mtx,,2.12744
838,1632_c-42.mtx,,24.3831
839,1224_gemat12.mtx,,8.98818
840,0869_adder_dcop_57.mtx,,2.60093
841,1421_bcsstk27.mtx,,9.87844
842,1627_gen4.mtx,,14.6325
843,2349_nemeth26.mtx,,235.178
844,1538_GL7d25.mtx,,11.6699
845,2723_kron_g500-logn18.mtx,,142.651
846,0710_lp_ship04l.mtx,,1.3025
847,0230_relat5.mtx,,0.336666
848,2029_stormg2-125.mtx,,99.3663
849,2561_s3dkq4m2.mtx,,434.85
850,2389_IG5-18.mtx,,208.617
851,0933_G53.mtx,,2.74863
852,2002_mark3jac140.mtx,,90.2372
853,1869_tandem_vtx.mtx,,53.247
854,1996_nemeth06.mtx,,67.5819
855,2292_xenon1.mtx,,193.906
856,1680_bodyy6.mtx,,35.8604
857,1016_rbsa480.mtx,,2.86551
858,1676_c-46.mtx,,29.756
859,0758_WorldCities.mtx,,1.49485
860,1831_lowThrust_9.mtx,,44.1694
861,1679_mycielskian11.mtx,,17.9023
862,1783_skirt.mtx,,41.3387
863,2532_barrier2-12.mtx,,259.333
864,0662_fpga_dcop_33.mtx,,1.73076
865,1004_ukerbe1.mtx,,4.52721
866,2604_auto.mtx,,130.016
867,1584_epb1.mtx,,26.9061
868,1314_Lederberg.mtx,,10.472
869,0683_fpga_dcop_17.mtx,,1.5939
870,1151_cz2548.mtx,,6.61816
871,0640_fpga_dcop_06.mtx,,1.72369
872,0791_lp_scsd8.mtx,,1.61289
873,2148_heart3.mtx,,137.116
874,1048_spaceStation_9.mtx,,4.26707
875,1668_memplus.mtx,,31.7386
876,0488_dwt_346.mtx,,0.859548
877,0962_lpi_klein3.mtx,,3.05241
878,2160_Zd_Jac3_db.mtx,,90.9558
879,0820_mk10-b2.mtx,,2.77549
880,0802_EPA.mtx,,2.4336
881,2048_c-59.mtx,,95.3641
882,2011_rail507.mtx,,72.4107
883,1018_add20.mtx,,4.5235
884,1122_geom.mtx,,6.33627
885,1310_bips98_1142.mtx,,11.8042
886,1299_G31.mtx,,7.57454
887,2190_vsp_mod2_pgp2_slptsk.mtx,,95.8755
888,2644_flickr.mtx,,124.983
889,0557_N_biocarta.mtx,,1.25471
890,2647_kron_g500-logn17.mtx,,139.578
891,2456_nv1.mtx,,280.743
892,0964_power.mtx,,3.93315
893,2081_e40r0100.mtx,,83.0328
894,1378_lp_ken_11.mtx,,13.6338
895,2176_g7jac180sc.mtx,,130.082
896,0744_jagmesh3.mtx,,2.03759
897,2483_stomach.mtx,,302.666
898,1057_G57.mtx,,5.87856
899,0429_rdb450.mtx,,0.759581
900,1444_barth5.mtx,,17.6986
901,0069_ch4-4-b1.mtx,,0.0462734
902,0377_mesh3em5.mtx,,0.543866
903,1434_co5.mtx,,13.1861
904,1472_ex14.mtx,,13.3586
905,1840_mark3jac080.mtx,,56.2792
906,1361_nl.mtx,,12.5191
907,1180_n4c5-b7.mtx,,7.46272
908,0126_GD97_a.mtx,,0.102021
909,0906_adder_dcop_33.mtx,,2.59908
910,0692_fs_760_1.mtx,,1.62245
911,0733_lp_qap8.mtx,,1.90642
912,1270_rkat7_mat5.mtx,,5.76529
913,1162_ex2.mtx,,4.61606
914,0063_bcsstm04.mtx,,0.0421952
915,0071_Trec7.mtx,,0.146421
916,2645_shipsec5.mtx,,142.078
917,2391_Goodwin_071.mtx,,265.185
918,1893_t520.mtx,,50.3026
919,1856_ACTIVSg70K.mtx,,62.0267
920,1667_ri2010.mtx,,34.5923
921,1572_IG5-13.mtx,,15.6653
922,1112_G42.mtx,,5.42911
923,0680_fpga_dcop_15.mtx,,1.73337
924,2437_il2010.mtx,,142.489
925,1006_lp_cre_c.mtx,,4.33709
926,0704_lp_perold.mtx,,1.5492
927,1058_sherman3.mtx,,5.77605
928,0679_fpga_dcop_16.mtx,,1.73337
929,2806_Long_Coup_dt6.mtx,,146.555
930,1964_HEP-th-new.mtx,,64.0108
931,2585_Hamrle3.mtx,,114.621
932,2243_pcrystk02.mtx,,157.424
933,2509_stormG2_1000.mtx,,272.238
934,0522_QRpivot.mtx,,1.14564
935,1386_lp_fit2p.mtx,,10.4136
936,1160_Maragal_4.mtx,,5.70833
937,1702_fome12.mtx,,34.2534
938,2130_nemeth17.mtx,,104.152
939,0226_nos1.mtx,,0.3193
940,0499_lp_beaconfd.mtx,,0.677895
941,2785_nv2.mtx,,138.907
942,0101_lpi_forest6.mtx,,0.0790025
943,0846_email.mtx,,2.82216
944,0274_lp_bore3d.mtx,,0.423435
945,1929_usroads-48.mtx,,76.2833
946,0390_p0201.mtx,,0.464192
947,0550_b_dyn.mtx,,1.30353
948,1500_slptsk.mtx,,13.626
949,0985_Erdos982.mtx,,4.13395
950,1062_stoch_aircraft.mtx,,5.83232
951,1350_eurqsa.mtx,,12.5903
952,0898_adder_dcop_25.mtx,,2.64128
953,1725_Trec12.mtx,,33.3427
954,1860_astro-ph.mtx,,44.9043
955,1519_cavity12.mtx,,13.3412
956,1646_de2010.mtx,,30.9154
957,1777_mult_dcop_03.mtx,,34.1022
958,1660_bodyy4.mtx,,33.2023
959,2354_lp_nug30.mtx,,200.071
960,1064_CollegeMsg.mtx,,4.6235
961,1129_ch.mtx,,6.47781
962,2279_vsp_finan512_scagr7-2c_rlfddd.mtx,,151.875
963,0286_oscil_dcop_43.mtx,,0.46289
964,1521_aug2d.mtx,,22.1396
965,0706_jagmesh1.mtx,,1.74058
966,2362_d_pretok.mtx,,215.527
967,1263_t2dal_a.mtx,,9.7087
968,0724_spaceShuttleEntry_1.mtx,,1.61942
969,2096_c-68.mtx,,99.5839
970,1894_bcsstk16.mtx,,48.6235
971,1164_zenios.mtx,,6.75409
972,2592_consph.mtx,,366.781
973,2694_af_0_k101.mtx,,141.159
974,1916_c-61.mtx,,65.9804
975,2516_mycielskian14.mtx,,310.496
976,0092_dwt_72.mtx,,0.0732998
977,1319_utm3060.mtx,,10.0601
978,1409_TSOPF_RS_b9_c6.mtx,,14.7568
979,1169_model6.mtx,,6.02377
980,0597_de063155.mtx,,1.4168
981,0032_jgl009.mtx,,0.0511222
982,2043_ch8-8-b3.mtx,,100.476
983,2180_Baumann.mtx,,148.619
984,1336_deter3.mtx,,12.3588
985,0350_M10PI_n.mtx,,0.499366
986,2769_wikipedia-20060925.mtx,,130.75
987,0875_adder_dcop_60.mtx,,2.72821
988,0749_fpga_trans_01.mtx,,2.11532
989,0904_adder_dcop_30.mtx,,2.72624
990,0108_cat_ears_2_1.mtx,,0.0818396
991,0972_steam2.mtx,,2.80006
992,1372_mimo28x28_system.mtx,,14.046
993,0778_N_pid.mtx,,2.19791
994,2598_NACA0015.mtx,,121.026
995,2737_delaunay_n22.mtx,,98.9317
996,1311_mbeause.mtx,,6.46474
997,0200_cage6.mtx,,0.22959
998,0423_GL6_D_6.mtx,,0.767158
999,0367_ch7-7-b1.mtx,,0.567159
1000,2677_crankseg_2.mtx,,146.376
1001,0834_S80PI_n.mtx,,3.24498
1002,0592_tumorAntiAngiogenesis_8.mtx,,1.14456
1003,0868_adder_dcop_16.mtx,,2.73439
1004,2058_c-66b.mtx,,103.157
1005,2006_c-55.mtx,,75.7171
1006,0312_oscil_dcop_02.mtx,,0.462803
1007,1266_dynamicSoaringProblem_7.mtx,,8.98142
1008,1295_G28.mtx,,7.61157
1009,2323_li.mtx,,196.8
1010,0456_S20PI_n.mtx,,0.863692
1011,1803_TSOPF_RS_b162_c1.mtx,,32.0275
1012,1565_p2p-Gnutella30.mtx,,23.3729
1013,0143_gams10a.mtx,,0.12778
1014,1370_mimo46x46_system.mtx,,14.0501
1015,0476_bcsstm23.mtx,,0.958068
1016,2047_g7jac120.mtx,,92.1022
1017,0840_lshp1561.mtx,,2.96667
1018,1873_ex19.mtx,,52.134
1019,1583_lp_qap15.mtx,,19.4779
1020,1862_wing.mtx,,50.4014
1021,0332_oscil_dcop_50.mtx,,0.463016
1022,1719_hangGlider_4.mtx,,28.8164
1023,0745_Chem97ZtZ.mtx,,2.24886
1024,1267_lp_d6cube.mtx,,4.59545
1025,1908_FX_March2010.mtx,,38.1508
1026,2555_thread.mtx,,419.319
1027,1742_ulevimin.mtx,,23.8739
1028,1620_r05.mtx,,18.428
1029,1806_route.mtx,,44.2705
1030,1528_aug2dc.mtx,,23.0423
1031,2770_GL7d19.mtx,,136.648
1032,2715_wikipedia-20051105.mtx,,132.846
1033,0307_oscil_dcop_26.mtx,,0.479355
1034,1921_crystk01.mtx,,54.1776
1035,1090_ch7-7-b2.mtx,,6.80461
1036,0241_lp_lotfi.mtx,,0.321046
1037,0263_n4c5-b10.mtx,,0.331251
1038,0409_bcsstk05.mtx,,0.579528
1039,2357_pkustk09.mtx,,237.053
1040,0961_Pd.mtx,,3.78883
1041,1773_wiki-RfA.mtx,,30.3435
1042,0207_n3c5-b3.mtx,,0.256802
1043,1250_dynamicSoaringProblem_4.mtx,,8.25577
1044,2313_in2010.mtx,,131.651
1045,0614_freeFlyingRobot_1.mtx,,1.48472
1046,0336_oscil_dcop_07.mtx,,0.46261
1047,0047_GD02_a.mtx,,0.0897085
1048,2373_ny2010.mtx,,136.429
1049,1399_l30.mtx,,10.4073
1050,1690_cavity25.mtx,,22.9076
1051,2689_TSOPF_RS_b2383_c1.mtx,,147.588
1052,1243_lp_dfl001.mtx,,10.0671
1053,1131_bcsstm34.mtx,,4.4231
1054,0150_lp_adlittle.mtx,,0.127111
1055,0786_lp_ken_07.mtx,,2.47685
1056,2756_coPapersCiteseer.mtx,,146.153
1057,1981_c-56.mtx,,87.0738
1058,2526_laminar_duct3D.mtx,,362.682
1059,2056_std1_Jac2_db.mtx,,79.5756
1060,0966_radfr1.mtx,,3.32506
1061,0356_GD96_a.mtx,,0.492614
1062,1705_ted_B.mtx,,30.6569
1063,1188_data.mtx,,7.63198
1064,2616_radiation.mtx,,139.469
1065,2270_watson_1.mtx,,165.308
1066,1880_enron.mtx,,61.7964
1067,1033_eris1176.mtx,,3.97612
1068,0467_dwt_361.mtx,,0.861882
1069,0606_dwt_592.mtx,,1.3689
1070,0043_jgl011.mtx,,0.0768621
1071,2308_std1_Jac2.mtx,,159.689
1072,0651_fpga_dcop_46.mtx,,1.765
1073,2117_3D_28984_Tetra.mtx,,101.312
1074,1574_hangGlider_3.mtx,,19.5682
1075,2580_para-7.mtx,,244.803
1076,1241_reorientation_5.mtx,,7.65316
1077,2730_AS365.mtx,,115.278
1078,1034_lhr01.mtx,,4.37395
1079,0256_arc130.mtx,,0.36043
1080,2239_ASIC_100k.mtx,,120.38
1081,0579_cdde1.mtx,,1.47803
1082,1748_mark3jac060.mtx,,44.3275
1083,2698_af_1_k101.mtx,,141.221
1084,1374_zeros_nopss_13k.mtx,,14.6247
1085,0902_adder_dcop_24.mtx,,2.74327
1086,0420_dw256B.mtx,,0.794212
1087,2211_ms2010.mtx,,119.524
1088,0932_G51.mtx,,2.88093
1089,1262_t2dal.mtx,,9.71119
1090,0178_ch5-5-b4.mtx,,0.176673
1091,2778_wikipedia-20070206.mtx,,128.242
1092,0582_cdde6.mtx,,1.47699
1093,1463_p2p-Gnutella24.mtx,,18.4127
1094,0273_gre_343.mtx,,0.452784
1095,0858_adder_dcop_07.mtx,,2.81895
1096,0946_cryg2500.mtx,,3.71007
1097,0574_l9.mtx,,0.948759
1098,0330_oscil_dcop_51.mtx,,0.462874
1099,0837_dwt_1242.mtx,,2.79447
1100,1206_G65.mtx,,9.4084
1101,0842_lp_25fv47.mtx,,2.36893
1102,2376_venkat25.mtx,,264.868
1103,1956_mark3jac120.mtx,,80.8236
1104,1424_bayer03.mtx,,14.6402
1105,0591_lp_agg3.mtx,,1.23166
1106,0800_tols4000.mtx,,2.67941
1107,1433_whitaker3.mtx,,16.4066
1108,2052_stat96v4.mtx,,61.2365
1109,1662_sc205-2r.mtx,,34.8237
1110,2691_cit-Patents.mtx,,114.528
1111,2165_pds-60.mtx,,93.5806
1112,2321_hvdc2.mtx,,218.627
1113,0044_Ragusa16.mtx,,0.0870683
1114,2503_amazon0505.mtx,,140.106
1115,1895_g7jac080sc.mtx,,60.4785
1116,1816_ch7-7-b5.mtx,,53.6235
1117,2485_cfd2.mtx,,364.685
1118,2708_af_shell4.mtx,,141.683
1119,2476_ins2.mtx,,236.002
1120,2386_karted.mtx,,173.371
1121,0408_poisson2D.mtx,,0.721269
1122,1677_cat_ears_4_4.mtx,,35.5739
1123,0341_oscil_dcop_41.mtx,,0.462885
1124,2780_ldoor.mtx,,144.604
1125,2026_FEM_3D_thermal1.mtx,,79.9339
1126,2814_europe_osm.mtx,,70.4877
1127,1099_df2177.mtx,,3.14346
1128,2473_filter3D.mtx,,242.344
1129,2583_para-10.mtx,,245.096
1130,2299_boyd1.mtx,,127.904
1131,2603_pkustk13.mtx,,170.558
1132,1546_G64.mtx,,18.3533
1133,1334_mycielskian10.mtx,,6.32408
1134,2639_bibd_22_8.mtx,,140.628
1135,0065_GD01_c.mtx,,0.0427761
1136,0577_cdde5.mtx,,1.4801
1137,2717_bundle_adj.mtx,,143.532
1138,0166_lp_blend.mtx,,0.152968
1139,1909_OPF_6000.mtx,,72.2622
1140,1037_spaceStation_8.mtx,,4.28462
1141,2740_GL7d17.mtx,,137.625
1142,1307_Franz7.mtx,,12.2712
1143,1757_nasa2910.mtx,,28.9795
1144,0479_utm300.mtx,,0.846327
1145,1135_airfoil1.mtx,,7.20239
1146,1476_ex37.mtx,,13.8743
1147,2327_lp_osa_60.mtx,,108.779
1148,1612_ford1.mtx,,27.7151
1149,1467_c-36.mtx,,16.499
1150,0713_bcspwr09.mtx,,1.94805
1151,0136_flower_4_1.mtx,,0.119953
1152,2463_pkustk06.mtx,,320.793
1153,1979_vsp_model1_crew1_cr42_south31.mtx,,59.4576
1154,1903_us04.mtx,,47.5867
1155,0570_tumorAntiAngiogenesis_7.mtx,,1.11439
1156,0079_lp_sc50a.mtx,,0.0510038
1157,0669_fpga_dcop_35.mtx,,1.76474
1158,2009_mycielskian12.mtx,,52.6215
1159,2228_fe_tooth.mtx,,165.073
1160,0344_TF11.mtx,,0.446294
1161,0232_fs_183_4.mtx,,0.314347
1162,1466_c-30.mtx,,14.4213
1163,0391_Trec9.mtx,,0.372247
1164,1497_FA.mtx,,18.6491
1165,0620_S40PI_n.mtx,,1.63232
1166,0458_orbitRaising_1.mtx,,0.838249
1167,1704_pltexpa.mtx,,38.9431
1168,1028_spaceStation_7.mtx,,3.69299
1169,0552_fs_541_2.mtx,,1.19036
1170,0589_illc1033.mtx,,1.42648
1171,2212_soc-sign-epinions.mtx,,91.5082
1172,1068_bcsstm35.mtx,,5.70095
1173,0056_p0033.mtx,,0.116221
1174,1298_G26.mtx,,7.62179
1175,1864_deltaX.mtx,,61.8125
1176,2442_web-Stanford.mtx,,130.212
1177,0655_fpga_dcop_47.mtx,,1.76507
1178,2827_indochina-2004.mtx,,141.19
1179,1953_pds-30.mtx,,67.1413
1180,2467_nxp1.mtx,,169.014
1181,1765_wang4.mtx,,48.9033
1182,1218_cavity06.mtx,,6.05902
1183,1059_shyy41.mtx,,6.0048
1184,1590_lp_ken_13.mtx,,25.1266
1185,0430_rdb450l.mtx,,0.773337
1186,2614_Stanford_Berkeley.mtx,,123.851
1187,0726_ukerbe1_dual.mtx,,2.18722
1188,2396_watson_2.mtx,,205.32
1189,1141_G56.mtx,,7.1605
1190,0278_nnc261.mtx,,0.45492
1191,2557_t2em.mtx,,274.784
1192,2275_TSOPF_RS_b39_c30.mtx,,199.654
1193,1626_as-caida.mtx,,24.0569
1194,1189_ch7-6-b5.mtx,,8.25259
1195,2216_mesh_deform.mtx,,144.284
1196,2581_para-6.mtx,,245.142
1197,1580_rdist1.mtx,,16.0034
1198,0661_fpga_dcop_34.mtx,,1.76527
1199,2798_vas_stokes_2M.mtx,,138.809
1200,0768_bibd_12_5.mtx,,1.28597
1201,0208_adjnoun.mtx,,0.2544
1202,0682_fpga_dcop_28.mtx,,1.82403
1203,1438_G58.mtx,,13.7411
1204,0667_fpga_dcop_48.mtx,,1.82696
1205,0693_fs_760_2.mtx,,1.63038
1206,0025_Tina_DisCal.mtx,,0.0417053
1207,1401_air05.mtx,,7.024
1208,0412_lp_gfrd_pnc.mtx,,0.737284
1209,2107_IG5-16.mtx,,79.3995
1210,0324_oscil_dcop_52.mtx,,0.462881
1211,0753_n3c6-b10.mtx,,1.79925
1212,0743_west2021.mtx,,2.20374
1213,1762_t2dah_a.mtx,,38.1393
1214,1703_shock-9.mtx,,38.8337
1215,0170_dwt_87.mtx,,0.159109
1216,1755_IG5-14.mtx,,27.4975
1217,1640_mark3jac040.mtx,,29.5917
1218,2505_GaAsH6.mtx,,315.037
1219,1210_deter1.mtx,,8.93861
1220,1770_Goodwin_023.mtx,,29.8562
1221,1515_cavity13.mtx,,13.2124
1222,0197_mk9-b1.mtx,,0.235986
1223,0996_robot24c1_mat5_J.mtx,,2.47715
1224,0185_lpi_box1.mtx,,0.199112
1225,0873_adder_dcop_69.mtx,,2.64128
1226,1387_ch7-6-b3.mtx,,14.8071
1227,0396_lp_brandy.mtx,,0.525336
1228,2383_crystk03.mtx,,257.958
1229,0017_n3c4-b1.mtx,,0.0310842
1230,0362_west0497.mtx,,0.517497
1231,2065_soc-sign-Slashdot081106.mtx,,80.259
1232,0131_bfwb62.mtx,,0.104681
1233,2198_mk13-b5.mtx,,141.318
1234,0930_DK01R.mtx,,2.89828
1235,1238_freeFlyingRobot_8.mtx,,9.20327
1236,1990_fxm3_16.mtx,,89.5206
1237,0114_ch4-4-b2.mtx,,0.0916315
1238,1837_man_5976.mtx,,36.1204
1239,1487_aa3.mtx,,9.81219
1240,0074_d_ss.mtx,,0.0475283
1241,0925_extr1b.mtx,,3.43779
1242,1308_ex27.mtx,,6.77201
1243,0563_lp_ship04s.mtx,,1.01653
1244,2523_barrier2-2.mtx,,255.009
1245,2722_StocF-1465.mtx,,132.566
1246,0634_gre_1107.mtx,,1.68711
1247,1249_G66.mtx,,10.9543
1248,2449_rma10.mtx,,332.189
1249,1354_complex.mtx,,6.48293
1250,1604_lpi_gosh.mtx,,15.4398
1251,0023_Trec6.mtx,,0.041028
1252,1197_lp_greenbeb.mtx,,6.86488
1253,1585_cond-mat.mtx,,24.2296
1254,2535_Hardesty2.mtx,,279.146
1255,0774_G33.mtx,,2.39647
1256,1159_bcsstk21.mtx,,7.25805
1257,2400_ch8-8-b4.mtx,,217.636
1258,1274_G7.mtx,,6.22248
1259,2031_cont-201.mtx,,101.269
1260,0817_lp_stocfor2.mtx,,2.80305
1261,2572_Si34H36.mtx,,289.118
1262,0895_adder_dcop_21.mtx,,2.64128
1263,1273_lp_qap12.mtx,,8.60028
1264,0161_rw136.mtx,,0.146499
1265,2194_m133-b3.mtx,,131.249
1266,1207_dynamicSoaringProblem_3.mtx,,7.19133
1267,1403_ch7-9-b2.mtx,,15.5311
1268,1934_pwt(0).mtx,,80.5015
1269,1360_rajat06.mtx,,13.7028
1270,2659_bmw3_2.mtx,,140.068
1271,0209_robot.mtx,,0.260377
1272,2455_vsp_msc10848_300sep_100in_1Kout.mtx,,131.582
1273,2382_pcrystk03.mtx,,266.169
1274,0225_CAG_mat72.mtx,,0.262178
1275,0271_rajat05.mtx,,0.415035
1276,1961_ncvxbqp1.mtx,,79.8052
1277,1277_G5.mtx,,6.223
1278,0676_fpga_dcop_01.mtx,,1.76426
1279,0533_tub1000.mtx,,1.24616
1280,2233_NotreDame_www.mtx,,141.85
1281,1470_bips07_2476.mtx,,18.7741
1282,0770_olm2000.mtx,,2.48286
1283,0470_ch7-9-b1.mtx,,0.943641
1284,1482_dtoc.mtx,,20.151
1285,0920_adder_dcop_50.mtx,,2.64135
1286,2032_TEM27623.mtx,,89.2614
1287,2004_nemeth10.mtx,,69.369
1288,2447_c-big.mtx,,172.468
1289,2434_matrix_9.mtx,,270.579
1290,1771_sctap1-2r.mtx,,49.0166
1291,2282_bcsstk37.mtx,,178.778
1292,2127_bcsstk29.mtx,,96.1642
1293,1343_n3c6-b6.mtx,,11.8585
1294,2222_sc2010.mtx,,107.55
1295,2685_patents.mtx,,113.026
1296,1817_kl02.mtx,,40.6651
1297,2312_c-73b.mtx,,136.789
1298,0400_p0291.mtx,,0.622415
1299,2108_stat96v1.mtx,,80.5332
1300,0211_gre_216a.mtx,,0.267971
1301,1610_lpl3.mtx,,24.3149
1302,1998_nemeth08.mtx,,68.2668
1303,1884_s2rmq4m1.mtx,,47.6117
1304,0712_D_6.mtx,,1.80394
1305,0545_lp_nug07.mtx,,1.13477
1306,1085_primagaz.mtx,,4.53046
1307,2663_pwtk.mtx,,141.444
1308,1980_ecl32.mtx,,91.7508
1309,2293_bcsstk31.mtx,,182.062
1310,0321_oscil_dcop_06.mtx,,0.479051
1311,1015_n4c5-b8.mtx,,4.49471
1312,2049_vsp_c-60_data_cti_cs4.mtx,,94.9026
1313,1524_c-31.mtx,,17.1539
1314,0127_GD98_c.mtx,,0.106828
1315,1191_LeGresley_4908.mtx,,8.17243
1316,0250_football(0).mtx,,0.340616
1317,1761_t2dah.mtx,,38.1013
1318,1183_rdb5000.mtx,,8.53711
1319,1788_torsion1.mtx,,52.8142
1320,1698_cca.mtx,,36.7121
1321,1072_sherman5.mtx,,5.6857
1322,2335_rgg_n_2_17_s0.mtx,,230.918
1323,0159_mycielskian6.mtx,,0.131172
1324,0090_n4c5-b1.mtx,,0.0683594
1325,0435_Harvard500.mtx,,0.752806
1326,0923_ex32.mtx,,3.03983
1327,1836_lowThrust_13.mtx,,45.0977
1328,2080_c-58.mtx,,98.3517
1329,0202_rajat11.mtx,,0.23863
1330,1635_vsp_data_and_seymourl.mtx,,24.1193
1331,1766_dictionary28.mtx,,44.4138
1332,2682_memchip.mtx,,103.055
1333,1286_jan99jac020sc.mtx,,11.1378
1334,2334_n4c6-b10.mtx,,226.913
1335,1441_crack.mtx,,17.4594
1336,1225_n4c5-b6.mtx,,9.17465
1337,2366_mo2010.mtx,,140.357
1338,0941_rdb2048_noL.mtx,,3.57413
1339,0266_bibd_15_3.mtx,,0.31116
1340,1776_nemswrld.mtx,,28.1841
1341,2189_ma2010.mtx,,95.0626
1342,1589_as-22july06.mtx,,22.6402
1343,0508_bcsstm24.mtx,,1.08808
1344,0691_fs_760_3.mtx,,1.63083
1345,2186_dc1.mtx,,93.9356
1346,1954_onetone1.mtx,,76.0678
1347,2469_matrix-new_3.mtx,,310.469
1348,1480_ex3sta1.mtx,,19.8138
1349,0798_well1850.mtx,,2.67398
1350,2451_TSOPF_FS_b162_c4.mtx,,248.068
1351,2121_lp_osa_30.mtx,,60.6639
1352,0645_fpga_dcop_08.mtx,,1.75922
1353,0404_celegansneural.mtx,,0.628436
1354,1688_cavity26.mtx,,22.8726
1355,2088_c-62ghs.mtx,,104.622
1356,1474_flowmeter5.mtx,,18.3831
1357,0469_mk12-b1.mtx,,0.92679
1358,2294_tn2010.mtx,,131.461
1359,1844_lhr10.mtx,,38.8185
1360,1359_crew1.mtx,,10.8277
1361,0417_dw256A.mtx,,0.758733
1362,1924_rlfprim.mtx,,81.0366
1363,0371_ch5-5-b2.mtx,,0.550607
1364,1851_igbt3.mtx,,40.5754
1365,1198_lpi_greenbea.mtx,,6.85779
1366,1092_bcsstm10.mtx,,4.7468
1367,1644_psse2.mtx,,32.4816
1368,1392_cz5108.mtx,,12.6642
1369,0644_fpga_dcop_09.mtx,,1.76164
1370,1297_G25.mtx,,7.62486
1371,0339_oscil_dcop_35.mtx,,0.462876
1372,1332_fd15.mtx,,12.9795
1373,1888_vsp_sctap1-2b_and_seymourl.mtx,,59.3891
1374,0461_can_256.mtx,,0.709608
1375,0075_refine.mtx,,0.156701
1376,2457_tsyl201.mtx,,305.695
1377,0718_can_715.mtx,,1.75581
1378,0016_lpi_itest6.mtx,,0.0294108
1379,1227_reorientation_4.mtx,,7.437
1380,1419_c-33.mtx,,13.4398
1381,2022_wy2010.mtx,,78.2395
1382,2792_circuit5M.mtx,,112.453
1383,2840_kmer_V1r.mtx,,48.1311
1384,0261_M10PI_n1.mtx,,0.378943
1385,1616_cz10228.mtx,,25.5896
1386,1542_lhr04.mtx,,14.8604
1387,0519_mk9-b3.mtx,,1.0805
1388,2575_F2.mtx,,287.449
1389,1530_ex12.mtx,,16.3139
1390,1520_lp_stocfor3.mtx,,22.0427
1391,2126_TSOPF_RS_b162_c3.mtx,,89.6031
1392,1144_n3c6-b9.mtx,,6.02642
1393,2471_pct20stif.mtx,,345.859
1394,1485_bloweybq.mtx,,15.2636
1395,0892_adder_dcop_63.mtx,,2.64159
1396,2546_t3dh_e.mtx,,408.056
1397,0794_dwt_1005.mtx,,2.27018
1398,1617_shuttle_eddy.mtx,,26.3638
1399,2688_TSOPF_RS_b2383.mtx,,147.602
1400,0305_oscil_dcop_42.mtx,,0.47883
1401,1154_n4c5-b5.mtx,,7.48947
1402,0742_lp_sctap2.mtx,,2.14853
1403,1540_176bit.mtx,,19.1171
1404,0493_bp_0.mtx,,0.996952
1405,0510_bcsstm21.mtx,,1.1007
1406,1181_msc01050.mtx,,5.05462
1407,0486_G13.mtx,,0.978603
1408,0279_rajat14.mtx,,0.417515
1409,1371_ww_vref_6405.mtx,,14.046
1410,2360_dblp-2010.mtx,,188.273
1411,0994_Erdos992.mtx,,4.21048
1412,2084_Trefethen_20000.mtx,,85.2796
1413,2466_ASIC_320k.mtx,,193.619
1414,2364_lp1.mtx,,178.51
1415,1795_chem_master1.mtx,,53.7139
1416,0213_polbooks.mtx,,0.245121
1417,0717_m3plates.mtx,,1.91279
1418,2020_ted_A.mtx,,56.1723
1419,2693_hugetric-00000.mtx,,79.6428
1420,1966_a0nsdsil.mtx,,70.8682
1421,1532_lowThrust_3.mtx,,18.6911
1422,2506_ch8-8-b5.mtx,,284.725
1423,0917_adder_dcop_41.mtx,,2.72787
1424,1254_Chebyshev3.mtx,,9.23097
1425,1967_bcsstk38.mtx,,56.4529
1426,1525_pesa.mtx,,21.3465
1427,0943_can_1054.mtx,,2.90988
1428,2629_bibd_20_10.mtx,,139.092
1429,0729_can_634.mtx,,1.79107
1430,2462_ch7-9-b5.mtx,,257.674
1431,0240_saylr1.mtx,,0.364652
1432,0795_lshp1270.mtx,,2.49373
1433,1736_OPF_3754.mtx,,37.727
1434,2755_soc-Pokec.mtx,,134.895
1435,0358_IG5-8.mtx,,0.457718
1436,0663_fpga_dcop_02.mtx,,1.81999
1437,1780_c-50.mtx,,47.2424
1438,2225_ar2010.mtx,,126.126
1439,1133_mcfe.mtx,,4.26789
1440,1239_rail_5177.mtx,,9.43447
1441,1697_rail_20209.mtx,,36.6051
1442,2311_c-73.mtx,,132.256
1443,1582_lp_nug15.mtx,,19.5107
1444,0843_lp_czprob.mtx,,2.47709
1445,0308_oscil_dcop_45.mtx,,0.462945
1446,1518_cavity15.mtx,,13.2147
1447,0556_ch6-6-b5.mtx,,1.21982
1448,1885_s1rmq4m1.mtx,,47.6273
1449,2492_delaunay_n19.mtx,,256.303
1450,1517_cavity11.mtx,,13.2112
1451,0975_yeast.mtx,,3.8933
1452,1594_msc04515.mtx,,19.5386
1453,0042_rgg010.mtx,,0.0769106
1454,1029_mhd3200b.mtx,,5.38445
1455,1127_model3.mtx,,5.14266
1456,2795_Geo_1438.mtx,,144.882
1457,2625_ship_003.mtx,,143.02
1458,1733_lhr07.mtx,,27.3759
1459,2653_Si87H76.mtx,,138.934
1460,1303_G67.mtx,,12.1576
1461,0061_ibm32.mtx,,0.134276
1462,1925_bcsstm36.mtx,,73.1865
1463,0002_Trec3.mtx,,0.00108447
1464,2673_JP.mtx,,146.605
1465,1923_rgg_n_2_15_s0.mtx,,80.0739
1466,2425_neos3.mtx,,209.287
1467,2676_italy_osm.mtx,,81.9466
1468,0010_ch3-3-b2.mtx,,0.0193485
1469,1329_freeFlyingRobot_13.mtx,,11.6541
1470,2134_rajat17.mtx,,115.309
1471,1349_model4.mtx,,6.59299
1472,2707_af_shell3.mtx,,141.72
1473,0748_fpga_trans_02.mtx,,2.11261
1474,2502_bibd_19_9.mtx,,236.194
1475,2720_rajat31.mtx,,104.018
1476,1721_bloweya.mtx,,28.1663
1477,1425_ch8-8-b2.mtx,,17.1657
1478,0164_west0167.mtx,,0.163865
1479,1331_Franz5.mtx,,13.1389
1480,0818_G18.mtx,,2.28286
1481,0968_lp_fit1d.mtx,,3.15351
1482,2762_vas_stokes_1M.mtx,,139.769
1483,2513_ifiss_mat.mtx,,400.383
1484,2359_TF18.mtx,,182.447
1485,0576_Trefethen_300.mtx,,1.06367
1486,1955_HEP-th.mtx,,60.7137
1487,1257_deter7.mtx,,10.3072
1488,2363_Zd_Jac2.mtx,,203.726
1489,1971_c-65.mtx,,72.6105
1490,0649_fpga_dcop_32.mtx,,1.76473
1491,1563_cis-n4c6-b13.mtx,,18.69
1492,0282_cz148.mtx,,0.411312
1493,0526_ck656.mtx,,1.12036
1494,0531_cis-n4c6-b2.mtx,,1.23914
1495,1493_EX3(0).mtx,,11.5006
1496,0059_GlossGT.mtx,,0.124417
1497,2347_nemeth23.mtx,,237.395
1498,0487_small.mtx,,0.961718
1499,0841_rotor2.mtx,,2.54347
1500,0105_GD99_b.mtx,,0.0803715
1501,0454_Trefethen_200b.mtx,,0.675006
1502,1406_beaflw.mtx,,8.5952
1503,0630_jazz.mtx,,1.04497
1504,2829_com-Orkut.mtx,,110.459
1505,0338_oscil_dcop_44.mtx,,0.449577
1506,1103_sstmodel.mtx,,6.34285
1507,1002_bcsstm37.mtx,,4.31388
1508,0660_fpga_dcop_40.mtx,,1.76473
1509,0502_hangGlider_1.mtx,,0.915601
1510,0751_GL7d26.mtx,,1.20058
1511,0960_bcsstk08.mtx,,2.99876
1512,2610_cont1_l.mtx,,104.597
1513,1931_EAT_SR.mtx,,63.4728
1514,2322_pli.mtx,,204.192
1515,1095_lock_700.mtx,,3.74044
1516,1023_lshp2614.mtx,,5.11118
1517,1026_spiral.mtx,,4.10156
1518,1638_scsd8-2c.mtx,,20.72
1519,0503_dwt_193.mtx,,0.784078
1520,0782_lp_scfxm3.mtx,,2.1243
1521,1281_G3.mtx,,6.19316
1522,0652_fpga_dcop_44.mtx,,1.76526
1523,0135_GD06_theory.mtx,,0.118752
1524,0304_oscil_dcop_10.mtx,,0.462821
1525,0115_curtis54.mtx,,0.0908067
1526,2181_lhr34c.mtx,,120.838
1527,0349_dwt_221.mtx,,0.452516
1528,0474_can_268.mtx,,0.771933
1529,1958_vibrobox.mtx,,54.3934
1530,2494_amazon0312.mtx,,138.269
1531,1793_jnlbrng1.mtx,,53.3325
1532,1948_me2010.mtx,,69.7806
1533,1405_shermanACd.mtx,,11.236
1534,1577_fxm3_6(0).mtx,,17.2863
1535,1573_big.mtx,,24.5052
1536,1483_ex20.mtx,,11.993
1537,0242_flower_7_1.mtx,,0.353043
1538,2394_cfd1.mtx,,271.401
1539,2548_TF19.mtx,,151.055
1540,2319_raefsky4.mtx,,200.196
1541,0947_D_9.mtx,,2.55673
1542,0561_Maragal_2.mtx,,1.12817
1543,1365_rosen2.mtx,,7.038
1544,0521_bp_200.mtx,,1.11733
1545,0463_qh768.mtx,,0.886383
1546,1134_delaunay_n12.mtx,,6.89994
1547,2236_net50.mtx,,125.517
1548,1196_lp_greenbea.mtx,,6.86777
1549,2772_mawi_201512012345.mtx,,82.3233
1550,0612_nos5.mtx,,1.34508
1551,2025_bcsstk17.mtx,,69.0139
1552,1633_scfxm1-2b.mtx,,31.3487
1553,0381_bcsstm26.mtx,,0.608314
1554,2838_kmer_A2a.mtx,,32.321
1555,1752_jan99jac080.mtx,,44.9428
1556,2477_thermomech_dK.mtx,,152.918
1557,0013_relat3.mtx,,0.0238588
1558,2050_af23560.mtx,,90.9435
1559,1965_cit-HepTh.mtx,,62.5353
1560,0844_filter2D.mtx,,3.01755
1561,0732_lp_nug08.mtx,,1.88867
1562,2562_rajat29.mtx,,276.171
1563,1597_se.mtx,,27.793
1564,2835_mycielskian18.mtx,,136.952
1565,0951_D_7.mtx,,3.02977
1566,0009_rel3.mtx,,0.0187619
1567,1811_g3rmt3m3.mtx,,34.3833
1568,2560_apache2.mtx,,313.478
1569,1872_airfoil_2d.mtx,,49.5606
1570,1025_freeFlyingRobot_4.mtx,,4.79815
1571,0323_oscil_dcop_31.mtx,,0.462941
1572,1797_c-52.mtx,,44.1997
1573,1414_ex10.mtx,,10.9992
1574,2244_crystk02.mtx,,153.129
1575,1764_wang3.mtx,,47.3965
1576,0814_G21.mtx,,2.18909
1577,1280_G2.mtx,,6.22248
1578,0006_mycielskian3.mtx,,0.0102904
1579,1691_cavity24.mtx,,22.8783
1580,2632_thermal2.mtx,,118.927
1581,0231_pde225.mtx,,0.344384
1582,2796_hugebubbles-00020.mtx,,46.7232
1583,0320_oscil_dcop_04.mtx,,0.467997
1584,0924_watt_1.mtx,,3.18739
1585,0608_Franz1.mtx,,1.57736
1586,2608_sls.mtx,,116.52
1587,1946_ckt11752_dc_1.mtx,,73.691
1588,2518_smt.mtx,,411.799
1589,1282_G1.mtx,,6.42765
1590,0509_dwt_419.mtx,,0.974784
1591,2443_Stanford.mtx,,99.4341
1592,2817_kmer_V2a.mtx,,33.4764
1593,1509_cegb3306.mtx,,14.7144
1594,1177_spaceShuttleEntry_3.mtx,,6.28255
1595,0812_G15.mtx,,2.19471
1596,0395_tols340.mtx,,0.651459
1597,0520_sherman4.mtx,,1.13345
1598,1537_dano3mip.mtx,,12.7256
1599,1418_Goodwin_013.mtx,,9.94453
1600,0190_zed.mtx,,0.197397
1601,0926_extr1.mtx,,3.41812
1602,2200_nemeth19.mtx,,135.559
1603,2229_soc-Slashdot0811.mtx,,104.012
1604,1919_Goodwin_030.mtx,,51.2857
1605,0373_rw496.mtx,,0.568032
1606,1710_bauru5727.mtx,,38.816
1607,1591_Franz9.mtx,,27.9576
1608,0884_adder_dcop_39.mtx,,2.64129
1609,2159_image_interp.mtx,,122.792
1610,0899_adder_dcop_15.mtx,,2.64064
1611,2445_ASIC_680ks.mtx,,228.361
1612,1512_ex13.mtx,,13.4002
1613,1905_c-60.mtx,,68.8826
1614,2579_para-9.mtx,,245.471
1615,0128_wheel_7_1.mtx,,0.105255
1616,0173_Trec8.mtx,,0.544548
1617,0109_GD97_b.mtx,,0.0807557
1618,2315_n4c6-b7.mtx,,206.497
1619,1315_dw4096.mtx,,11.8171
1620,2102_ASIC_100ks.mtx,,116.826
1621,0204_dwt_234.mtx,,0.260292
1622,0511_L.mtx,,1.09073
1623,0697_jpwh_991.mtx,,1.70034
1624,0601_lpi_klein2.mtx,,1.3328
1625,2414_rajat24.mtx,,178.671
1626,0721_orsirr_1.mtx,,1.90561
1627,2478_stat96v2.mtx,,309.982
1628,2472_ct20stif.mtx,,346.587
1629,1358_meg4.mtx,,12.0363
1630,2556_tmt_unsym.mtx,,275.648
1631,1983_lhr17c.mtx,,62.1083
1632,1552_kineticBatchReactor_7.mtx,,18.9196
1633,0990_lp_pilot_ja.mtx,,3.21981
1634,2291_nemeth21.mtx,,189.321
1635,2221_HTC_336_9129.mtx,,116.066
1636,1663_c-43.mtx,,26.5769
1637,0725_lp_ganges.mtx,,1.92729
1638,0893_adder_dcop_64.mtx,,2.64165
1639,2262_gyro_k.mtx,,147.88
1640,2426_pa2010.mtx,,141.944
1641,0585_mycielskian8.mtx,,0.889344
1642,0156_GD97_c.mtx,,0.132513
1643,1213_ex4.mtx,,6.66146
1644,2815_ML_Geer.mtx,,147.676
1645,0357_shl_0.mtx,,0.511897
1646,2254_preferentialAttachment.mtx,,92.8087
1647,1379_delaunay_n13.mtx,,14.0968
1648,2622_TEM181302.mtx,,141.222
1649,0642_fpga_dcop_10.mtx,,1.82387
1650,2062_t3dl.mtx,,89.7323
1651,2284_landmark.mtx,,229.489
1652,0866_adder_dcop_51.mtx,,2.73233
1653,0882_adder_dcop_38.mtx,,2.64128
1654,1781_CAG_mat1916.mtx,,27.0041
1655,0152_bfwa62.mtx,,0.129824
1656,2790_GAP-road.mtx,,84.9973
1657,0874_adder_dcop_17.mtx,,2.7272
1658,1093_IG5-11.mtx,,4.5262
1659,0122_lp_kb2.mtx,,0.095079
1660,1706_ted_B_unscaled.mtx,,31.6545
1661,1268_poli3.mtx,,10.6765
1662,2019_ted_A_unscaled.mtx,,56.322
1663,2511_ca2010.mtx,,142.344
1664,2479_ramage02.mtx,,354.194
1665,2727_333SP.mtx,,108.007
1666,1850_stat96v5.mtx,,34.7804
1667,2487_belgium_osm.mtx,,201.062
1668,1920_rail516.mtx,,57.4824
1669,1718_bcsstk18.mtx,,34.5464
1670,2371_turon_m.mtx,,220.21
1671,0351_S10PI_n.mtx,,0.499366
1672,0492_nos6.mtx,,1.01362
1673,2482_srb1.mtx,,368.529
1674,0300_oscil_dcop_29.mtx,,0.462945
1675,1516_cavity14.mtx,,13.3485
1676,0953_cz1268.mtx,,3.25428
1677,0607_de063157.mtx,,1.47616
1678,0500_nsic.mtx,,0.941485
1679,0316_oscil_dcop_05.mtx,,0.462661
1680,2175_g7jac180.mtx,,131.101
1681,2266_torso2.mtx,,194.292
1682,1330_freeFlyingRobot_16.mtx,,11.3303
1683,1279_G8.mtx,,6.1901
1684,1828_s1rmt3m1.mtx,,36.9518
1685,0473_str_200.mtx,,0.808253
1686,0040_lpi_bgprtr.mtx,,0.0715828
1687,2797_Serena.mtx,,145.231
1688,0901_adder_dcop_46.mtx,,2.73471
1689,0938_G50.mtx,,3.6507
1690,2122_rajat20.mtx,,94.3119
1691,0054_rel4.mtx,,0.109203
1692,2119_shar_te2-b2.mtx,,113.371
1693,0764_epb0.mtx,,2.32471
1694,2799_soc-LiveJournal1.mtx,,121.977
1695,2538_debr.mtx,,280.424
1696,2339_598a.mtx,,124.369
1697,1150_email-Eu-core.mtx,,4.13101
1698,1935_pwt(1).mtx,,80.5031
1699,1977_k3plates.mtx,,63.2817
1700,1020_spaceStation_6.mtx,,3.66845
1701,1619_wiki-Vote.mtx,,20.9018
1702,1511_ch7-6-b4.mtx,,21.3747
1703,1623_crystm01.mtx,,21.1515
1704,1194_pf2177.mtx,,8.93483
1705,2370_av41092.mtx,,196.327
1706,0714_orbitRaising_2.mtx,,1.71898
1707,1695_cavity17.mtx,,22.9075
1708,1380_tuma2.mtx,,14.5052
1709,2393_ASIC_320ks.mtx,,216.412
1710,0988_Sieber.mtx,,3.73282
1711,1214_plat1919.mtx,,7.03814
1712,0784_lp_grow22.mtx,,1.74961
1713,1622_nasa4704(0).mtx,,19.9611
1714,2612_cage13.mtx,,136.893
1715,0793_Trec10.mtx,,1.43008
1716,1081_Franz2.mtx,,6.31674
1717,0322_oscil_dcop_46.mtx,,0.480654
1718,2520_s4dkt3m2.mtx,,424.647
1719,0438_fs_680_2.mtx,,0.809265
1720,1318_freeFlyingRobot_12.mtx,,10.7899
1721,2739_asia_osm.mtx,,79.1059
1722,1086_c-19.mtx,,5.56574
1723,2309_mac_econ_fwd500.mtx,,185.479
1724,1422_mark3jac020.mtx,,15.427
1725,0451_west0655.mtx,,0.896465
1726,0334_oscil_dcop_53.mtx,,0.462879
1727,0186_gent113.mtx,,0.196367
1728,1084_ch6-6-b3.mtx,,6.34882
1729,0685_fpga_dcop_18.mtx,,1.76473
1730,0134_can_73.mtx,,0.114484
1731,1849_lhr11.mtx,,39.5911
1732,2285_msc23052.mtx,,158.603
1733,0603_de080285.mtx,,1.46118
1734,1915_lhr14.mtx,,52.1135
1735,0914_adder_dcop_34.mtx,,2.64096
1736,2283_bcsstk36.mtx,,176.136
1737,1148_lns_3937.mtx,,6.93447
1738,1007_rosen8.mtx,,2.72133
1739,2223_tube1.mtx,,142.816
1740,2352_lhr71.mtx,,228.702
1741,0495_lp_scrs8.mtx,,0.948311
1742,1933_pwt.mtx,,80.6136
1743,1211_lpl2.mtx,,7.79509
1744,2163_c-64b.mtx,,122.598
1745,0695_dwt_758.mtx,,1.66553
1746,1101_c-20.mtx,,6.08185
1747,2187_dc3.mtx,,93.955
1748,2302_twotone.mtx,,198.709
1749,2563_netherlands_osm.mtx,,95.7506
1750,2303_mn2010.mtx,,136.836
1751,1021_Si2.mtx,,3.15783
1752,1902_Reuters911.mtx,,45.634
1753,0007_Trec5.mtx,,0.0129006
1754,2550_TSOPF_FS_b300_c1.mtx,,346.881
1755,1717_nug08-3rd.mtx,,37.6755
1756,1069_large.mtx,,6.0633
1757,1763_t2dah_e.mtx,,38.0937
1758,2091_patents_main.mtx,,69.0663
1759,1024_lp_cre_a.mtx,,4.86623
1760,2475_helm2d03.mtx,,253.811
1761,2333_std1_Jac3.mtx,,176.067
1762,1729_hangGlider_5.mtx,,29.5906
1763,2571_web-Google.mtx,,117.69
1764,2013_cz40948.mtx,,100.509
1765,0657_fpga_dcop_31.mtx,,1.82693
1766,0507_lp_shell.mtx,,1.02
1767,0270_can_161.mtx,,0.396265
1768,1636_south31.mtx,,31.7338
1769,0172_IG5-7.mtx,,0.15349
1770,1707_lp_osa_07.mtx,,17.5098
1771,0965_n2c6-b8.mtx,,3.358
1772,0993_n2c6-b4.mtx,,4.25516
1773,0291_oscil_dcop_57.mtx,,0.462945
1774,2240_scircuit.mtx,,151.974
1775,2776_Hardesty3.mtx,,106.328
1776,2039_epb3.mtx,,108.601
1777,0352_lpi_vol1.mtx,,0.499522
1778,0615_lpi_pilot4i.mtx,,1.29666
1779,2095_g7jac140.mtx,,109.411
1780,2458_c8_mat11_I.mtx,,277.023
1781,1892_mark3jac100.mtx,,70.3004
1782,1384_mbeaflw.mtx,,7.65306
1783,2261_gyro.mtx,,148.562
1784,1432_fxm3_6.mtx,,14.2149
1785,2112_LeGresley_87936.mtx,,123.933
1786,2544_pdb1HYS.mtx,,421.386
1787,0807_scagr7-2c.mtx,,2.69847
1788,1426_rdist2.mtx,,12.6291
1789,1121_rosen1.mtx,,3.90199
1790,1402_ex3.mtx,,9.55081
1791,0342_abb313.mtx,,0.485785
1792,1203_commanche_dual.mtx,,9.30198
1793,0097_Maragal_1.mtx,,0.07012
1794,1126_lshp3466.mtx,,6.62691
1795,0215_spaceStation_1.mtx,,0.253614
1796,0659_fpga_dcop_42.mtx,,1.76481
1797,0553_fs_541_4.mtx,,1.18998
1798,1377_bips07_1693.mtx,,14.1364
1799,1861_benzene.mtx,,36.9504
1800,0939_lutz30-23-b6.mtx,,3.27347
1801,0052_Hamrle1.mtx,,0.100836
1802,0702_130bit.mtx,,1.50657
1803,1117_spaceStation_13.mtx,,5.08138
1804,0722_lshp1009.mtx,,1.90761
1805,0228_lp_nug05.mtx,,0.308667
1806,1264_lp_woodw.mtx,,4.72001
1807,0616_lp_pilot4.mtx,,1.25488
1808,0431_lpi_reactor.mtx,,0.681463
1809,0687_fpga_dcop_22.mtx,,1.76365
1810,2416_TSOPF_FS_b39_c19.mtx,,212.423
1811,1878_fxm4_6.mtx,,60.165
1812,0629_netscience.mtx,,1.52187
1813,2350_neos.mtx,,186.633
1814,2012_sd2010.mtx,,84.6104
1815,2152_nemeth18.mtx,,116.297
1816,1739_hvdc1.mtx,,40.639
1817,1523_ex28.mtx,,14.0312
1818,0144_impcol_c.mtx,,0.128197
1819,2696_af_3_k101.mtx,,141.16
1820,2208_pds-70.mtx,,97.676
1821,0619_M40PI_n.mtx,,1.69455
1822,0003_mycielskian2.mtx,,0.00215696
1823,1165_3elt.mtx,,8.06039
1824,1969_lp_ken_18.mtx,,77.2048
1825,1963_poisson3Da.mtx,,53.1967
1826,1984_lhr17.mtx,,62.208
1827,0771_bwm2000.mtx,,2.44177
1828,1146_model8.mtx,,6.61012
1829,2512_oilpan.mtx,,413.815
1830,1728_nsir.mtx,,21.8542
1831,2702_af_shell8.mtx,,141.666
1832,1082_utm1700b.mtx,,4.65543
1833,1674_bodyy5.mtx,,36.3574
1834,1857_luxembourg_osm.mtx,,61.7334
1835,1937_shallow_water1.mtx,,85.7909
1836,0388_Trefethen_150.mtx,,0.510889
1837,1950_ct2010.mtx,,66.2235
1838,0277_can_187.mtx,,0.423399
1839,0176_08blocks.mtx,,0.181088
1840,1228_bcsstk11.mtx,,6.89524
1841,2365_2cubes_sphere.mtx,,230.285
1842,1484_aug3d.mtx,,20.1249
1843,0673_fpga_dcop_11.mtx,,1.765
1844,1553_c-44.mtx,,19.6494
1845,2024_helm3d01.mtx,,84.0242
1846,1107_barth4.mtx,,6.89876
1847,0870_adder_dcop_66.mtx,,2.63976
1848,2141_wv2010.mtx,,98.6792
1849,2631_torso1.mtx,,139.265
1850,1014_Erdos02.mtx,,4.72772
1851,1229_bcsstk12.mtx,,7.13202
1852,0080_can_24.mtx,,0.170198
1853,1822_ak2010.mtx,,53.264
1854,0894_adder_dcop_65.mtx,,2.73273
1855,2317_SiO.mtx,,174.667
1856,0031_GD98_a.mtx,,0.0521668
1857,2007_c-57.mtx,,77.6649
1858,0302_oscil_dcop_19.mtx,,0.462803
1859,2005_rail582.mtx,,69.6806
1860,1639_CurlCurl_0.mtx,,27.4384
1861,2703_af_shell6.mtx,,141.696
1862,2775_wikipedia-20061104.mtx,,130.135
1863,1621_nasa4704.mtx,,20.5982
1864,0462_lpi_pang.mtx,,0.798177
1865,0387_bibd_17_3.mtx,,0.446682
1866,2439_pkustk05.mtx,,293.968
1867,1322_rajat01.mtx,,7.3359
1868,1398_mk11-b4.mtx,,13.8208
1869,2542_gupta2.mtx,,289.151
1870,2281_connectus.mtx,,112.261
1871,2395_GL7d14.mtx,,116.473
1872,1167_bayer08.mtx,,6.95852
1873,2648_atmosmodl.mtx,,117.184
1874,1992_nemeth04.mtx,,69.9863
1875,0628_lp_scfxm2.mtx,,1.49083
1876,2611_bmw7st_1.mtx,,140.763
1877,0852_init_adder1.mtx,,2.98808
1878,2271_ibm_matrix_2.mtx,,170.416
1879,0015_Tina_AskCal.mtx,,0.030567
1880,0627_n2c6-b3.mtx,,1.72502
1881,2733_rel9.mtx,,20.7585
1882,2413_trdheim.mtx,0.163840,285.342317
1883,2634_TSOPF_RS_b678_c2.mtx,0.388000,147.296572
1884,2340_raefsky3.mtx,0.164864,247.110564
1885,2412_opt1.mtx,0.161792,282.169070
