mtx,gflops
1009_lp_ship12l.mtx,3.785116
0637_bcspwr07.mtx,1.678870
1471_thermal.mtx,17.840708
2201_fe_ocean.mtx,85.927099
2480_Trec14.mtx,157.237915
1657_bloweybl.mtx,30.387440
0494_str_600.mtx,0.952091
0153_sphere2.mtx,0.124378
2027_GT01R.mtx,88.984822
0309_oscil_dcop_01.mtx,0.473329
2149_TSOPF_RS_b39_c19.mtx,114.992605
2687_venturiLevel3.mtx,62.056033
1504_descriptor_xingo6u.mtx,19.806002
1396_aa6.mtx,11.784486
2397_com-Amazon.mtx,25.433074
1460_rajat07.mtx,17.520011
2193_ky2010.mtx,47.529518
0491_685_bus.mtx,0.896400
0944_grid2_dual.mtx,3.712680
2132_blockqp1.mtx,64.908777
0035_n3c4-b3.mtx,0.416667
2749_nlpkkt80.mtx,116.262435
0267_n3c6-b2.mtx,0.419871
0686_fpga_dcop_21.mtx,1.445358
2023_loc-Brightkite.mtx,34.808016
0297_oscil_dcop_13.mtx,0.454251
1443_viscoplastic1.mtx,14.140793
0908_adder_dcop_52.mtx,3.289266
0067_lpi_woodinfe.mtx,0.043984
0287_oscil_dcop_24.mtx,0.452919
1562_tuma1.mtx,23.250762
0824_p2756.mtx,2.258681
2297_Linux_call_graph.mtx,45.748647
1768_brainpc2.mtx,32.384692
1655_conf6_0-4x4-20.mtx,32.450704
0594_tumorAntiAngiogenesis_6.mtx,1.215617
0365_tols90.mtx,0.439577
2203_rel8.mtx,50.666687
0879_adder_dcop_61.mtx,3.274898
2422_net100.mtx,120.908658
1922_lp_osa_14.mtx,38.147008
2529_ASIC_680k.mtx,86.313686
0715_minnesota.mtx,2.047737
2486_rgg_n_2_18_s0.mtx,66.494752
0068_mycielskian5.mtx,0.046322
1459_car4.mtx,14.647512
0666_fpga_dcop_39.mtx,1.444118
2507_amazon0601.mtx,41.971948
2151_neos2.mtx,77.336682
1454_gen.mtx,13.587336
1176_tomography.mtx,6.341280
0763_jagmesh5.mtx,2.039205
2470_GL7d23.mtx,25.516690
1473_flowmeter0.mtx,17.764861
2089_cage11.mtx,78.811884
0106_bibd_9_3.mtx,0.070088
1317_Trefethen_2000.mtx,10.462115
2424_bcsstk30.mtx,183.453811
0698_bcspwr08.mtx,1.767197
2184_dc2.mtx,67.631133
2038_qc2534.mtx,58.218369
0198_can_96.mtx,0.245839
1536_c-40.mtx,15.747464
2177_copter2.mtx,73.907318
1352_IG5-12.mtx,10.818522
1792_world.mtx,37.292893
1715_case9.mtx,28.791128
0900_adder_dcop_22.mtx,3.187190
1265_GL7d12.mtx,9.314548
0792_nnc1374.mtx,2.190101
1600_ex15.mtx,27.167126
0578_cdde2.mtx,1.326250
0238_rdb200l.mtx,0.334029
1185_deter5.mtx,7.562031
0609_cage.mtx,1.234699
0253_mk10-b1.mtx,0.403135
1544_jan99jac040sc.mtx,17.137360
1362_kneser_8_3_1.mtx,11.552554
1829_s2rmt3m1.mtx,49.082392
2099_ut2010.mtx,38.219268
0789_mhda416.mtx,2.061642
1805_mario001.mtx,38.301161
0104_IG5-6.mtx,0.064186
0622_GL6_D_7.mtx,1.484405
2670_TSOPF_FS_b300_c3.mtx,195.585748
1192_c-28.mtx,7.488372
2401_imagesensor.mtx,116.099102
1601_sctap1-2b.mtx,23.228775
2060_soc-Epinions1.mtx,38.634600
2109_mri1.mtx,60.563097
0187_rel5.mtx,0.209954
1047_bcsstm12.mtx,4.966902
1067_kineticBatchReactor_1.mtx,4.363482
0447_lnsp_511.mtx,0.761542
0781_poli.mtx,1.873684
0984_pde2961.mtx,3.993155
1019_spaceStation_10.mtx,4.383747
1061_rw5151.mtx,5.753881
2304_mycielskian13.mtx,112.394562
1786_bfly.mtx,39.309807
2440_H2O.mtx,146.803709
0082_lap_25.mtx,0.056146
2750_nd24k.mtx,199.854082
0478_ch8-8-b1.mtx,0.959902
0772_G32.mtx,2.335425
0149_gre_115.mtx,0.136666
1442_sit100.mtx,15.531357
1527_LFAT5000.mtx,23.235798
0485_G12.mtx,0.975015
1163_freeFlyingRobot_6.mtx,6.368992
0626_n3c6-b3.mtx,1.501650
0327_oscil_dcop_33.mtx,0.461515
0536_nnc666.mtx,1.042537
0871_adder_dcop_67.mtx,3.187190
2600_Chevron4.mtx,118.219627
2280_ks2010.mtx,52.152394
1673_lp_fit2d.mtx,28.080078
0566_bp_800.mtx,1.034333
0402_Chebyshev1.mtx,0.484893
1251_dynamicSoaringProblem_6.mtx,8.835157
2818_Flan_1565.mtx,143.226660
1296_G27.mtx,12.305325
2264_Dubcova2.mtx,81.754156
0117_pivtol.mtx,0.102478
2668_delaunay_n21.mtx,67.186109
2584_para-5.mtx,80.907581
1087_bcspwr10.mtx,6.077351
0258_gams30am.mtx,0.322678
1136_freeFlyingRobot_5.mtx,5.920520
0535_bp_400.mtx,0.859215
0611_netz4504.mtx,1.464357
1730_vt2010.mtx,26.188336
0421_dwb512.mtx,0.728544
0029_bcsstm01.mtx,0.018608
1417_model9.mtx,10.281305
2551_TSOPF_FS_b300.mtx,305.171967
2066_ted_AB_unscaled.mtx,100.333621
0504_dwt_512.mtx,0.951114
1734_c-49.mtx,29.652946
2301_caidaRouterLevel.mtx,32.014823
2172_brack2.mtx,73.985064
1357_Oregon-1.mtx,10.214465
0916_adder_dcop_35.mtx,3.271088
0707_n4c5-b9.mtx,1.657023
1186_TF14.mtx,7.210431
2699_af_5_k101.mtx,178.531066
0459_wm1.mtx,0.713165
0272_dwt_198.mtx,0.409653
0956_lp_ship08l.mtx,3.024299
2517_power197k.mtx,70.582700
2324_nemeth22.mtx,253.916098
2044_wathen100.mtx,81.114723
0740_cavity02.mtx,1.733176
1932_EAT_RS.mtx,28.017554
2459_c8_mat11.mtx,174.511638
0343_lpi_chemcom.mtx,0.475834
0055_bcsstm03.mtx,0.044051
0848_cage8.mtx,2.768050
0111_ex5.mtx,0.091611
1957_mark3jac120sc.mtx,45.709042
1749_mark3jac060sc.mtx,31.583865
0393_gas11.mtx,0.632686
2310_ok2010.mtx,41.289348
2565_LargeRegFile.mtx,57.725976
2014_nv2010.mtx,37.442579
1220_cavity08.mtx,7.396273
1147_lnsp3937.mtx,6.778815
2136_Delor64K.mtx,66.650314
1830_s3rmt3m1.mtx,50.868034
1128_spaceShuttleEntry_2.mtx,5.867885
2660_fcondp2.mtx,176.486097
0427_M20PI_n1.mtx,0.787204
1962_cond-mat-2005.mtx,36.161984
0496_lp_standgub.mtx,0.820897
1505_ncvxqp1.mtx,19.528185
2076_psmigr_3.mtx,65.496443
0146_bcsstm06.mtx,0.151871
0524_nemscem.mtx,0.932265
2453_pkustk07.mtx,144.251193
1985_g7jac100sc.mtx,50.921560
0345_bcspwr04.mtx,0.511259
0853_adder_dcop_01.mtx,3.143421
2433_wave.mtx,106.722849
2559_engine.mtx,122.787408
0599_M40PI_n1.mtx,1.551356
0980_bibd_17_4b.mtx,3.071298
2777_kron_g500-logn19.mtx,17.030820
0237_bcsstm09.mtx,0.386855
0886_adder_dcop_47.mtx,3.284942
1947_ckt11752_tr_0.mtx,48.160376
2539_Delor338K.mtx,122.679843
2078_soc-sign-Slashdot090216.mtx,30.627284
1685_raefsky6.mtx,29.026111
2115_pfinan512.mtx,76.317290
0911_adder_dcop_31.mtx,3.191260
2256_G_n_pin_pout.mtx,45.415853
1464_Oregon-2.mtx,12.736648
2105_nemeth16.mtx,139.532208
1883_s3rmq4m1.mtx,60.486498
2103_crystm03.mtx,81.777684
1337_beause.mtx,8.992027
1978_vsp_south31_slptsk.mtx,44.936764
1395_lock1074.mtx,10.908860
2543_pkustk10.mtx,220.031353
2250_la2010.mtx,47.272000
0354_lpi_bgdbg1.mtx,0.472159
2746_ML_Laplace.mtx,184.596737
1012_LeGresley_2508.mtx,4.608624
2000_ca-AstroPh.mtx,29.968984
0643_fpga_dcop_04.mtx,1.450154
2247_co2010.mtx,43.515538
2218_vsp_vibrobox_scagr7-2c_rlfddd.mtx,51.631127
0835_IG5-10.mtx,2.578888
2252_kneser_10_4_1.mtx,30.659127
0154_lpi_ex73a.mtx,0.146357
1110_G39.mtx,5.558282
0121_impcol_b.mtx,0.093009
0716_cr42.mtx,1.749273
1465_fe_4elt2.mtx,16.810347
0632_lp_grow15.mtx,1.473325
2129_nd2010.mtx,47.334090
2558_ship_001.mtx,224.245190
0735_rdb1250.mtx,2.119321
0860_adder_dcop_09.mtx,3.247327
1587_cti.mtx,24.766110
1713_ccc.mtx,36.744580
1125_add32.mtx,6.346220
2094_g7jac140sc.mtx,57.574364
1683_abtaha2.mtx,30.508671
0145_west0132.mtx,0.127208
1306_freeFlyingRobot_10.mtx,9.794721
0610_dwt_607.mtx,1.319702
2803_audikw_1.mtx,114.096575
1506_xingo3012.mtx,19.293477
2669_test1.mtx,30.264742
0394_gre_512.mtx,0.633160
0452_ck400.mtx,0.760841
1615_psse0.mtx,25.595202
1475_powersim.mtx,17.097811
0285_oscil_dcop_38.mtx,0.461584
1800_g7jac060.mtx,34.454499
2241_crplat2.mtx,159.731715
1801_vsp_barth5_1Ksep_50in_5Kout.mtx,23.002881
0635_plat362.mtx,1.542933
1385_mbeacxc.mtx,10.624667
0437_fs_680_1.mtx,0.764519
2273_ts-palko.mtx,88.963486
2015_onera_dual.mtx,63.438408
0880_adder_dcop_62.mtx,3.241389
0326_oscil_dcop_32.mtx,0.451396
2042_OPF_10000.mtx,61.278873
2230_ne2010.mtx,49.460342
0523_can_445.mtx,1.065604
1451_c-35.mtx,14.571594
1870_a5esindl.mtx,48.182145
2398_appu.mtx,56.016323
2342_web-NotreDame.mtx,77.319320
0379_west0479.mtx,0.554427
0806_laser.mtx,2.696629
1631_co9.mtx,21.172234
2582_para-8.mtx,84.544728
2515_parabolic_fem.mtx,81.483596
2307_amazon0302.mtx,40.703298
0816_G16.mtx,2.123878
1539_gen2.mtx,18.113521
0759_model2.mtx,1.588266
0168_lnsp_131.mtx,0.165075
2276_dbic1.mtx,44.522120
2214_ch7-8-b5.mtx,94.500000
2238_soc-Slashdot0902.mtx,37.868881
2344_boyd2.mtx,76.502078
1567_jendrec1.mtx,19.950573
0440_tumorAntiAngiogenesis_2.mtx,0.689928
1578_ex26.mtx,20.852201
2155_ch7-8-b4.mtx,90.600924
1760_epb2.mtx,41.392219
0646_fpga_dcop_29.mtx,1.440411
0537_1138_bus.mtx,1.129877
2037_tandem_dual.mtx,64.131049
0862_adder_dcop_11.mtx,3.163033
0275_dwt_245.mtx,0.409818
1285_jan99jac020.mtx,8.957518
0481_str_400.mtx,0.846040
1993_nemeth03.mtx,90.490030
1550_bcsstk13.mtx,17.282992
1400_aa4.mtx,11.664093
2017_cit-HepPh.mtx,30.531431
0192_bcsstk22.mtx,0.220183
0997_c-18.mtx,3.688505
0298_oscil_dcop_22.mtx,0.457753
1790_lowThrust_5.mtx,41.296763
2405_conf6_0-8x8-80.mtx,178.020802
2651_crankseg_1.mtx,174.925385
1017_rbsb480.mtx,3.871319
1839_mark3jac080sc.mtx,38.840518
1355_Franz4.mtx,12.956837
0829_can_838.mtx,2.588570
0696_dwt_503.mtx,1.585010
2249_or2010.mtx,42.004889
1944_usroads.mtx,38.551704
0528_tumorAntiAngiogenesis_3.mtx,1.018032
0633_rdb968.mtx,1.680191
0382_mk11-b1.mtx,0.624310
0289_oscil_dcop_21.mtx,0.460072
0268_n2c6-b2.mtx,0.418969
1865_rajat26.mtx,38.113744
1236_cell1.mtx,9.541473
0093_divorce.mtx,0.080964
2836_Queen_4147.mtx,110.997533
1907_dixmaanl.mtx,59.523413
0205_grid1_dual.mtx,0.252101
1234_c-26.mtx,7.407399
1606_piston.mtx,16.217772
2578_cont11_l.mtx,70.116696
0424_lp_etamacro.mtx,0.711541
0747_scrs8-2b.mtx,2.057821
0921_adder_dcop_49.mtx,3.195340
0934_G52.mtx,2.819492
0413_dwt_310.mtx,0.696642
1904_finance256.mtx,53.479531
1827_bcsstk28.mtx,36.482718
0133_west0156.mtx,0.119044
1376_rajat13.mtx,9.793214
2113_GL7d24.mtx,28.191968
0534_lp_stair.mtx,0.968663
0439_mcca.mtx,0.710963
1071_mk11-b2.mtx,5.994810
1740_lock3491.mtx,35.371252
0701_delaunay_n10.mtx,1.620575
0678_fpga_dcop_13.mtx,1.435673
1041_wang1.mtx,5.228810
2092_Goodwin_040.mtx,97.989707
1312_mk12-b2.mtx,11.671579
0855_TF13.mtx,2.775779
2161_cyl6.mtx,136.084786
0596_bp_1600.mtx,1.172439
1324_freeFlyingRobot_15.mtx,10.722531
0568_IG5-9.mtx,1.070634
0935_G54.mtx,2.675107
1645_ex31.mtx,26.421667
1940_inlet.mtx,67.086841
2621_shipsec1.mtx,229.458438
2430_mc2depi.mtx,102.036875
1157_as-735.mtx,6.525394
2154_md2010.mtx,40.219249
2731_Freescale2.mtx,49.421927
1373_ex24.mtx,11.719851
0730_bcsstm07.mtx,1.904412
0098_d_dyn.mtx,0.072761
0422_dwt_307.mtx,0.672262
2607_TSOPF_RS_b2052_c1.mtx,417.030069
0538_celegans_metabolic.mtx,1.026645
1559_t2d_q9.mtx,22.778432
1039_polblogs.mtx,4.885722
2197_pkustk02.mtx,97.215554
2227_nw14.mtx,89.044034
2500_wiki-talk-temporal.mtx,24.308335
2090_k1_san.mtx,76.190826
1301_G22.mtx,12.305325
1106_lp_80bau3b.mtx,5.005164
1328_flower_5_4.mtx,11.198267
0140_bcsstk01.mtx,0.118431
0983_adder_trans_02.mtx,3.711086
1074_swang2.mtx,5.429465
2540_pkustk04.mtx,178.677283
2204_nj2010.mtx,47.880459
0233_fs_183_6.mtx,0.260382
1304_n2c6-b6.mtx,10.408482
0180_Sandi_sandi.mtx,0.173139
0694_bfwb782.mtx,1.573176
1321_Alemdar.mtx,11.332269
1716_TSOPF_FS_b9_c6.mtx,28.724061
1171_bayer07.mtx,4.622001
0604_rel6.mtx,1.405428
1450_mk12-b5.mtx,15.825933
1899_sinc12.mtx,45.139403
2164_c-64.mtx,67.402911
2417_mixtank_new.mtx,121.593235
0046_problem.mtx,0.565789
0174_can_61.mtx,0.140870
2764_GL7d18.mtx,17.168980
0433_lp_grow7.mtx,0.711329
1011_lp_pds_02.mtx,3.837212
1149_lp_degen3.mtx,6.241747
2641_gupta3.mtx,198.764086
0639_fpga_dcop_07.mtx,1.436810
0847_lpi_cplex1.mtx,2.801177
0969_CAG_mat364.mtx,3.369296
2664_fullb.mtx,174.628827
2278_ex11.mtx,135.333786
0888_adder_dcop_48.mtx,3.216819
1223_lp_d2q06c.mtx,6.783759
2738_dielFilterV2clx.mtx,33.760033
1139_email-Eu-core-temporal.mtx,6.169018
1533_kineticBatchReactor_5.mtx,17.302271
0562_pde900.mtx,1.251786
0222_ck104.mtx,0.280741
2728_CoupCons3D.mtx,183.282449
1846_lp_pds_20.mtx,24.112245
1199_c-23.mtx,6.779887
1999_nemeth09.mtx,94.856937
1579_stormg2-27.mtx,22.021490
0050_GD95_b.mtx,0.031367
0107_wheel_6_1.mtx,0.080866
1108_G36.mtx,5.232822
1429_ex10hs.mtx,13.186378
2295_az2010.mtx,39.481565
2150_rgg_n_2_16_s0.mtx,80.723648
0162_bcsstm20.mtx,0.173493
1769_nemsemm2.mtx,32.718317
0441_lshp_406.mtx,0.750484
0411_lp_israel.mtx,0.589101
2684_higgs-twitter.mtx,27.097482
2709_human_gene2.mtx,103.081822
0621_dynamicSoaringProblem_1.mtx,1.203498
0084_pores_1.mtx,0.060514
1772_ca-CondMat.mtx,23.610483
2630_Ge99H100.mtx,110.989349
0542_nos2.mtx,1.193423
2045_nemeth13.mtx,108.463139
1812_mk12-b3.mtx,44.196429
1689_cavity21.mtx,30.942006
0443_lp_finnis.mtx,0.772676
1545_jan99jac040.mtx,17.089634
0076_bcsstm05.mtx,0.058790
2131_mt2010.mtx,40.959949
1970_bibd_16_8.mtx,67.218802
0290_oscil_dcop_25.mtx,0.463664
0605_spaceStation_3.mtx,1.351967
2549_TSOPF_RS_b678_c1.mtx,356.595612
0737_reorientation_1.mtx,1.747406
0169_lns_131.mtx,0.156611
0832_lp_maros.mtx,2.242699
1825_ABACUS_shell_ld.mtx,39.905753
1230_G60.mtx,9.016958
2638_CurlCurl_2.mtx,99.482494
1367_circuit_3.mtx,11.588108
1275_G6.mtx,10.043734
2387_bbmat.mtx,184.794993
2202_TSC_OPF_300.mtx,129.433730
0160_bcspwr03.mtx,0.156348
2125_TSOPF_FS_b162_c1.mtx,73.225438
2743_F1.mtx,56.595457
1912_Na5.mtx,47.012767
2128_c-69.mtx,65.265415
1468_aa5.mtx,14.178867
2807_Long_Coup_dt0.mtx,107.500353
0331_oscil_dcop_48.mtx,0.451132
0618_bcspwr06.mtx,1.460860
1743_c-48.mtx,32.709010
0497_qh882.mtx,0.937526
1278_G9.mtx,9.893461
0977_Erdos972.mtx,4.611129
0138_tub100.mtx,0.131496
1469_lpi_bgindy.mtx,14.928137
1708_lp_maros_r7.mtx,34.316039
1091_bcsstk10.mtx,5.294470
2773_dgreen.mtx,18.069038
0193_will199.mtx,0.209535
1022_reorientation_2.mtx,4.186536
1054_G46.mtx,5.998199
0854_deter0.mtx,2.917994
1302_p2p-Gnutella04.mtx,8.556697
2597_marine1.mtx,101.662743
0887_adder_dcop_29.mtx,3.223735
1175_stormg2-8.mtx,7.237769
1823_ABACUS_shell_md.mtx,41.592233
0124_dwt_66.mtx,0.100597
0119_mesh1em1.mtx,0.093350
2217_c-71.mtx,71.749082
0325_oscil_dcop_08.mtx,0.461102
1974_c-53.mtx,39.926307
1750_f855_mat9_I.mtx,34.588687
2415_coAuthorsDBLP.mtx,48.313101
2353_sparsine.mtx,53.227085
1038_spaceStation_11.mtx,4.987239
1819_jan99jac100.mtx,34.125682
0833_M80PI_n.mtx,3.184174
2704_af_shell1.mtx,177.711178
1080_bcsstk34.mtx,4.860547
1629_lp_pds_10.mtx,16.511432
2588_Goodwin_127.mtx,193.761359
2605_shipsec8.mtx,208.753734
2436_gupta1.mtx,118.207936
0739_cavity03.mtx,1.847919
0446_problem1.mtx,0.816273
0436_fs_680_3.mtx,0.772442
2794_Hook_1498.mtx,64.163678
1073_lshp3025.mtx,5.520138
2566_ecology2.mtx,79.112454
1535_relat7.mtx,17.267325
2296_Maragal_7.mtx,59.183485
0039_bcsstm02.mtx,0.025576
1799_g7jac060sc.mtx,34.692603
2741_CurlCurl_4.mtx,69.130138
0072_lp_sc50b.mtx,0.044679
2589_pre2.mtx,73.466172
2420_TSC_OPF_1047.mtx,188.337100
0949_ch7-6-b2.mtx,3.719008
2805_channel-500x100x100-b050.mtx,56.766749
1404_kineticBatchReactor_3.mtx,10.987715
1259_lhr02.mtx,8.411938
1195_freeFlyingRobot_7.mtx,7.028753
2435_144.mtx,35.446524
0375_p0548.mtx,0.428037
0020_ch3-3-b1.mtx,0.014068
1566_garon1.mtx,19.954449
1271_dynamicSoaringProblem_8.mtx,8.842105
2070_c-67b.mtx,62.935991
1986_g7jac100.mtx,49.154760
2745_adaptive.mtx,47.201529
0513_bfwa398.mtx,0.959186
1174_fd12.mtx,8.114612
2570_tmt_sym.mtx,94.982774
1123_cis-n4c6-b3.mtx,6.506812
0910_adder_dcop_12.mtx,3.254522
2316_Maragal_8.mtx,52.896242
0260_impcol_e.mtx,0.369910
2484_roadNet-PA.mtx,43.458842
1215_rajat03.mtx,9.422306
2810_nlpkkt120.mtx,54.065722
1496_bibd_14_7.mtx,15.052632
0319_oscil_dcop_27.mtx,0.452985
0158_lpi_ex72a.mtx,0.146235
1642_g7jac040.mtx,24.075373
0378_lp_capri.mtx,0.509609
1222_poli_large.mtx,7.387536
1290_spaceShuttleEntry_4.mtx,9.333882
0529_young3c.mtx,1.136344
0505_west0989.mtx,0.942195
0234_fs_183_1.mtx,0.250880
0897_adder_dcop_26.mtx,3.170120
0053_lp_afiro.mtx,0.030677
0613_tols2000.mtx,1.363493
2348_nemeth25.mtx,260.378574
0785_lp_ship12s.mtx,1.908756
0083_relat4.mtx,0.063739
2649_atmosmodm.mtx,89.178707
2609_nd6k.mtx,338.593358
0165_lesmis.mtx,0.146019
0571_nos7.mtx,1.319708
0337_oscil_dcop_40.mtx,0.461033
0137_olm100.mtx,0.133423
2490_net150.mtx,142.931721
2251_cont-300.mtx,95.335006
2358_ch7-9-b4.mtx,119.211564
2034_rajat15.mtx,47.721678
2118_neos1.mtx,78.629598
2267_IG5-17.mtx,64.057435
2508_Chevron3.mtx,152.913824
1383_cryg10000.mtx,14.604467
2568_wiki-Talk.mtx,16.762591
1178_c-22.mtx,6.165937
1641_mark3jac040sc.mtx,24.186567
1276_G10.mtx,10.250434
1490_nopoly.mtx,16.662825
0547_TF12.mtx,1.096967
0073_GD99_c.mtx,0.051441
1531_lock2232.mtx,18.006050
1927_crystm02.mtx,61.000283
1457_bcsstk14.mtx,13.856098
0210_gre_216b.mtx,0.250429
0449_nemsafm.mtx,0.695032
0303_oscil_dcop_47.mtx,0.456737
1027_ODLIS.mtx,5.052194
1031_bcsstk09.mtx,4.352969
1479_lp22.mtx,13.970435
0252_ch7-6-b1.mtx,0.393812
0516_saylr3.mtx,1.122754
2596_rajat30.mtx,68.881258
0761_mahindas.mtx,1.784437
0560_bcsstk02.mtx,1.388588
2656_mycielskian15.mtx,149.827197
1132_spaceStation_14.mtx,6.064323
1502_aa01.mtx,16.045080
1945_n4c6-b12.mtx,59.418958
0460_bfwb398.mtx,0.795734
1182_ACTIVSg2000.mtx,7.778338
2617_specular.mtx,322.018443
1140_G55.mtx,7.653399
2325_heart1.mtx,133.967854
1063_aircraft.mtx,5.951255
0927_Franz3.mtx,3.321320
1785_delaunay_n15.mtx,38.920396
0720_bcsstk19.mtx,1.915048
1335_n3c6-b8.mtx,10.840859
2255_smallworld.mtx,79.232707
0028_Tina_DisCog.mtx,0.325424
1630_vsp_p0291_seymourl_iiasa.mtx,19.607972
1859_cond-mat-2003.mtx,31.810508
0251_bibd_9_5.mtx,0.292513
1120_ex29.mtx,6.188355
2427_sme3Db.mtx,45.386031
1854_ca-HepPh.mtx,24.687256
2305_msc10848.mtx,129.450316
0407_ch5-5-b3.mtx,0.650936
2672_CurlCurl_3.mtx,88.358284
2329_ga2010.mtx,37.949421
1678_Wordnet3.mtx,15.855473
0690_orsirr_2.mtx,1.685726
0401_mhdb416.mtx,0.687891
0087_GD98_b.mtx,0.063148
0775_lp_sierra.mtx,1.873990
2501_stat96v3.mtx,99.802545
1898_raefsky1.mtx,62.445836
0978_n4c5-b4.mtx,3.946859
0831_dw2048.mtx,2.814918
0313_oscil_dcop_18.mtx,0.455592
1109_G40.mtx,5.145294
2158_thermomech_TC.mtx,34.124209
0099_d_dyn1.mtx,0.073650
2168_G2_circuit.mtx,85.935904
1507_c-37.mtx,16.406899
2587_largebasis.mtx,172.531922
0598_SmaGri.mtx,1.192196
2441_exdata_1.mtx,248.739698
1737_bayer04.mtx,36.382390
1287_nasa1824.mtx,9.593345
0950_Trefethen_700.mtx,3.271881
0364_dwt_209.mtx,0.487825
1232_shar_te2-b1.mtx,9.754157
0419_lp_bandm.mtx,0.632834
2071_Maragal_6.mtx,55.489577
1991_delaunay_n16.mtx,56.503306
0631_lp_bnl1.mtx,1.308111
2051_rajat18.mtx,54.648606
2248_pkustk01.mtx,124.160751
1245_Trec11.mtx,8.455891
2519_s3dkt3m2.mtx,258.449425
1187_n3c6-b5.mtx,8.353268
0118_mesh1e1.mtx,0.095238
2137_Trec13.mtx,97.289781
0294_oscil_dcop_11.mtx,0.459524
2606_boneS01.mtx,193.325234
1055_G45.mtx,5.929663
0976_orsreg_1.mtx,4.198129
1549_utm5940.mtx,21.116232
1918_mk12-b4.mtx,56.818803
0450_Erdos991.mtx,1.015953
1661_cvxqp3.mtx,29.684159
1446_testbig.mtx,15.776555
2139_g7jac160sc.mtx,60.646162
1659_foldoc.mtx,23.710905
0217_lop163.mtx,0.291187
1670_jan99jac060sc.mtx,23.931132
1143_TSOPF_FS_b9_c1.mtx,5.246699
1313_cage9.mtx,10.685678
2138_g7jac160.mtx,62.436742
0752_lung1.mtx,2.040429
0468_bibd_12_4.mtx,0.669824
0518_mk9-b2.mtx,1.168470
0195_n3c6-b11.mtx,0.210403
1834_lowThrust_11.mtx,45.608518
1102_ex22.mtx,5.173081
1753_jan99jac080sc.mtx,28.374194
1013_dwt_992.mtx,4.347962
0033_GD95_a.mtx,0.018824
1098_saylr4.mtx,6.246606
2098_mri2.mtx,65.522362
0623_rajat19.mtx,1.206885
2528_xenon2.mtx,141.313403
0517_steam1.mtx,1.039657
2272_3D_51448_3D.mtx,129.280558
1543_lhr04c.mtx,16.277586
2147_heart2.mtx,81.425914
0361_shl_200.mtx,0.371863
2498_pkustk08.mtx,157.015620
0671_fpga_dcop_12.mtx,1.451232
1272_lp_nug12.mtx,9.026511
2533_barrier2-9.mtx,76.660936
1253_wb-cs-stanford.mtx,6.596384
2077_ford2.mtx,68.786765
1701_mplate.mtx,34.303981
0269_n4c5-b2.mtx,0.417240
2747_wiki-topcats.mtx,18.558641
0157_lp_scagr7.mtx,0.136785
0477_bcsstk20.mtx,0.900345
2182_lhr34.mtx,97.308030
1696_cavity19.mtx,30.865982
2761_ss.mtx,42.146468
0466_D_11.mtx,0.787620
1105_sherman2.mtx,5.543447
2450_poisson3Db.mtx,31.482131
2287_dbir2.mtx,62.397446
2419_bcsstk32.mtx,171.873486
0569_tumorAntiAngiogenesis_4.mtx,1.119016
1168_bayer06.mtx,5.098641
2640_gearbox.mtx,166.782760
2787_boneS10.mtx,63.025458
2057_c-66.mtx,59.739854
2021_ncvxqp5.mtx,59.552410
2407_conf5_4-8x8-15.mtx,171.437464
0363_CSphd.mtx,0.620874
0026_kleemin.mtx,0.283871
1179_ca-GrQc.mtx,8.321608
1292_G29.mtx,12.513302
0406_lp_scsd1.mtx,0.544398
0414_lund_a.mtx,0.637594
1821_lowThrust_8.mtx,43.704190
0780_diag.mtx,2.474376
1558_fv2.mtx,22.739744
2399_n4c6-b9.mtx,118.955557
1949_graham1.mtx,70.856177
1341_nopss_11k.mtx,11.642746
0826_lp_fit1p.mtx,2.552179
1820_TF16.mtx,34.469106
0929_freeFlyingRobot_2.mtx,2.858199
1231_G61.mtx,9.210689
2444_citationCiteseer.mtx,23.288859
2036_ex40.mtx,33.459619
0805_iprob.mtx,2.194854
2185_trans5.mtx,67.242465
1010_flower_4_4.mtx,4.296412
1891_mark3jac100sc.mtx,41.567442
2822_Bump_2911.mtx,63.703239
1431_pcb3000.mtx,10.929644
1142_dwt_2680.mtx,6.299018
0708_Pd_rhs.mtx,1.808638
0465_wm3.mtx,0.729252
2231_sx-superuser.mtx,26.363924
1926_cegb2919.mtx,45.056120
2290_struct3.mtx,121.456408
1994_nemeth02.mtx,89.882299
0810_lp_pilot_we.mtx,1.968554
1486_lp_wood1p.mtx,14.388525
2116_finan512.mtx,74.586707
0103_GD96_c.mtx,0.077101
1634_baxter.mtx,23.408371
0397_p0282.mtx,0.583785
1614_mhd4800a.mtx,22.301418
2601_TEM152078.mtx,147.717706
2531_barrier2-11.mtx,63.875529
1613_c-41.mtx,14.047356
2277_pds-100.mtx,32.153551
0863_adder_dcop_19.mtx,2.952994
1235_bips98_606.mtx,8.707357
1040_wang2.mtx,5.218806
1914_lhr14c.mtx,52.477286
0754_dwt_878.mtx,1.968548
2504_m14b.mtx,37.121162
2403_loc-Gowalla.mtx,12.724512
1316_dw8192.mtx,11.351734
1560_t2d_q4.mtx,22.754608
0998_spaceStation_5.mtx,3.787705
2162_Pres_Poisson.mtx,109.366539
0086_GD96_b.mtx,0.066403
1119_hydr1c.mtx,6.187028
1348_g7jac020sc.mtx,11.184502
2496_cnr-2000.mtx,136.364299
1356_bcsstm39.mtx,13.880991
0089_n2c6-b1.mtx,0.082450
1936_fe_body.mtx,55.639793
1682_c-39.mtx,19.979701
0658_fpga_dcop_41.mtx,1.437950
2726_as-Skitter.mtx,21.901215
1588_cq9.mtx,18.864643
1242_soc-sign-bitcoin-otc.mtx,7.237824
2237_wa2010.mtx,39.003417
1671_aft02.mtx,28.984120
1042_ex21.mtx,4.213492
1166_mhd4800b.mtx,7.727081
1789_obstclae.mtx,48.232365
1938_shallow_water2.mtx,74.481191
1391_abtaha1.mtx,13.150583
2782_dielFilterV2real.mtx,35.019929
1554_kineticBatchReactor_8.mtx,16.548951
1184_n2c6-b5.mtx,8.031944
0227_GD00_c.mtx,0.312378
2697_af_4_k101.mtx,177.052418
1911_lp_nug20.mtx,9.643128
0891_adder_dcop_59.mtx,3.147055
1244_c-24.mtx,7.518745
0091_can_62.mtx,0.073388
1088_sctap1-2c.mtx,5.274922
1889_rlfdual.mtx,56.434417
0773_G34.mtx,2.413637
0909_adder_dcop_55.mtx,3.152789
0971_uk.mtx,3.998830
0544_lp_degen2.mtx,1.111817
1193_plbuckle.mtx,7.495169
2374_Zd_Jac6.mtx,123.106677
1209_reorientation_3.mtx,7.483075
0565_qiulp.mtx,1.288768
2274_dbir1.mtx,67.803519
0262_S10PI_n1.mtx,0.409961
2767_inline_1.mtx,46.418554
1289_cat_ears_3_4.mtx,9.817010
2577_Chebyshev4.mtx,135.258960
1952_gyro_m.mtx,52.649397
2680_GL7d16.mtx,12.493199
0681_fpga_dcop_27.mtx,1.370392
1060_lpi_gran.mtx,4.756623
1173_G62.mtx,8.426121
0254_n3c5-b5.mtx,0.379804
0201_bwm200.mtx,0.256733
0085_wheel_5_1.mtx,0.052179
0648_fpga_dcop_50.mtx,1.439883
1364_gemat1.mtx,12.633418
1077_circuit_2.mtx,5.244681
2674_hugetrace-00000.mtx,28.948894
2438_wheel_601.mtx,30.086053
0292_oscil_dcop_14.mtx,0.405462
2379_bibd_18_9.mtx,122.062833
1778_mult_dcop_01.mtx,24.673007
0008_b1_ss.mtx,0.101351
0952_Kohonen.mtx,3.354235
2133_rajat16.mtx,58.547986
0403_netz4504_dual.mtx,0.689940
2721_M6.mtx,20.257299
0986_hangGlider_2.mtx,3.427178
2491_pkustk03.mtx,179.877952
0329_oscil_dcop_34.mtx,0.450277
1896_g7jac080.mtx,40.342528
1411_c-32.mtx,9.336019
1347_g7jac020.mtx,11.078216
1586_linverse.mtx,27.223656
1939_lpl1.mtx,50.078009
2210_g7jac200.mtx,66.658924
1684_ACTIVSg10K.mtx,29.049035
0919_adder_dcop_45.mtx,3.217279
0653_fpga_dcop_43.mtx,1.466949
1798_c-51.mtx,38.358364
0769_cat_ears_2_4.mtx,2.128533
1632_c-42.mtx,16.001886
1224_gemat12.mtx,9.122744
0869_adder_dcop_57.mtx,3.209475
1421_bcsstk27.mtx,12.153746
1627_gen4.mtx,22.174534
2349_nemeth26.mtx,260.918191
1538_GL7d25.mtx,14.563302
1161_qc324.mtx,6.246787
2723_kron_g500-logn18.mtx,12.996901
0710_lp_ship04l.mtx,1.502414
0230_relat5.mtx,0.327656
2029_stormg2-125.mtx,52.842542
2561_s3dkq4m2.mtx,284.108259
2389_IG5-18.mtx,64.985845
0933_G53.mtx,2.682694
2002_mark3jac140.mtx,50.221119
1869_tandem_vtx.mtx,43.730042
1996_nemeth06.mtx,91.624043
2292_xenon1.mtx,109.662504
1680_bodyy6.mtx,33.835028
1016_rbsa480.mtx,3.757256
1676_c-46.mtx,25.874988
0758_WorldCities.mtx,1.626921
1831_lowThrust_9.mtx,44.263052
2378_fem_filter.mtx,102.169199
1679_mycielskian11.mtx,28.485938
1783_skirt.mtx,41.728421
2532_barrier2-12.mtx,75.241687
0662_fpga_dcop_33.mtx,1.308897
1004_ukerbe1.mtx,4.545297
2604_auto.mtx,12.605372
1584_epb1.mtx,22.767186
1314_Lederberg.mtx,9.383331
0683_fpga_dcop_17.mtx,1.434100
1151_cz2548.mtx,6.162746
0640_fpga_dcop_06.mtx,1.447807
0791_lp_scsd8.mtx,1.901429
2148_heart3.mtx,79.395000
1048_spaceStation_9.mtx,4.591901
1668_memplus.mtx,25.177128
0488_dwt_346.mtx,0.877584
0962_lpi_klein3.mtx,3.101930
2160_Zd_Jac3_db.mtx,78.619790
0820_mk10-b2.mtx,2.482922
0802_EPA.mtx,2.025531
2048_c-59.mtx,62.606475
2234_kim1.mtx,137.194208
2011_rail507.mtx,39.058084
1018_add20.mtx,4.091908
1122_geom.mtx,6.967062
1310_bips98_1142.mtx,11.043654
1299_G31.mtx,12.177886
2190_vsp_mod2_pgp2_slptsk.mtx,42.251424
2644_flickr.mtx,17.334176
0557_N_biocarta.mtx,1.054103
2647_kron_g500-logn17.mtx,13.185031
2456_nv1.mtx,74.794827
0964_power.mtx,3.160316
2081_e40r0100.mtx,68.046958
1378_lp_ken_11.mtx,12.098150
2176_g7jac180sc.mtx,64.281806
0744_jagmesh3.mtx,2.035956
2483_stomach.mtx,123.425770
1057_G57.mtx,5.659310
0429_rdb450.mtx,0.774310
2759_3Dspectralwave.mtx,41.814934
1444_barth5.mtx,15.220696
0069_ch4-4-b1.mtx,0.054566
0377_mesh3em5.mtx,0.496256
1434_co5.mtx,13.708309
1472_ex14.mtx,15.275077
1840_mark3jac080.mtx,37.311564
1361_nl.mtx,11.165579
1180_n4c5-b7.mtx,7.583779
0126_GD97_a.mtx,0.104831
0906_adder_dcop_33.mtx,3.117826
0692_fs_760_1.mtx,1.586408
0733_lp_qap8.mtx,1.658936
1270_rkat7_mat5.mtx,8.402557
1162_ex2.mtx,5.368874
0063_bcsstm04.mtx,0.050449
0071_Trec7.mtx,1.027972
2645_shipsec5.mtx,169.756874
2391_Goodwin_071.mtx,152.180287
1893_t520.mtx,58.568419
1856_ACTIVSg70K.mtx,38.192542
1667_ri2010.mtx,23.107313
1572_IG5-13.mtx,19.623279
1112_G42.mtx,5.373019
0680_fpga_dcop_15.mtx,1.441821
2437_il2010.mtx,37.177008
1006_lp_cre_c.mtx,3.208233
0704_lp_perold.mtx,1.453256
1058_sherman3.mtx,5.580223
0679_fpga_dcop_16.mtx,1.433751
2806_Long_Coup_dt6.mtx,90.644052
1964_HEP-th-new.mtx,29.888767
2585_Hamrle3.mtx,96.317796
2243_pcrystk02.mtx,57.317691
2509_stormG2_1000.mtx,67.456566
0522_QRpivot.mtx,0.991925
1386_lp_fit2p.mtx,11.186652
1160_Maragal_4.mtx,5.560087
1702_fome12.mtx,19.947936
2130_nemeth17.mtx,140.524495
0226_nos1.mtx,0.335035
0499_lp_beaconfd.mtx,0.680919
2785_nv2.mtx,13.470286
0101_lpi_forest6.mtx,0.072247
0846_email.mtx,2.430769
0274_lp_bore3d.mtx,0.364781
1929_usroads-48.mtx,35.371847
0390_p0201.mtx,0.530923
0550_b_dyn.mtx,1.143164
1500_slptsk.mtx,16.935032
0985_Erdos982.mtx,4.901961
1062_stoch_aircraft.mtx,5.722716
1350_eurqsa.mtx,12.716550
0898_adder_dcop_25.mtx,3.200797
1725_Trec12.mtx,31.188821
1860_astro-ph.mtx,28.759725
1519_cavity12.mtx,17.427430
1646_de2010.mtx,21.068530
1777_mult_dcop_03.mtx,25.486875
1660_bodyy4.mtx,31.186189
2354_lp_nug30.mtx,37.303259
1064_CollegeMsg.mtx,4.573231
1129_ch.mtx,6.016475
2279_vsp_finan512_scagr7-2c_rlfddd.mtx,50.246444
0286_oscil_dcop_43.mtx,0.453185
1521_aug2d.mtx,20.189725
0706_jagmesh1.mtx,1.648638
2362_d_pretok.mtx,94.539130
1263_t2dal_a.mtx,9.775603
0724_spaceShuttleEntry_1.mtx,1.616847
2096_c-68.mtx,62.945507
1894_bcsstk16.mtx,62.635462
1164_zenios.mtx,7.057098
2592_consph.mtx,209.020187
2694_af_0_k101.mtx,176.841906
1916_c-61.mtx,17.052585
2516_mycielskian14.mtx,146.685137
0092_dwt_72.mtx,0.073559
1319_utm3060.mtx,10.467700
1409_TSOPF_RS_b9_c6.mtx,14.499196
1169_model6.mtx,5.214306
0597_de063155.mtx,1.195377
0032_jgl009.mtx,0.346021
2043_ch8-8-b3.mtx,72.772277
2180_Baumann.mtx,110.935754
1336_deter3.mtx,11.333673
0350_M10PI_n.mtx,0.509357
2769_wikipedia-20060925.mtx,12.588472
0875_adder_dcop_60.mtx,3.087864
0749_fpga_trans_01.mtx,1.737759
0904_adder_dcop_30.mtx,3.182680
0108_cat_ears_2_1.mtx,0.078980
0972_steam2.mtx,3.271517
1372_mimo28x28_system.mtx,13.272603
0778_N_pid.mtx,2.002237
2598_NACA0015.mtx,19.034634
2737_delaunay_n22.mtx,39.424493
1311_mbeause.mtx,8.278831
0200_cage6.mtx,0.218633
0423_GL6_D_6.mtx,0.725341
0367_ch7-7-b1.mtx,0.531966
2677_crankseg_2.mtx,174.584579
0834_S80PI_n.mtx,2.872218
0592_tumorAntiAngiogenesis_8.mtx,1.211107
0868_adder_dcop_16.mtx,3.227436
2058_c-66b.mtx,60.379575
2006_c-55.mtx,55.138718
0312_oscil_dcop_02.mtx,0.463385
1266_dynamicSoaringProblem_7.mtx,9.180168
1295_G28.mtx,12.155670
2323_li.mtx,134.808466
0456_S20PI_n.mtx,0.883471
1803_TSOPF_RS_b162_c1.mtx,38.816782
1565_p2p-Gnutella30.mtx,15.576757
0143_gams10a.mtx,0.128920
1370_mimo46x46_system.mtx,12.959713
0476_bcsstm23.mtx,1.076052
2047_g7jac120.mtx,55.177153
0840_lshp1561.mtx,2.862388
1873_ex19.mtx,58.138479
1583_lp_qap15.mtx,17.734404
1862_wing.mtx,24.919323
0332_oscil_dcop_50.mtx,0.461792
1719_hangGlider_4.mtx,35.300283
0745_Chem97ZtZ.mtx,1.771174
1267_lp_d6cube.mtx,8.333296
1908_FX_March2010.mtx,44.570606
2555_thread.mtx,230.355475
1742_ulevimin.mtx,33.256796
1620_r05.mtx,25.877749
1806_route.mtx,35.050767
1528_aug2dc.mtx,20.863216
2770_GL7d19.mtx,12.911152
2715_wikipedia-20051105.mtx,13.287147
0307_oscil_dcop_26.mtx,0.454318
1921_crystk01.mtx,68.404288
1090_ch7-7-b2.mtx,6.090319
0241_lp_lotfi.mtx,0.280979
0263_n4c5-b10.mtx,0.338201
0409_bcsstk05.mtx,0.589825
2357_pkustk09.mtx,151.508252
0961_Pd.mtx,3.995097
1773_wiki-RfA.mtx,23.829838
0207_n3c5-b3.mtx,0.257748
1250_dynamicSoaringProblem_4.mtx,8.334132
2313_in2010.mtx,45.090359
0614_freeFlyingRobot_1.mtx,1.123220
0336_oscil_dcop_07.mtx,0.451066
0047_GD02_a.mtx,0.028293
2373_ny2010.mtx,39.341917
1399_l30.mtx,9.467273
1690_cavity25.mtx,31.377611
2689_TSOPF_RS_b2383_c1.mtx,209.307072
1243_lp_dfl001.mtx,9.178774
1131_bcsstm34.mtx,5.795821
0150_lp_adlittle.mtx,0.126775
0786_lp_ken_07.mtx,2.363994
2756_coPapersCiteseer.mtx,65.033613
1981_c-56.mtx,16.830152
2526_laminar_duct3D.mtx,185.949839
2056_std1_Jac2_db.mtx,56.543589
0966_radfr1.mtx,3.086689
0356_GD96_a.mtx,0.607609
1705_ted_B.mtx,31.852611
1188_data.mtx,7.535197
2616_radiation.mtx,15.409889
2270_watson_1.mtx,58.253810
1880_enron.mtx,19.959740
1033_eris1176.mtx,3.524986
0467_dwt_361.mtx,0.799404
0606_dwt_592.mtx,1.334379
0043_jgl011.mtx,0.490323
2308_std1_Jac2.mtx,102.401164
0651_fpga_dcop_46.mtx,1.460223
2117_3D_28984_Tetra.mtx,97.133825
1574_hangGlider_3.mtx,22.906597
2580_para-7.mtx,68.324951
1241_reorientation_5.mtx,7.470613
2730_AS365.mtx,19.239091
1034_lhr01.mtx,4.149074
0256_arc130.mtx,0.323329
2239_ASIC_100k.mtx,75.234615
1972_RFdevice.mtx,56.442798
0579_cdde1.mtx,1.360558
1748_mark3jac060.mtx,31.435543
2698_af_1_k101.mtx,177.533293
1374_zeros_nopss_13k.mtx,11.668539
0902_adder_dcop_24.mtx,3.216819
0420_dw256B.mtx,0.731101
2211_ms2010.mtx,42.382562
0932_G51.mtx,2.792863
1262_t2dal.mtx,9.752701
0178_ch5-5-b4.mtx,0.171184
2778_wikipedia-20070206.mtx,12.351820
0582_cdde6.mtx,1.309371
1463_p2p-Gnutella24.mtx,11.937363
0273_gre_343.mtx,0.405596
0858_adder_dcop_07.mtx,3.095974
0946_cryg2500.mtx,3.341180
0574_l9.mtx,1.046496
0330_oscil_dcop_51.mtx,0.453384
0837_dwt_1242.mtx,2.657321
1206_G65.mtx,9.384164
0842_lp_25fv47.mtx,2.345530
2376_venkat25.mtx,128.394648
1956_mark3jac120.mtx,47.599027
1424_bayer03.mtx,13.993028
0540_young2c.mtx,1.207263
0591_lp_agg3.mtx,1.122360
0800_tols4000.mtx,2.313710
1433_whitaker3.mtx,14.822447
2052_stat96v4.mtx,54.171555
1662_sc205-2r.mtx,29.663979
2691_cit-Patents.mtx,13.154506
2165_pds-60.mtx,30.120851
2321_hvdc2.mtx,97.987054
0044_Ragusa16.mtx,0.026946
2503_amazon0505.mtx,36.255106
1895_g7jac080sc.mtx,14.602424
1816_ch7-7-b5.mtx,27.530238
2485_cfd2.mtx,140.621067
2708_af_shell4.mtx,176.179446
2476_ins2.mtx,93.630885
2386_karted.mtx,90.089512
0408_poisson2D.mtx,0.785250
1677_cat_ears_4_4.mtx,27.601620
0341_oscil_dcop_41.mtx,0.472243
2780_ldoor.mtx,130.179225
2026_FEM_3D_thermal1.mtx,85.092849
1099_df2177.mtx,5.688527
2473_filter3D.mtx,69.508415
2583_para-10.mtx,83.845849
2299_boyd1.mtx,131.156578
2603_pkustk13.mtx,141.092756
1546_G64.mtx,17.165511
1334_mycielskian10.mtx,9.683062
2639_bibd_22_8.mtx,108.730304
0065_GD01_c.mtx,0.044798
0577_cdde5.mtx,1.357992
2717_bundle_adj.mtx,175.266490
0166_lp_blend.mtx,0.145465
1909_OPF_6000.mtx,50.852194
1037_spaceStation_8.mtx,4.807156
2740_GL7d17.mtx,13.534898
1307_Franz7.mtx,10.937229
1757_nasa2910.mtx,35.874447
0479_utm300.mtx,0.694551
1135_airfoil1.mtx,6.309331
1476_ex37.mtx,15.331972
2327_lp_osa_60.mtx,69.668646
1612_ford1.mtx,24.061589
1467_c-36.mtx,13.838615
0713_bcspwr09.mtx,1.986878
0136_flower_4_1.mtx,0.125447
2463_pkustk06.mtx,170.276294
1979_vsp_model1_crew1_cr42_south31.mtx,42.507356
1903_us04.mtx,40.769800
0570_tumorAntiAngiogenesis_7.mtx,1.222281
0079_lp_sc50a.mtx,0.053360
0669_fpga_dcop_35.mtx,1.413797
2009_mycielskian12.mtx,71.045974
2228_fe_tooth.mtx,77.584812
0344_TF11.mtx,0.443555
0232_fs_183_4.mtx,0.255711
1104_mhd1280b.mtx,6.191356
1466_c-30.mtx,11.962670
0391_Trec9.mtx,0.509976
1497_FA.mtx,15.516715
2537_iChem_Jacobian.mtx,116.527552
0620_S40PI_n.mtx,1.675345
0458_orbitRaising_1.mtx,0.824163
1704_pltexpa.mtx,30.525765
1028_spaceStation_7.mtx,4.560150
0552_fs_541_2.mtx,1.268127
0589_illc1033.mtx,1.337479
2212_soc-sign-epinions.mtx,32.131218
1068_bcsstm35.mtx,6.177052
0056_p0033.mtx,0.733766
1298_G26.mtx,12.485946
1864_deltaX.mtx,37.636751
2442_web-Stanford.mtx,25.887126
0655_fpga_dcop_47.mtx,1.310352
2827_indochina-2004.mtx,92.855009
1953_pds-30.mtx,25.274346
2467_nxp1.mtx,39.616937
1765_wang4.mtx,21.751181
1218_cavity06.mtx,7.141424
1059_shyy41.mtx,5.306328
1590_lp_ken_13.mtx,20.839173
0430_rdb450l.mtx,0.760950
2614_Stanford_Berkeley.mtx,72.616487
0726_ukerbe1_dual.mtx,1.762172
2396_watson_2.mtx,67.646998
1141_G56.mtx,6.511919
0278_nnc261.mtx,0.419992
2557_t2em.mtx,85.809142
2275_TSOPF_RS_b39_c30.mtx,82.811486
1626_as-caida.mtx,17.529267
1189_ch7-6-b5.mtx,7.857607
2216_mesh_deform.mtx,92.601160
2581_para-6.mtx,75.575682
1580_rdist1.mtx,15.125851
0661_fpga_dcop_34.mtx,1.384073
2798_vas_stokes_2M.mtx,44.201489
0768_bibd_12_5.mtx,1.645714
0208_adjnoun.mtx,0.218341
0682_fpga_dcop_28.mtx,1.428883
1438_G58.mtx,12.474162
0667_fpga_dcop_48.mtx,1.430271
0693_fs_760_2.mtx,1.670674
0025_Tina_DisCal.mtx,0.277027
1401_air05.mtx,11.736321
0412_lp_gfrd_pnc.mtx,0.680869
2107_IG5-16.mtx,55.298994
0324_oscil_dcop_52.mtx,0.456602
0753_n3c6-b10.mtx,1.846096
0743_west2021.mtx,1.951174
1762_t2dah_a.mtx,41.206598
1703_shock-9.mtx,35.401614
0170_dwt_87.mtx,0.169327
1755_IG5-14.mtx,31.361860
1640_mark3jac040.mtx,24.071088
2505_GaAsH6.mtx,158.405967
1210_deter1.mtx,8.636169
1770_Goodwin_023.mtx,39.927233
1515_cavity13.mtx,17.328568
2718_fem_hifreq_circuit.mtx,84.106047
0197_mk9-b1.mtx,0.232187
0996_robot24c1_mat5_J.mtx,3.204324
0185_lpi_box1.mtx,0.191499
0873_adder_dcop_69.mtx,3.119556
1387_ch7-6-b3.mtx,14.173228
0396_lp_brandy.mtx,0.536877
2383_crystk03.mtx,168.536452
0017_n3c4-b1.mtx,0.191693
0362_west0497.mtx,0.477468
2065_soc-sign-Slashdot081106.mtx,30.528633
0131_bfwb62.mtx,0.096761
2198_mk13-b5.mtx,78.342915
0930_DK01R.mtx,3.069658
1238_freeFlyingRobot_8.mtx,8.079039
1990_fxm3_16.mtx,53.836399
0114_ch4-4-b2.mtx,0.094909
1837_man_5976.mtx,50.555094
1487_aa3.mtx,16.245497
0074_d_ss.mtx,0.050517
0925_extr1b.mtx,3.023330
1308_ex27.mtx,8.445227
0563_lp_ship04s.mtx,1.047494
2523_barrier2-2.mtx,78.595997
2722_StocF-1465.mtx,31.091297
0634_gre_1107.mtx,1.523605
1249_G66.mtx,10.065707
0541_young4c.mtx,1.157701
2449_rma10.mtx,193.298946
1354_complex.mtx,10.507237
1604_lpi_gosh.mtx,14.459747
0023_Trec6.mtx,0.270270
1197_lp_greenbeb.mtx,6.735313
1585_cond-mat.mtx,19.020482
2535_Hardesty2.mtx,151.075787
0774_G33.mtx,2.522466
1159_bcsstk21.mtx,7.484524
2400_ch8-8-b4.mtx,123.157481
1274_G7.mtx,10.143348
2031_cont-201.mtx,73.224030
0817_lp_stocfor2.mtx,2.546122
2572_Si34H36.mtx,124.608910
0895_adder_dcop_21.mtx,3.189450
1273_lp_qap12.mtx,8.466844
0161_rw136.mtx,0.156818
2194_m133-b3.mtx,65.947459
1207_dynamicSoaringProblem_3.mtx,7.559490
1403_ch7-9-b2.mtx,14.639004
1360_rajat06.mtx,13.034540
2659_bmw3_2.mtx,171.288996
0209_robot.mtx,0.229642
2455_vsp_msc10848_300sep_100in_1Kout.mtx,31.439813
2382_pcrystk03.mtx,51.929068
0225_CAG_mat72.mtx,0.295950
0271_rajat05.mtx,0.435768
1961_ncvxbqp1.mtx,59.256349
1277_G5.mtx,9.897290
0676_fpga_dcop_01.mtx,1.439004
0533_tub1000.mtx,1.231813
2233_NotreDame_www.mtx,63.483922
1470_bips07_2476.mtx,17.410132
0770_olm2000.mtx,2.466759
0470_ch7-9-b1.mtx,0.933189
1482_dtoc.mtx,20.153226
0920_adder_dcop_50.mtx,3.136960
2032_TEM27623.mtx,57.312076
2004_nemeth10.mtx,92.001375
2447_c-big.mtx,93.369668
2434_matrix_9.mtx,147.678547
1771_sctap1-2r.mtx,39.975547
2282_bcsstk37.mtx,150.614085
2127_bcsstk29.mtx,113.500916
1343_n3c6-b6.mtx,11.832151
2222_sc2010.mtx,42.829193
1817_kl02.mtx,38.565778
2312_c-73b.mtx,83.711163
2406_conf5_4-8x8-20.mtx,185.308908
2679_3Dspectralwave2.mtx,113.560813
0400_p0291.mtx,0.574846
2108_stat96v1.mtx,63.328637
0211_gre_216a.mtx,0.255991
1610_lpl3.mtx,22.753508
1998_nemeth08.mtx,93.160925
1884_s2rmq4m1.mtx,61.150968
0712_D_6.mtx,1.840374
0545_lp_nug07.mtx,1.120745
1085_primagaz.mtx,4.984470
2663_pwtk.mtx,176.824360
1980_ecl32.mtx,62.271239
2293_bcsstk31.mtx,125.863314
0321_oscil_dcop_06.mtx,0.469515
1015_n4c5-b8.mtx,4.373638
2049_vsp_c-60_data_cti_cs4.mtx,52.568687
1524_c-31.mtx,14.496494
0127_GD98_c.mtx,0.114519
1191_LeGresley_4908.mtx,8.087556
1761_t2dah.mtx,40.862413
1183_rdb5000.mtx,8.747045
1788_torsion1.mtx,49.248100
1698_cca.mtx,27.824975
1072_sherman5.mtx,4.791566
2335_rgg_n_2_17_s0.mtx,91.114056
0159_mycielskian6.mtx,0.139336
0090_n4c5-b1.mtx,0.081776
0435_Harvard500.mtx,0.660734
0923_ex32.mtx,2.696221
1836_lowThrust_13.mtx,43.818217
2080_c-58.mtx,58.372808
0202_rajat11.mtx,0.240024
1635_vsp_data_and_seymourl.mtx,21.255969
1766_dictionary28.mtx,31.426101
2682_memchip.mtx,75.779929
1286_jan99jac020sc.mtx,9.275321
2334_n4c6-b10.mtx,113.124549
1441_crack.mtx,14.781657
1225_n4c5-b6.mtx,8.867041
2366_mo2010.mtx,40.508332
0941_rdb2048_noL.mtx,3.301866
0266_bibd_15_3.mtx,0.338752
1776_nemswrld.mtx,30.335726
2410_conf6_0-8x8-20.mtx,177.312737
2189_ma2010.mtx,43.524632
1589_as-22july06.mtx,18.409730
0508_bcsstm24.mtx,1.260216
0691_fs_760_3.mtx,1.739485
2186_dc1.mtx,67.592362
1954_onetone1.mtx,48.821012
2469_matrix-new_3.mtx,150.707474
1480_ex3sta1.mtx,17.597288
0798_well1850.mtx,2.485597
2451_TSOPF_FS_b162_c4.mtx,195.661255
2121_lp_osa_30.mtx,60.847350
0645_fpga_dcop_08.mtx,1.447216
0404_celegansneural.mtx,0.575460
1688_cavity26.mtx,32.275371
2088_c-62ghs.mtx,59.133418
1474_flowmeter5.mtx,17.590968
0469_mk12-b1.mtx,0.872247
2294_tn2010.mtx,46.635653
1844_lhr10.mtx,41.534190
1359_crew1.mtx,10.819219
0417_dw256A.mtx,0.742737
1924_rlfprim.mtx,60.574587
0371_ch5-5-b2.mtx,0.540947
1851_igbt3.mtx,44.294151
1198_lpi_greenbea.mtx,6.538453
1092_bcsstm10.mtx,5.336876
1644_psse2.mtx,28.116112
1392_cz5108.mtx,12.236582
0644_fpga_dcop_09.mtx,1.418453
1297_G25.mtx,12.111481
0339_oscil_dcop_35.mtx,0.461515
1943_Chevron1.mtx,68.596058
1332_fd15.mtx,12.299944
1888_vsp_sctap1-2b_and_seymourl.mtx,31.403947
0461_can_256.mtx,0.742363
0075_refine.mtx,0.038951
2457_tsyl201.mtx,195.279561
0718_can_715.mtx,1.523777
0016_lpi_itest6.mtx,0.196610
1227_reorientation_4.mtx,8.251748
1419_c-33.mtx,11.258375
2022_wy2010.mtx,36.387201
2792_circuit5M.mtx,48.248634
0261_M10PI_n1.mtx,0.394134
1616_cz10228.mtx,23.674146
1542_lhr04.mtx,16.142522
0519_mk9-b3.mtx,1.075850
1650_conf5_0-4x4-26.mtx,31.305984
2575_F2.mtx,139.023292
1530_ex12.mtx,19.100131
1520_lp_stocfor3.mtx,19.426648
2126_TSOPF_RS_b162_c3.mtx,95.665648
1144_n3c6-b9.mtx,6.067416
2471_pct20stif.mtx,190.173227
1485_bloweybq.mtx,16.347308
0892_adder_dcop_63.mtx,3.258293
2546_t3dh_e.mtx,115.106124
0794_dwt_1005.mtx,2.191687
1617_shuttle_eddy.mtx,26.320884
2688_TSOPF_RS_b2383.mtx,209.795850
0305_oscil_dcop_42.mtx,0.459319
1154_n4c5-b5.mtx,7.136202
0742_lp_sctap2.mtx,1.871873
1540_176bit.mtx,17.528497
0493_bp_0.mtx,0.681364
0510_bcsstm21.mtx,1.257862
1181_msc01050.mtx,6.535022
0486_G13.mtx,0.906131
0279_rajat14.mtx,0.325325
1371_ww_vref_6405.mtx,13.200704
2360_dblp-2010.mtx,75.175094
0994_Erdos992.mtx,4.969416
2084_Trefethen_20000.mtx,89.937713
2466_ASIC_320k.mtx,76.893298
2364_lp1.mtx,77.992549
1795_chem_master1.mtx,51.862611
0213_polbooks.mtx,0.252541
0717_m3plates.mtx,2.515726
2020_ted_A.mtx,82.588407
2693_hugetric-00000.mtx,30.652491
1966_a0nsdsil.mtx,57.846680
1532_lowThrust_3.mtx,18.536950
2506_ch8-8-b5.mtx,87.985764
0917_adder_dcop_41.mtx,2.979862
1254_Chebyshev3.mtx,7.395027
1967_bcsstk38.mtx,69.216240
1525_pesa.mtx,20.062027
0943_can_1054.mtx,2.854869
2629_bibd_20_10.mtx,180.688501
0729_can_634.mtx,1.872054
2462_ch7-9-b5.mtx,120.136209
0240_saylr1.mtx,0.361018
0795_lshp1270.mtx,2.345238
1736_OPF_3754.mtx,34.165785
2755_soc-Pokec.mtx,13.533746
0358_IG5-8.mtx,0.444473
0663_fpga_dcop_02.mtx,1.431661
1780_c-50.mtx,29.033588
2225_ar2010.mtx,46.575505
1133_mcfe.mtx,5.250781
1239_rail_5177.mtx,8.913236
1697_rail_20209.mtx,28.446828
2311_c-73.mtx,77.559961
1582_lp_nug15.mtx,17.216682
0843_lp_czprob.mtx,2.309750
0308_oscil_dcop_45.mtx,0.470373
1518_cavity15.mtx,16.902833
0556_ch6-6-b5.mtx,1.141951
1885_s1rmq4m1.mtx,61.290963
2492_delaunay_n19.mtx,82.167148
1517_cavity11.mtx,15.810973
0975_yeast.mtx,3.534765
1594_msc04515.mtx,23.227624
0042_rgg010.mtx,0.518771
1029_mhd3200b.mtx,5.174011
1127_model3.mtx,4.990944
2795_Geo_1438.mtx,61.812908
2569_mono_500Hz.mtx,64.645286
2625_ship_003.mtx,166.083699
1733_lhr07.mtx,10.600650
2653_Si87H76.mtx,84.812669
1303_G67.mtx,9.020183
0061_ibm32.mtx,0.038026
1925_bcsstm36.mtx,57.487179
0002_Trec3.mtx,0.006192
2673_JP.mtx,19.957336
1923_rgg_n_2_15_s0.mtx,52.250754
2425_neos3.mtx,86.583834
0010_ch3-3-b2.mtx,0.077419
1329_freeFlyingRobot_13.mtx,10.540010
2134_rajat17.mtx,57.788103
1349_model4.mtx,5.916591
2707_af_shell3.mtx,178.009736
0748_fpga_trans_02.mtx,1.790010
2720_rajat31.mtx,41.440767
1721_bloweya.mtx,31.690926
1425_ch8-8-b2.mtx,15.621420
0164_west0167.mtx,0.149227
1331_Franz5.mtx,12.212335
0818_G18.mtx,2.174406
0968_lp_fit1d.mtx,2.866567
2762_vas_stokes_1M.mtx,50.125008
2513_ifiss_mat.mtx,150.131660
2359_TF18.mtx,57.130673
0576_Trefethen_300.mtx,1.188365
1955_HEP-th.mtx,30.367313
1257_deter7.mtx,9.534215
2363_Zd_Jac2.mtx,118.547626
1971_c-65.mtx,56.187641
0649_fpga_dcop_32.mtx,1.456613
1563_cis-n4c6-b13.mtx,21.335269
0282_cz148.mtx,0.409658
0526_ck656.mtx,0.992843
0531_cis-n4c6-b2.mtx,1.124419
0059_GlossGT.mtx,0.048917
2347_nemeth23.mtx,264.422216
0487_small.mtx,0.831152
0841_rotor2.mtx,2.550728
0105_GD99_b.mtx,0.075370
0454_Trefethen_200b.mtx,0.787447
1406_beaflw.mtx,11.130263
0630_jazz.mtx,1.295688
0338_oscil_dcop_44.mtx,0.457278
1103_sstmodel.mtx,5.929623
1002_bcsstm37.mtx,4.664263
0660_fpga_dcop_40.mtx,1.394721
0502_hangGlider_1.mtx,0.886877
0751_GL7d26.mtx,1.916731
0960_bcsstk08.mtx,3.013603
2610_cont1_l.mtx,85.632336
1931_EAT_SR.mtx,28.988915
2322_pli.mtx,140.928769
2661_kim2.mtx,168.402262
1095_lock_700.mtx,5.264095
1023_lshp2614.mtx,4.751586
1026_spiral.mtx,3.428894
1638_scsd8-2c.mtx,24.924301
0503_dwt_193.mtx,0.915836
0782_lp_scfxm3.mtx,1.880816
1281_G3.mtx,9.876899
0652_fpga_dcop_44.mtx,1.398196
0135_GD06_theory.mtx,0.113062
0304_oscil_dcop_10.mtx,0.455793
0115_curtis54.mtx,0.090527
2181_lhr34c.mtx,97.178072
0349_dwt_221.mtx,0.464301
0474_can_268.mtx,0.773109
1958_vibrobox.mtx,56.312089
2494_amazon0312.mtx,39.155340
1793_jnlbrng1.mtx,46.997759
1948_me2010.mtx,37.273040
1405_shermanACd.mtx,10.770272
1573_big.mtx,21.493362
1483_ex20.mtx,15.999314
0242_flower_7_1.mtx,0.359530
2394_cfd1.mtx,130.077120
2548_TF19.mtx,48.984287
2319_raefsky4.mtx,53.597878
0947_D_9.mtx,3.237983
0561_Maragal_2.mtx,1.029537
1365_rosen2.mtx,9.473097
0521_bp_200.mtx,0.804316
0463_qh768.mtx,0.857895
1134_delaunay_n12.mtx,6.295688
2236_net50.mtx,83.668231
1196_lp_greenbea.mtx,6.670961
0612_nos5.mtx,1.393507
2025_bcsstk17.mtx,84.797230
1633_scfxm1-2b.mtx,23.607993
0381_bcsstm26.mtx,0.655078
1752_jan99jac080.mtx,28.227104
2477_thermomech_dK.mtx,85.838350
0013_relat3.mtx,0.161616
2050_af23560.mtx,93.966431
1965_cit-HepTh.mtx,30.918149
0844_filter2D.mtx,3.007414
0732_lp_nug08.mtx,1.654422
2562_rajat29.mtx,69.770813
1597_se.mtx,27.061253
2835_mycielskian18.mtx,58.480908
0951_D_7.mtx,3.429265
0009_rel3.mtx,0.073922
1811_g3rmt3m3.mtx,44.824647
2560_apache2.mtx,80.950837
1872_airfoil_2d.mtx,15.339831
1025_freeFlyingRobot_4.mtx,4.318085
0323_oscil_dcop_31.mtx,0.451991
1797_c-52.mtx,34.987228
1414_ex10.mtx,12.511978
2244_crystk02.mtx,134.134192
1764_wang3.mtx,40.916397
0814_G21.mtx,2.093764
1280_G2.mtx,9.897290
0006_mycielskian3.mtx,0.067114
1691_cavity24.mtx,31.789050
2632_thermal2.mtx,48.048792
0231_pde225.mtx,0.168967
0320_oscil_dcop_04.mtx,0.458773
0924_watt_1.mtx,3.011665
0608_Franz1.mtx,1.614633
2608_sls.mtx,52.691196
1946_ckt11752_dc_1.mtx,43.664481
2518_smt.mtx,165.272975
1282_G1.mtx,9.925466
0509_dwt_419.mtx,1.007636
2443_Stanford.mtx,20.303317
1509_cegb3306.mtx,16.503139
1177_spaceShuttleEntry_3.mtx,6.661339
0812_G15.mtx,2.094831
0395_tols340.mtx,0.530627
0520_sherman4.mtx,1.137791
1537_dano3mip.mtx,15.698654
1418_Goodwin_013.mtx,11.822667
0190_zed.mtx,0.195681
0926_extr1.mtx,2.983392
2200_nemeth19.mtx,178.649056
2229_soc-Slashdot0811.mtx,37.582982
1919_Goodwin_030.mtx,67.199570
0373_rw496.mtx,0.573235
1710_bauru5727.mtx,32.147861
1591_Franz9.mtx,24.595283
0884_adder_dcop_39.mtx,3.112218
2159_image_interp.mtx,78.331737
0899_adder_dcop_15.mtx,3.251699
2445_ASIC_680ks.mtx,77.988850
1512_ex13.mtx,17.622743
1905_c-60.mtx,48.006753
2579_para-9.mtx,82.756293
0128_wheel_7_1.mtx,0.110638
0173_Trec8.mtx,0.155129
0109_GD97_b.mtx,0.078490
2315_n4c6-b7.mtx,107.537473
1315_dw4096.mtx,11.520905
2102_ASIC_100ks.mtx,69.771002
0204_dwt_234.mtx,0.264175
0511_L.mtx,1.003861
0697_jpwh_991.mtx,1.823049
0601_lpi_klein2.mtx,1.287877
2414_rajat24.mtx,77.718007
0721_orsirr_1.mtx,1.970973
2478_stat96v2.mtx,98.980896
2472_ct20stif.mtx,196.187648
1358_meg4.mtx,11.361145
2556_tmt_unsym.mtx,83.120480
1983_lhr17c.mtx,65.233541
1552_kineticBatchReactor_7.mtx,18.007245
0990_lp_pilot_ja.mtx,3.460490
2291_nemeth21.mtx,225.698683
2221_HTC_336_9129.mtx,72.254693
1663_c-43.mtx,21.996443
0725_lp_ganges.mtx,1.697125
0893_adder_dcop_64.mtx,3.267286
2262_gyro_k.mtx,104.659117
2426_pa2010.mtx,39.012622
0585_mycielskian8.mtx,1.067390
0156_GD97_c.mtx,0.156409
1213_ex4.mtx,7.421645
2815_ML_Geer.mtx,112.583815
0357_shl_0.mtx,0.379016
2254_preferentialAttachment.mtx,27.757668
1379_delaunay_n13.mtx,11.202282
2622_TEM181302.mtx,125.786425
0642_fpga_dcop_10.mtx,1.409004
2062_t3dl.mtx,72.060773
2284_landmark.mtx,170.932739
0866_adder_dcop_51.mtx,3.189450
0882_adder_dcop_38.mtx,3.176836
1366_mhd1280a.mtx,11.156497
1781_CAG_mat1916.mtx,42.165448
0152_bfwa62.mtx,0.119760
0874_adder_dcop_17.mtx,3.156772
1093_IG5-11.mtx,5.301523
0122_lp_kb2.mtx,0.087235
1706_ted_B_unscaled.mtx,31.859630
1268_poli3.mtx,8.113398
2019_ted_A_unscaled.mtx,83.440503
2511_ca2010.mtx,35.010244
2479_ramage02.mtx,202.927575
2727_333SP.mtx,28.288916
1850_stat96v5.mtx,37.869678
2487_belgium_osm.mtx,48.089044
2757_dielFilterV3clx.mtx,49.652150
1920_rail516.mtx,31.082730
1718_bcsstk18.mtx,32.988162
2371_turon_m.mtx,105.458945
0351_S10PI_n.mtx,0.500383
0492_nos6.mtx,0.934405
2482_srb1.mtx,253.337781
0300_oscil_dcop_29.mtx,0.466818
1516_cavity14.mtx,17.479286
0953_cz1268.mtx,3.234915
0607_de063157.mtx,1.287961
0500_nsic.mtx,0.844515
0316_oscil_dcop_05.mtx,0.462137
2175_g7jac180.mtx,64.800208
2266_torso2.mtx,117.393423
1330_freeFlyingRobot_16.mtx,10.493860
1279_G8.mtx,9.948638
1828_s1rmt3m1.mtx,50.227892
0473_str_200.mtx,0.811533
0040_lpi_bgprtr.mtx,0.021244
2797_Serena.mtx,59.724505
0901_adder_dcop_46.mtx,3.077302
0938_G50.mtx,3.675907
2122_rajat20.mtx,55.749102
0054_rel4.mtx,0.038951
2119_shar_te2-b2.mtx,65.675232
0764_epb0.mtx,2.154572
2538_debr.mtx,138.828876
2339_598a.mtx,31.268291
1150_email-Eu-core.mtx,5.764427
1977_k3plates.mtx,70.682149
1020_spaceStation_6.mtx,4.481090
1619_wiki-Vote.mtx,17.634184
1511_ch7-6-b4.mtx,20.792079
2411_conf5_4-8x8-10.mtx,177.140692
1623_crystm01.mtx,26.786777
1194_pf2177.mtx,8.283385
2370_av41092.mtx,90.352632
0714_orbitRaising_2.mtx,1.747958
1695_cavity17.mtx,31.770778
1380_tuma2.mtx,13.783331
2393_ASIC_320ks.mtx,87.287822
0988_Sieber.mtx,4.304776
1214_plat1919.mtx,8.538411
0784_lp_grow22.mtx,2.129823
2612_cage13.mtx,86.343615
0793_Trec10.mtx,1.839974
1081_Franz2.mtx,6.483944
0322_oscil_dcop_46.mtx,0.469944
2520_s4dkt3m2.mtx,250.757324
0438_fs_680_2.mtx,0.788791
1318_freeFlyingRobot_12.mtx,10.677189
1652_conf5_0-4x4-18.mtx,30.696387
1086_c-19.mtx,4.796526
2309_mac_econ_fwd500.mtx,66.174141
1422_mark3jac020.mtx,14.299351
0451_west0655.mtx,0.811602
0334_oscil_dcop_53.mtx,0.458024
0186_gent113.mtx,0.185684
1084_ch6-6-b3.mtx,6.185567
0685_fpga_dcop_18.mtx,1.407045
0134_can_73.mtx,0.107946
1849_lhr11.mtx,41.439766
2285_msc23052.mtx,126.575766
0603_de080285.mtx,1.260886
1915_lhr14.mtx,55.300521
0914_adder_dcop_34.mtx,3.143097
2283_bcsstk36.mtx,156.530193
1148_lns_3937.mtx,6.785152
1007_rosen8.mtx,2.996734
2223_tube1.mtx,138.040471
2352_lhr71.mtx,135.872671
0495_lp_scrs8.mtx,0.784913
1933_pwt.mtx,63.291024
1211_lpl2.mtx,8.297593
2163_c-64b.mtx,67.425069
0695_dwt_758.mtx,1.590342
1101_c-20.mtx,4.871162
2187_dc3.mtx,67.227719
2302_twotone.mtx,82.091061
2563_netherlands_osm.mtx,40.710709
2303_mn2010.mtx,47.940226
1021_Si2.mtx,4.389889
1902_Reuters911.mtx,27.284339
0007_Trec5.mtx,0.080537
2550_TSOPF_FS_b300_c1.mtx,314.721551
1717_nug08-3rd.mtx,31.564441
1069_large.mtx,5.389839
1763_t2dah_e.mtx,41.977595
2091_patents_main.mtx,28.443943
1024_lp_cre_a.mtx,4.220209
2475_helm2d03.mtx,82.846676
2333_std1_Jac3.mtx,116.593761
1729_hangGlider_5.mtx,34.112503
2571_web-Google.mtx,9.654181
2013_cz40948.mtx,50.234384
0657_fpga_dcop_31.mtx,1.431835
0507_lp_shell.mtx,0.802436
0270_can_161.mtx,0.418796
1636_south31.mtx,22.789538
0172_IG5-7.mtx,0.162884
1707_lp_osa_07.mtx,29.122574
0965_n2c6-b8.mtx,3.327465
0993_n2c6-b4.mtx,4.075733
0291_oscil_dcop_57.mtx,0.459182
2240_scircuit.mtx,74.855470
2776_Hardesty3.mtx,42.376633
2039_epb3.mtx,75.712419
0352_lpi_vol1.mtx,0.455577
0615_lpi_pilot4i.mtx,1.222622
2095_g7jac140.mtx,56.788682
2458_c8_mat11_I.mtx,164.061282
1892_mark3jac100.mtx,42.594833
1384_mbeaflw.mtx,10.552796
2261_gyro.mtx,107.247703
1432_fxm3_6.mtx,12.740757
2112_LeGresley_87936.mtx,59.407801
2544_pdb1HYS.mtx,265.199597
0807_scagr7-2c.mtx,2.438067
1426_rdist2.mtx,14.099554
1121_rosen1.mtx,4.931910
1402_ex3.mtx,11.720801
0342_abb313.mtx,0.466447
1203_commanche_dual.mtx,8.829431
0097_Maragal_1.mtx,0.084067
1126_lshp3466.mtx,6.305845
0215_spaceStation_1.mtx,0.284269
0659_fpga_dcop_42.mtx,1.434624
0553_fs_541_4.mtx,1.249453
1377_bips07_1693.mtx,12.942077
1861_benzene.mtx,49.519233
0939_lutz30-23-b6.mtx,3.138751
0052_Hamrle1.mtx,0.033187
0702_130bit.mtx,1.562420
1117_spaceStation_13.mtx,5.604692
0722_lshp1009.mtx,1.697577
0228_lp_nug05.mtx,0.319100
1264_lp_woodw.mtx,9.003723
0616_lp_pilot4.mtx,1.221204
0431_lpi_reactor.mtx,0.637157
0687_fpga_dcop_22.mtx,1.443233
2416_TSOPF_FS_b39_c19.mtx,156.927472
1878_fxm4_6.mtx,46.320914
0629_netscience.mtx,1.517852
2350_neos.mtx,75.555808
2012_sd2010.mtx,44.033449
2152_nemeth18.mtx,155.134218
1739_hvdc1.mtx,34.118362
1523_ex28.mtx,17.474949
0144_impcol_c.mtx,0.117027
2696_af_3_k101.mtx,177.391535
2208_pds-70.mtx,32.343080
0619_M40PI_n.mtx,1.645917
0003_mycielskian2.mtx,0.013423
1165_3elt.mtx,7.189940
1969_lp_ken_18.mtx,40.250716
1963_poisson3Da.mtx,36.580287
1984_lhr17.mtx,65.345137
0771_bwm2000.mtx,2.359050
1146_model8.mtx,5.502776
2512_oilpan.mtx,261.082015
1728_nsir.mtx,30.575037
2702_af_shell8.mtx,176.910408
1082_utm1700b.mtx,4.814550
1674_bodyy5.mtx,31.952793
1857_luxembourg_osm.mtx,43.247561
1937_shallow_water1.mtx,73.110219
0388_Trefethen_150.mtx,0.568879
1950_ct2010.mtx,35.036667
0277_can_187.mtx,0.458346
0176_08blocks.mtx,0.156904
1228_bcsstk11.mtx,7.813120
2365_2cubes_sphere.mtx,62.356210
1484_aug3d.mtx,16.971990
0673_fpga_dcop_11.mtx,1.472632
1553_c-44.mtx,20.066100
2024_helm3d01.mtx,46.443794
1107_barth4.mtx,6.452074
0870_adder_dcop_66.mtx,3.192619
2141_wv2010.mtx,40.693779
2631_torso1.mtx,275.303055
1014_Erdos02.mtx,5.160347
1229_bcsstk12.mtx,7.972293
0080_can_24.mtx,0.052701
1822_ak2010.mtx,28.483075
0894_adder_dcop_65.mtx,3.161653
2317_SiO.mtx,119.868547
0031_GD98_a.mtx,0.015751
2007_c-57.mtx,49.198276
0302_oscil_dcop_19.mtx,0.472388
2005_rail582.mtx,38.996704
1639_CurlCurl_0.mtx,28.268612
2703_af_shell6.mtx,177.180395
1621_nasa4704.mtx,23.289462
0462_lpi_pang.mtx,0.719578
0387_bibd_17_3.mtx,0.479605
2439_pkustk05.mtx,167.525944
1322_rajat01.mtx,9.566468
1398_mk11-b4.mtx,13.688438
2542_gupta2.mtx,155.401408
2281_connectus.mtx,44.553878
2395_GL7d14.mtx,26.501245
1167_bayer08.mtx,4.865208
2648_atmosmodl.mtx,88.321972
1992_nemeth04.mtx,61.415260
0628_lp_scfxm2.mtx,1.327588
2611_bmw7st_1.mtx,223.327765
0852_init_adder1.mtx,3.059372
2271_ibm_matrix_2.mtx,126.057027
0015_Tina_AskCal.mtx,0.188312
0627_n2c6-b3.mtx,1.525779
2733_rel9.mtx,16.491569
1731_e18.mtx,31.233856
1791_SiNa.mtx,42.403370
2101_ncvxqp7.mtx,69.916945
2758_mycielskian16.mtx,47.823333
1320_Kaufhold.mtx,10.605818
1867_TSOPF_RS_b39_c7.mtx,48.622111
0859_adder_dcop_10.mtx,3.148423
2260_olafu.mtx,156.671965
1570_orani678.mtx,13.726857
1551_biplane-9.mtx,22.504283
0219_grid1.mtx,0.268585
0203_bcsstm19.mtx,0.288133
2196_Chevron2.mtx,90.856674
1440_crack_dual.mtx,14.924491
0883_adder_dcop_36.mtx,3.176836
2242_transient.mtx,70.234409
2206_nm2010.mtx,40.830897
2752_rgg_n_2_21_s0.mtx,18.592874
0062_bcspwr01.mtx,0.042965
0445_lp_e226.mtx,0.642451
1529_TF15.mtx,18.376449
1598_fe_sphere.mtx,23.303070
1096_ex33.mtx,5.776881
1841_ex35.mtx,52.552216
1605_LF10000.mtx,27.784355
0384_mesh2em5.mtx,0.575503
0220_n4c6-b15.mtx,0.258795
2110_pds-50.mtx,30.399681
1647_bcsstk15.mtx,27.316485
0475_cage7.mtx,0.878507
1079_lp_cycle.mtx,4.835250
1557_fv3.mtx,22.814261
0041_wheel_3_1.mtx,0.025575
2474_windtunnel_evap3d.mtx,144.357802
2710_GL7d21.mtx,12.334810
2683_pkustk14.mtx,139.042257
2725_gsm_106857.mtx,22.438045
2106_bas1lp.mtx,75.379929
0347_bcspwr05.mtx,0.513852
2642_pattern1.mtx,131.606962
0940_rdb2048.mtx,2.165002
2534_cant.mtx,209.766698
0102_Sandi_authors.mtx,0.077914
0434_Erdos971.mtx,0.965112
1526_cegb3024.mtx,18.341105
0060_wheel_4_1.mtx,0.037337
1664_hi2010.mtx,22.322813
2576_para-4.mtx,77.378428
1338_bips98_1450.mtx,10.355313
0392_west0381.mtx,0.497062
1751_f855_mat9.mtx,35.459045
2832_HV15R.mtx,75.781105
0011_cage3.mtx,0.118012
2140_c-70.mtx,70.577916
1145_shermanACa.mtx,5.183967
0689_fpga_dcop_30.mtx,1.466036
1503_poli4.mtx,14.123012
2666_Hardesty1.mtx,112.622146
1547_G63.mtx,11.210437
0095_GD02_b.mtx,0.037724
0822_pores_2.mtx,2.652594
0813_G17.mtx,2.064816
0559_ex1.mtx,1.117617
0819_G14.mtx,2.138497
2213_ss1.mtx,74.039688
0064_p0040.mtx,0.038635
1658_scagr7-2r.mtx,29.114504
2686_Si41Ge41H72.mtx,99.213267
0514_stufe.mtx,0.469553
0936_G48.mtx,3.516484
0665_fpga_dcop_24.mtx,1.404027
1124_n4c6-b3.mtx,6.590313
2421_cage12.mtx,105.955064
0548_USAir97.mtx,1.002712
2446_vanbody.mtx,165.297825
0931_photogrammetry.mtx,2.937112
0857_adder_dcop_06.mtx,3.222509
2219_sme3Da.mtx,57.773104
0896_adder_dcop_28.mtx,3.183581
0885_adder_dcop_42.mtx,3.247473
0223_SmallW.mtx,0.239952
0175_impcol_a.mtx,0.166158
2413_trdheim.mtx,220.323770
0765_orbitRaising_4.mtx,2.026798
0973_n4c6-b14.mtx,3.378213
0974_cis-n4c6-b14.mtx,3.354400
1714_p2p-Gnutella31.mtx,19.372806
1305_freeFlyingRobot_11.mtx,9.464556
2054_nemeth14.mtx,114.003676
2332_bcsstk35.mtx,173.029829
0057_football.mtx,0.037020
0181_TF10.mtx,0.177816
1648_graphics.mtx,28.695779
0928_watt_2.mtx,2.773109
1988_garon2.mtx,65.400921
2331_vfem.mtx,94.359116
0245_ww_36_pmec_36.mtx,0.340899
0515_sherman1.mtx,1.157229
1700_stokes64.mtx,36.938539
2481_TSOPF_RS_b300_c2.mtx,287.896631
1326_c-29.mtx,9.529527
2448_fl2010.mtx,33.176296
1237_cell2.mtx,8.817354
2554_tx2010.mtx,27.155584
2428_bcsstk39.mtx,65.251694
1291_freeFlyingRobot_9.mtx,9.437714
2706_af_shell2.mtx,174.129175
0530_n4c6-b2.mtx,1.020199
0489_lp_standata.mtx,0.695971
2784_af_shell10.mtx,77.715878
1453_gen1.mtx,12.518305
0581_cdde3.mtx,1.331721
1477_mhd3200a.mtx,15.418404
1794_mod2.mtx,39.182273
1152_bibd_13_6.mtx,5.485934
0823_rajat04.mtx,1.995447
0183_GD01_Acap.mtx,0.229252
1100_pgp2.mtx,5.760349
2314_Raj1.mtx,87.882595
0255_n3c5-b4.mtx,0.372066
0719_EVA.mtx,1.538602
0182_bcsstk03.mtx,0.211675
1887_chipcool1.mtx,40.207365
2634_TSOPF_RS_b678_c2.mtx,474.417860
0355_494_bus.mtx,0.517793
1863_lp_cre_d.mtx,39.366909
0112_will57.mtx,0.092252
0110_dwt_59.mtx,0.082881
2423_water_tank.mtx,140.694110
0147_n4c6-b1.mtx,0.152146
0587_bp_1200.mtx,1.155078
1845_fome20.mtx,24.616125
2527_roadNet-TX.mtx,44.374246
0243_lp_share1b.mtx,0.305599
0306_oscil_dcop_20.mtx,0.463803
2199_TSOPF_RS_b162_c4.mtx,132.175801
2633_TSOPF_FS_b300_c2.mtx,363.425812
1363_mk11-b4b.mtx,13.081395
2123_rajat25.mtx,58.390788
1339_ge.mtx,11.362484
1951_Kuu.mtx,77.795564
0777_rosen7.mtx,1.746712
0995_robot24c1_mat5.mtx,3.377569
2245_nemeth20.mtx,207.442903
0360_lp_scagr25.mtx,0.450804
1987_nmos3.mtx,55.781545
2454_net4-1.mtx,114.385356
0004_Trec4.mtx,0.020202
1675_rajat10.mtx,30.859207
1375_mimo8x8_system.mtx,13.112959
0096_cage5.mtx,0.076708
1333_lp_pilot.mtx,9.611219
2591_com-Youtube.mtx,24.595622
2001_mark3jac140sc.mtx,42.297762
0647_fpga_dcop_26.mtx,1.407885
1204_p2p-Gnutella05.mtx,7.643500
1050_p6000.mtx,4.568729
0776_GD06_Java.mtx,1.939394
0369_tumorAntiAngiogenesis_1.mtx,0.438084
1556_kineticBatchReactor_9.mtx,17.609931
1261_t2dal_bci.mtx,9.627393
1256_162bit.mtx,9.135614
2586_roadNet-CA.mtx,44.697309
0346_oscil_trans_01.mtx,0.461538
1672_aug3dcqp.mtx,29.992977
2375_venkat50.mtx,130.680259
2388_n4c6-b8.mtx,118.206161
0575_bp_1000.mtx,1.130488
1240_ch7-8-b2.mtx,10.025575
0907_adder_dcop_02.mtx,3.283024
1172_bayer05.mtx,4.746526
1036_mk10-b3.mtx,5.280805
1732_lhr07c.mtx,28.103430
1219_cavity05.mtx,7.008454
0856_rajat02.mtx,2.372389
2654_hood.mtx,170.251953
0825_lp_sctap3.mtx,2.600588
2624_rail2586.mtx,56.274977
2595_Ga10As10H30.mtx,116.627089
0527_lshp_577.mtx,0.959655
0525_lp_standmps.mtx,0.930869
0191_lp_recipe.mtx,0.185275
1170_lp_truss.mtx,6.003667
0353_lpi_qual.mtx,0.452198
0750_dwt_918.mtx,1.881514
0827_S80PI_n1.mtx,3.002722
2369_ns3Da.mtx,46.876891
0196_lpi_klein1.mtx,0.207154
1720_pds10.mtx,28.525303
2143_Zd_Jac2_db.mtx,76.330287
1495_ex18.mtx,18.728482
0048_Stranke94.mtx,0.608108
2771_RM07R.mtx,136.853060
2712_Freescale1.mtx,36.750526
1435_meg1.mtx,10.911514
0045_LF10.mtx,0.027005
1346_Franz6.mtx,12.572535
0881_adder_dcop_20.mtx,3.188546
0094_GD96_d.mtx,0.084222
0276_bcsstm11.mtx,0.506447
2736_NLR.mtx,18.862566
0218_cat_ears_4_1.mtx,0.290178
0483_cz308.mtx,0.828538
1569_model5.mtx,16.674393
0850_adder_dcop_04.mtx,3.078437
1756_bratu3d.mtx,39.360435
2286_denormal.mtx,118.508072
0617_lshp_778.mtx,1.471598
1323_freeFlyingRobot_14.mtx,10.800200
2690_great-britain_osm.mtx,32.819011
0490_bibd_81_2.mtx,1.103918
2146_bibd_17_8.mtx,85.636284
0915_adder_dcop_40.mtx,3.171461
0024_farm.mtx,0.282759
1294_G30.mtx,12.073079
2183_trans4.mtx,67.130557
0428_S20PI_n1.mtx,0.789278
1445_air02.mtx,13.336583
0184_GD01_a.mtx,0.248268
2524_barrier2-4.mtx,81.276217
1413_p2p-Gnutella25.mtx,12.525472
1522_c-38.mtx,15.691577
2615_web-BerkStan.mtx,98.894614
0967_lp_pilotnov.mtx,2.925390
0546_b2_ss.mtx,1.112778
1089_bcsstm13.mtx,5.185019
2671_BenElechi1.mtx,178.790605
2461_power9.mtx,136.297301
2170_n4c6-b6.mtx,85.923721
1394_cq5.mtx,13.145807
1843_lhr10c.mtx,41.896983
2306_al2010.mtx,38.705966
0590_lp_agg2.mtx,1.180426
0426_can_292.mtx,0.696845
0903_adder_dcop_27.mtx,3.259710
1735_g7jac050sc.mtx,30.409008
1382_c-25.mtx,6.439414
1156_barth.mtx,7.297543
1284_seymourl.mtx,9.187970
1796_flower_7_4.mtx,32.167025
1711_shermanACb.mtx,24.875578
0281_GL7d11.mtx,0.437853
2232_pds-80.mtx,33.686454
1603_rajat27.mtx,20.251066
0864_adder_dcop_13.mtx,3.289454
2768_PFlow_742.mtx,88.419328
0760_D_10.mtx,1.926132
1666_aft01.mtx,31.372142
0194_rotor1.mtx,0.188273
0113_GD95_c.mtx,0.083588
1205_n2c6-b7.mtx,8.284454
1611_Kemelmacher.mtx,25.570342
0670_fpga_dcop_38.mtx,1.426807
2495_3dtube.mtx,197.907255
0077_karate.mtx,0.049848
2288_viscorocks.mtx,150.530242
0315_oscil_dcop_37.mtx,0.473547
1960_cvxbqp1.mtx,58.996628
0038_Ragusa18.mtx,0.021462
2567_ecology1.mtx,80.271213
2018_ch7-9-b3.mtx,63.682310
0280_mycielskian7.mtx,0.429038
0249_ash608.mtx,0.384384
1076_lpi_ceria3d.mtx,4.541711
1212_Goodwin_010.mtx,6.949091
0141_ch5-5-b1.mtx,0.137694
2269_nemsemm1.mtx,83.154714
0229_lp_vtp_base.mtx,0.251345
2258_pds-90.mtx,33.553442
0809_jagmesh9.mtx,2.494450
0081_bcspwr02.mtx,0.056438
0314_oscil_dcop_56.mtx,0.464780
1767_t60k.mtx,38.011050
0389_GL6_D_10.mtx,0.552401
0963_USpowerGrid.mtx,3.621087
0005_GL7d10.mtx,0.054237
1886_chipcool0.mtx,40.663870
2074_apache1.mtx,90.153642
1910_waveguide3D.mtx,30.610046
2652_bmwcra_1.mtx,158.720011
2497_Goodwin_095.mtx,153.680736
2719_msdoor.mtx,156.647822
2655_ohne2.mtx,97.061412
0224_gre_185.mtx,0.257395
2675_rgg_n_2_20_s0.mtx,18.095140
0734_rdb1250l.mtx,1.988288
2409_conf5_4-8x8-05.mtx,177.493333
0399_lp_nug06.mtx,0.608838
0333_oscil_dcop_55.mtx,0.464990
2061_t3dl_a.mtx,72.780815
2734_human_gene1.mtx,29.690160
2033_2D_27628_bjtcai.mtx,77.660530
0012_lpi_galenet.mtx,0.151203
2120_vsp_bump2_e18_aa01_model1_crew1.mtx,41.865136
0376_mesh3e1.mtx,0.515486
1890_fome13.mtx,26.689387
1687_cavity16.mtx,31.484848
0034_n3c4-b2.mtx,0.023401
1541_kineticBatchReactor_6.mtx,18.234059
1853_ch7-8-b3.mtx,50.047877
0981_mycielskian9.mtx,3.297880
0836_SciMet.mtx,2.839651
0958_freeFlyingRobot_3.mtx,3.062085
0600_S40PI_n1.mtx,1.500450
2404_Zd_Jac3.mtx,123.205401
2169_id2010.mtx,40.210032
2599_delaunay_n20.mtx,64.805056
1053_G47.mtx,3.575199
0650_fpga_dcop_51.mtx,1.412442
0821_jagmesh4.mtx,2.520286
0711_lp_fffff800.mtx,1.403728
1782_vsp_befref_fxm_2_4_air02.mtx,31.061428
1388_beacxc.mtx,10.425853
2465_cop20k_A.mtx,91.801553
1722_model10.mtx,15.788744
0999_lshp2233.mtx,4.145135
2636_atmosmodd.mtx,87.371629
2340_raefsky3.mtx,121.383449
2820_Cube_Coup_dt6.mtx,92.791495
1200_c-27.mtx,6.951368
1412_ex7.mtx,11.698231
2744_cage14.mtx,36.672099
2681_kkt_power.mtx,17.888701
1754_SiH4.mtx,35.753536
1005_nos3.mtx,3.990429
2643_m_t1.mtx,188.770249
0959_rajat12.mtx,2.582617
0264_impcol_d.mtx,0.381917
2667_halfb.mtx,174.946984
1838_onetone2.mtx,18.608461
1226_gemat11.mtx,8.440799
1393_n3c6-b7.mtx,13.100903
0058_n4c5-b11.mtx,0.805369
1602_ex9.mtx,21.350290
2429_com-DBLP.mtx,29.898787
2662_tp-6.mtx,67.779854
1368_PGPgiantcompo.mtx,8.999260
2326_va2010.mtx,37.050696
2268_case39.mtx,82.675023
0595_plsk1919.mtx,1.392018
0705_GL6_D_8.mtx,1.643649
2179_Andrews.mtx,29.527997
0573_rdb800l.mtx,1.376038
1456_fd18.mtx,17.500966
0703_lowThrust_1.mtx,1.346432
1428_whitaker3_dual.mtx,16.482699
0918_adder_dcop_43.mtx,3.090834
1044_coater1.mtx,4.546028
1258_reorientation_7.mtx,8.181918
1462_c-34.mtx,12.228284
2111_bcsstk33.mtx,98.404655
0584_hor_131.mtx,1.258517
2742_FullChip.mtx,45.067363
0188_ash331.mtx,0.212520
0311_oscil_dcop_36.mtx,0.468518
0018_n3c4-b4.mtx,0.198020
2590_Ga3As3H12.mtx,153.341046
2522_barrier2-1.mtx,74.421663
1738_bcsstk24.mtx,31.966017
1775_Ill_Stokes.mtx,23.855398
2464_net125.mtx,122.029404
1489_air06.mtx,14.076740
2079_soc-sign-Slashdot090221.mtx,26.952054
0410_lund_b.mtx,0.596238
2763_packing-500x100x100-b050.mtx,41.296698
2801_bone010.mtx,71.515784
0688_fpga_dcop_23.mtx,1.392085
1111_G35.mtx,5.266853
0913_adder_dcop_14.mtx,3.191260
2525_barrier2-3.mtx,74.184434
2356_mi2010.mtx,17.003448
0235_fs_183_3.mtx,0.250176
1609_Franz8.mtx,26.857907
2713_circuit5M_dc.mtx,41.820056
1564_n4c6-b13.mtx,20.648484
0636_spaceStation_2.mtx,1.423468
2380_crashbasis.mtx,118.906053
1877_rlfddd.mtx,52.210121
1070_p2p-Gnutella08.mtx,5.174200
2381_majorbasis.mtx,122.325448
1078_bayer09.mtx,5.147016
0283_lp_scorpion.mtx,0.408576
1269_reorientation_8.mtx,9.024530
1866_bcsstk25.mtx,51.757669
2372_gas_sensor.mtx,108.577575
2705_af_shell5.mtx,176.882832
0945_delaunay_n11.mtx,2.847781
1137_ex25.mtx,5.463869
1461_rosen10.mtx,12.193371
0239_rdb200.mtx,0.328783
0890_adder_dcop_54.mtx,3.171908
1397_ca-HepTh.mtx,12.283385
0602_Roget.mtx,1.378701
1941_Franz11.mtx,56.942924
0567_lp_tuff.mtx,0.943916
0684_fpga_dcop_20.mtx,1.442880
1581_bayer10.mtx,22.382929
0554_fs_541_1.mtx,1.257705
0405_ch7-8-b1.mtx,0.705247
0383_olm500.mtx,0.636378
0129_lp_sc105.mtx,0.104664
2700_af_shell7.mtx,178.525573
2729_12month1.mtx,34.773595
2499_nd3k.mtx,296.281675
0839_dwg961b.mtx,2.570319
1774_scsd8-2r.mtx,40.708400
1548_rajat08.mtx,21.898176
1248_scagr7-2b.mtx,9.454617
1759_c-45.mtx,27.320022
2174_olesnik0.mtx,83.120121
2144_cbuckle.mtx,133.119835
1995_nemeth05.mtx,93.236037
2716_hugetric-00010.mtx,27.747137
0593_bp_1400.mtx,1.135475
1976_bcircuit.mtx,56.491877
1436_scrs8-2r.mtx,15.248271
1032_Chebyshev2.mtx,3.721779
2613_pkustk12.mtx,180.745302
1478_nemspmm2.mtx,12.694204
0736_iiasa.mtx,2.095361
0746_scrs8-2c.mtx,1.982508
2552_TSOPF_RS_b300_c3.mtx,341.452864
1848_lhr11c.mtx,43.329502
1030_Maragal_3.mtx,3.925507
1202_p2p-Gnutella06.mtx,7.423761
2142_Zd_Jac6_db.mtx,73.326667
1592_Franz10.mtx,25.043791
1693_cavity20.mtx,30.942006
2059_ncvxqp3.mtx,67.376053
0654_fpga_dcop_45.mtx,1.439179
1342_qpband.mtx,13.204225
0022_mycielskian4.mtx,0.273973
0155_GD00_a.mtx,0.152743
1593_comsol.mtx,24.044570
1576_Maragal_5.mtx,19.243618
0766_bcsstk07.mtx,2.000764
1455_lp_pds_06.mtx,11.698742
0171_cat_ears_3_1.mtx,0.172832
0723_jagmesh2.mtx,1.733805
0580_cdde4.mtx,1.342607
1942_shyy161.mtx,61.163313
0549_t2dal_e.mtx,1.443051
2209_g7jac200sc.mtx,66.266192
0472_n2c6-b9.mtx,0.800942
1514_cavity10.mtx,16.981766
1982_viscoplastic2.mtx,58.742355
0624_n4c5-b3.mtx,1.479857
0078_Trefethen_20.mtx,0.050254
0555_lp_scsd6.mtx,0.986853
0905_adder_dcop_23.mtx,3.142218
2235_HFE18_96_in.mtx,149.862396
2384_Lin.mtx,126.878322
1727_192bit.mtx,26.622326
0030_cage4.mtx,0.341463
2135_tomographic1.mtx,46.619267
2626_degme.mtx,110.640330
2452_Delor295K.mtx,102.255754
0987_blckhole.mtx,3.907514
1056_olm5000.mtx,6.189754
1808_coater2.mtx,46.492039
1408_ncvxqp9.mtx,14.767045
0221_cis-n4c6-b15.mtx,0.258481
2783_delaunay_n23.mtx,48.596878
2367_qa8fm.mtx,133.267445
2257_dawson5.mtx,107.971693
0310_oscil_dcop_09.mtx,0.458568
1534_relat7b.mtx,20.290560
1651_conf6_0-4x4-30.mtx,31.346939
2336_NotreDame_actors.mtx,31.765390
0296_oscil_dcop_16.mtx,0.468305
0912_adder_dcop_37.mtx,3.256407
2328_nc2010.mtx,40.893726
1407_ex36.mtx,13.348953
0808_goddardRocketProblem_2.mtx,2.068273
1138_deter6.mtx,6.336915
1809_lowThrust_6.mtx,42.721541
1568_big_dual.mtx,20.992407
0564_NotreDame_yeast.mtx,1.275990
2530_barrier2-10.mtx,78.711493
1427_MISKnowledgeMap.mtx,12.930159
0151_ash219.mtx,0.150645
1008_California.mtx,4.173127
0480_dwt_492.mtx,0.866676
0448_lns_511.mtx,0.788161
1501_air04.mtx,15.362670
0317_oscil_dcop_03.mtx,0.456130
0335_oscil_dcop_54.mtx,0.454987
1561_cs4.mtx,15.512601
2073_psmigr_2.mtx,65.648189
1855_struct4.mtx,53.395756
0244_dwt_162.mtx,0.349497
0677_fpga_dcop_25.mtx,1.469143
1491_L-9.mtx,19.411588
2343_mosfet2.mtx,82.252331
2564_kron_g500-logn16.mtx,25.216978
2650_mip1.mtx,200.019687
0123_dolphins.mtx,0.092915
1369_xingo_afonso_itaipu.mtx,12.808147
0830_dw1024.mtx,2.755858
2156_c-72.mtx,66.003545
0116_west0067.mtx,0.090074
2714_eu-2005.mtx,105.962094
1114_G41.mtx,5.238360
1246_deter2.mtx,9.306160
2330_thermomech_dM.mtx,58.469402
1665_vsp_c-30_data_data.mtx,23.974554
0982_adder_trans_01.mtx,3.841128
0295_oscil_dcop_12.mtx,0.459797
2289_EternityII_Etilde.mtx,75.468472
0811_G19.mtx,2.084293
0293_oscil_dcop_17.mtx,0.460621
0328_oscil_dcop_49.mtx,0.443997
2536_vsp_bcsstk30_500sep_10in_1Kout.mtx,23.151116
1746_raefsky5.mtx,37.811456
0380_ash958.mtx,0.585396
0656_fpga_dcop_49.mtx,1.429403
1051_G43.mtx,5.650452
0539_young1c.mtx,1.179066
1046_g7jac010sc.mtx,4.849346
0867_adder_dcop_53.mtx,3.170567
1874_jan99jac120.mtx,36.219655
0259_can_144.mtx,0.367973
1723_cage10.mtx,35.090846
2408_conf6_0-8x8-30.mtx,184.879973
1653_conf5_0-4x4-22.mtx,31.653369
1656_conf5_0-4x4-10.mtx,31.863830
0922_145bit.mtx,3.036769
0471_model1.mtx,0.712890
0728_ch6-6-b2.mtx,2.119205
1917_n4c6-b5.mtx,57.767909
1325_ex23.mtx,9.975576
1190_bcsstk26.mtx,7.126982
0340_oscil_dcop_39.mtx,0.454051
1694_cavity18.mtx,31.324266
1488_aa03.mtx,15.965276
0386_kneser_6_2_1.mtx,0.612572
0425_lpi_bgetam.mtx,0.688934
2063_gridgena.mtx,79.269969
0442_lp_scfxm1.mtx,0.642446
1997_nemeth07.mtx,90.636364
2574_pkustk11.mtx,209.399121
1833_lowThrust_10.mtx,43.957034
2468_nasasrb.mtx,234.914802
1118_hydr1.mtx,6.338092
2418_analytics.mtx,73.169545
0501_pores_3.mtx,0.998994
1221_fxm2-16.mtx,7.531293
2100_thermal1.mtx,61.501847
0148_cis-n4c6-b1.mtx,0.152009
1815_lowThrust_7.mtx,43.738061
0804_jagmesh6.mtx,2.478093
1686_cavity23.mtx,30.562203
1832_scfxm1-2r.mtx,34.990991
1340_kineticBatchReactor_2.mtx,8.755247
1599_coupled.mtx,17.648545
1813_copter1.mtx,43.034764
1447_rdist3a.mtx,11.756125
1643_g7jac040sc.mtx,24.374748
0828_M80PI_n1.mtx,2.986013
2224_tube2.mtx,139.663086
1381_ex6.mtx,10.918770
2431_darcy003.mtx,63.463417
1439_G59.mtx,12.621919
2259_rim.mtx,126.623542
2040_fome21.mtx,30.802953
1410_Zewail.mtx,13.412390
0625_west1505.mtx,1.483449
1692_cavity22.mtx,31.730654
2337_TSOPF_RS_b300_c1.mtx,165.552187
0970_spaceStation_4.mtx,3.453992
0464_wm2.mtx,0.717736
0731_dwt_869.mtx,1.931592
2619_CO.mtx,109.824177
0372_D_5.mtx,0.542012
0070_Trefethen_20b.mtx,0.047704
1649_p010.mtx,25.111726
0506_tols1090.mtx,0.802716
0991_lp_bnl2.mtx,3.476124
1555_fv1.mtx,22.063398
2368_qa8fk.mtx,131.583122
0374_lp_sctap1.mtx,0.529861
2265_Goodwin_054.mtx,120.247055
1130_soc-sign-bitcoin-alpha.mtx,5.564477
2097_sinc15.mtx,71.333250
2547_t3dh_a.mtx,119.113377
0265_Cities.mtx,0.358297
0532_olm1000.mtx,1.256209
2623_Ge87H76.mtx,117.391844
1654_conf5_0-4x4-14.mtx,31.404456
1000_delf.mtx,3.788632
1217_cavity07.mtx,6.932049
0755_jagmesh7.mtx,1.867636
1116_airfoil1_dual.mtx,6.922356
1458_bayer02.mtx,15.414912
0432_gams60am.mtx,0.799571
1882_bayer01.mtx,45.970046
0027_LFAT5.mtx,0.308725
0216_steam3.mtx,0.259182
1158_3elt_dual.mtx,7.760374
0948_can_1072.mtx,2.823690
0206_n3c5-b6.mtx,0.230232
2813_delaunay_n24.mtx,29.614493
0037_klein-b1.mtx,0.022740
1596_delaunay_n14.mtx,22.850099
0849_adder_dcop_05.mtx,3.097125
1810_s3rmt3m3.mtx,44.907027
0815_G20.mtx,2.101664
0738_cavity01.mtx,1.825134
2087_c-62.mtx,58.816299
1699_stokes64s.mtx,36.400832
1097_deter8.mtx,6.103462
2821_Cube_Coup_dt0.mtx,104.271134
1216_cavity09.mtx,6.977839
2085_rajat23.mtx,56.972840
2628_GL7d22.mtx,15.461126
0992_n3c6-b4.mtx,4.047715
2748_Fault_639.mtx,65.631465
1344_bcsstk23.mtx,9.835202
1745_Zhao2.mtx,40.420835
2695_af_2_k101.mtx,177.387053
1208_c-21.mtx,7.029621
2385_oh2010.mtx,41.249927
1875_jan99jac120sc.mtx,37.094875
2637_Ga19As19H42.mtx,105.916898
2711_Ga41As41H72.mtx,81.125744
2594_GL7d15.mtx,12.370139
2157_thermomech_TK.mtx,31.505081
0979_bibd_17_4.mtx,2.962656
2809_dielFilterV3real.mtx,48.782444
1255_photogrammetry2.mtx,9.205316
2008_light_in_tissue.mtx,62.710833
0212_plskz362.mtx,0.269525
1043_deter4.mtx,5.190553
2678_nd12k.mtx,194.039296
2075_psmigr_1.mtx,59.238957
2083_Trefethen_20000b.mtx,84.931832
0955_grid2.mtx,3.194438
1113_G38.mtx,5.344980
0051_ch4-4-b3.mtx,0.030000
1928_IG5-15.mtx,43.761786
1492_fome11.mtx,14.462506
2658_rail4284.mtx,41.667016
0543_bp_600.mtx,0.923826
0398_ash292.mtx,0.610198
1826_ABACUS_shell_hd.mtx,39.986091
0021_GD01_b.mtx,0.013028
2035_nemeth12.mtx,102.118158
1448_Chem97Zt.mtx,13.889411
1390_model7.mtx,10.142516
0572_bibd_11_5.mtx,0.986231
1607_n4c6-b4.mtx,25.649616
0788_goddardRocketProblem_1.mtx,1.868103
1571_air03.mtx,18.914909
1842_spmsrtls.mtx,57.753862
0512_bcsstk04.mtx,0.911203
2514_Dubcova3.mtx,116.826991
2171_TSOPF_FS_b39_c7.mtx,78.250804
2341_net75.mtx,105.838456
1001_bcsstm25.mtx,5.110559
2215_fp.mtx,119.430401
2665_troll.mtx,173.690968
2432_mario002.mtx,61.374323
0664_fpga_dcop_37.mtx,1.471345
2069_c-67.mtx,63.239018
2030_c-63.mtx,56.429415
0257_gams30a.mtx,0.317112
2207_sgpf5y6.mtx,61.303172
0845_plddb.mtx,2.905509
1049_spaceStation_12.mtx,4.957407
1247_circuit_1.mtx,5.867813
0787_Trefethen_500.mtx,2.203795
0790_dwt_1007.mtx,2.373046
0457_Trefethen_200.mtx,0.794611
2392_TSOPF_FS_b162_c3.mtx,154.372884
0878_adder_dcop_18.mtx,3.198066
0889_adder_dcop_56.mtx,3.302305
1035_rdb3200l.mtx,5.294448
1415_bibd_49_3.mtx,11.876235
1871_bibd_81_3.mtx,37.721612
2774_relat9.mtx,18.120692
1858_sx-mathoverflow.mtx,22.391229
2754_coPapersDBLP.mtx,44.187125
0179_flower_5_1.mtx,0.180213
0638_fpga_dcop_05.mtx,1.398662
2300_language.mtx,64.867687
2205_n4c6-b11.mtx,96.545233
2191_EternityII_A.mtx,69.512666
0727_lp_ship08s.mtx,1.732450
1852_nh2010.mtx,31.831445
0418_dwa512.mtx,0.725783
2541_offshore.mtx,47.865711
1595_Goodwin_017.mtx,21.197398
2072_nemeth15.mtx,127.537389
2345_EternityII_E.mtx,81.366376
0189_lp_sc205.mtx,0.207715
1437_p05.mtx,16.408226
0100_n3c5-b7.mtx,0.067435
0066_bcsstm22.mtx,0.052702
1416_nemspmm1.mtx,9.749062
2355_delaunay_n18.mtx,89.001613
1930_goodwin.mtx,64.383784
2082_rail_79841.mtx,61.359291
2573_amazon-2008.mtx,61.041316
1300_G23.mtx,12.425796
2053_lung2.mtx,72.574628
0674_fpga_dcop_19.mtx,1.439179
1430_psse1.mtx,14.970907
0236_bcsstm08.mtx,0.369771
1724_wing_nodal.mtx,21.676382
0130_chesapeake.mtx,0.104231
0455_M20PI_n.mtx,0.863739
0348_lpi_refinery.mtx,0.438570
1959_a2nnsnsl.mtx,55.877374
2046_g7jac120sc.mtx,55.036591
0359_shl_400.mtx,0.369603
1779_mult_dcop_02.mtx,25.372629
0586_mk10-b4.mtx,1.369367
0877_adder_dcop_58.mtx,3.100634
2692_in-2004.mtx,128.683977
0851_adder_dcop_03.mtx,2.936389
0762_gr_30_30.mtx,2.177422
1420_bcsstm27.mtx,12.019702
1975_flower_8_4.mtx,40.595630
0954_fxm2-6.mtx,2.802581
2346_nemeth24.mtx,258.479883
2263_ia2010.mtx,51.038085
1481_mk11-b3.mtx,18.616521
2402_rajat21.mtx,84.663402
0803_rail_1357.mtx,2.311254
0957_lshp1882.mtx,3.432371
1879_rat.mtx,58.816273
1066_pcb1000.mtx,4.480131
0385_mesh2e1.mtx,0.580719
1624_rajat09.mtx,25.624515
2318_fe_rotor.mtx,63.544066
1787_rajat22.mtx,36.378792
0699_orbitRaising_3.mtx,1.608122
1625_ex8.mtx,21.436001
1510_lp_pilot87.mtx,14.190855
0498_dwg961a.mtx,1.007844
0288_oscil_dcop_23.mtx,0.462483
1499_sts4098.mtx,16.429609
2635_atmosmodj.mtx,89.568005
0284_flower_8_1.mtx,0.527616
1608_cis-n4c6-b4.mtx,26.002074
0937_G49.mtx,3.508772
2086_stokes128.mtx,92.589756
0668_fpga_dcop_36.mtx,1.419759
2766_sx-stackoverflow.mtx,13.198694
2377_venkat01.mtx,116.271287
0415_str_0.mtx,0.657028
0872_adder_dcop_68.mtx,3.287823
1897_raefsky2.mtx,64.477651
0861_adder_dcop_08.mtx,3.071165
2460_CurlCurl_1.mtx,111.216781
2493_sme3Dc.mtx,38.382563
0088_n3c6-b1.mtx,0.080707
1968_GL7d13.mtx,29.068299
2068_std1_Jac3_db.mtx,60.672637
1876_lp_cre_b.mtx,39.257113
0142_gams10am.mtx,0.127726
0558_GL6_D_9.mtx,1.188739
2166_nemeth01.mtx,149.959462
2246_sinc18.mtx,91.926748
2220_Si10H16.mtx,98.087682
2618_G3_circuit.mtx,65.723468
2657_SiO2.mtx,138.770552
1155_lowThrust_2.mtx,6.517186
2067_ted_AB.mtx,97.315015
1153_p2p-Gnutella09.mtx,6.065050
1814_c-47.mtx,37.231596
0366_lshp_265.mtx,0.481792
2338_windscreen.mtx,163.249821
0014_lpi_itest2.mtx,0.172185
0783_cep1.mtx,2.278400
1423_mark3jac020sc.mtx,14.126745
1260_reorientation_6.mtx,9.121153
0801_progas.mtx,2.247852
2412_opt1.mtx,171.636663
0838_bcsstm38.mtx,2.895609
1283_G4.mtx,10.156780
1669_jan99jac060.mtx,24.561993
2593_ESOC.mtx,86.639020
1744_Zhao1.mtx,41.165574
1449_bips07_1998.mtx,16.755927
2751_mouse_gene.mtx,35.613675
0484_G11.mtx,0.973532
2104_TF17.mtx,53.430980
0876_adder_dcop_32.mtx,3.252639
1835_lowThrust_12.mtx,45.621166
2553_torso3.mtx,127.748543
2192_delaunay_n17.mtx,66.665423
2124_rajat28.mtx,58.983487
1498_nasa2146.mtx,14.764483
0672_fpga_dcop_14.mtx,1.421643
1115_G37.mtx,5.217488
2153_nsct.mtx,61.801417
1637_scsd8-2b.mtx,25.370079
0444_Erdos981.mtx,1.037566
1513_bips07_3078.mtx,18.441252
0989_D_8.mtx,3.728915
2093_wathen120.mtx,89.526228
0132_n3c5-b2.mtx,0.116129
1802_minsurfo.mtx,51.471689
0675_fpga_dcop_03.mtx,1.427326
1913_circuit_4.mtx,42.120225
0125_n2c6-b10.mtx,0.091034
1804_cz20468.mtx,42.710052
1083_ch6-6-b4.mtx,5.610390
0799_illc1850.mtx,2.419003
2195_shar_te2-b3.mtx,64.318702
1252_dynamicSoaringProblem_5.mtx,8.776002
0139_odepb400.mtx,0.148052
2620_Rucci1.mtx,65.205152
1741_lowThrust_4.mtx,34.638330
0049_n3c5-b1.mtx,0.035531
0700_qh1484.mtx,1.650682
1065_t3dl_e.mtx,6.828777
1045_g7jac010.mtx,4.950208
0416_662_bus.mtx,0.737627
2732_Transport.mtx,116.112339
0318_oscil_dcop_30.mtx,0.456130
0163_lp_stocfor1.mtx,0.147788
2488_webbase-1M.mtx,85.314579
0709_cz628.mtx,1.555202
2010_nemeth11.mtx,91.940998
0865_adder_dcop_44.mtx,3.277948
2320_relat8.mtx,51.536111
0779_relat6.mtx,2.314918
2812_mycielskian17.mtx,82.190132
0019_Tina_AskCog.mtx,0.236842
0453_lp_agg.mtx,0.721452
2521_IMDB.mtx,22.394888
2028_t0331-4l.mtx,20.109276
1293_G24.mtx,12.366223
1389_rel7.mtx,13.558977
1052_G44.mtx,5.979351
0301_oscil_dcop_15.mtx,0.453251
1003_dynamicSoaringProblem_2.mtx,3.745315
2361_coAuthorsCiteseer.mtx,65.746104
0177_nos4.mtx,0.185133
1881_cegb2802.mtx,45.172964
1726_cari.mtx,41.504821
2646_x104.mtx,182.599991
2765_hugetrace-00010.mtx,19.934904
2188_bundle1.mtx,83.093614
0757_bfwa782.mtx,1.926914
2793_rgg_n_2_22_s0.mtx,20.013859
1345_TS.mtx,9.696230
1353_msc01440.mtx,10.720575
0583_tumorAntiAngiogenesis_5.mtx,1.169576
1712_D6-6.mtx,27.215120
0214_ch6-6-b1.mtx,0.294262
0641_circuit204.mtx,1.631221
2298_wi2010.mtx,49.662417
0551_fs_541_3.mtx,1.294171
2173_Si5H12.mtx,95.382966
1094_Hamrle2.mtx,6.609603
2226_HTC_336_4438.mtx,72.901229
2823_vas_stokes_4M.mtx,46.443451
2390_invextr1_new.mtx,128.473895
0767_bcsstk06.mtx,1.999237
2253_2D_54019_highK.mtx,124.809169
0199_lp_share2b.mtx,0.219306
1452_dendrimer.mtx,12.848930
2510_FEM_3D_thermal2.mtx,191.142153
1818_jan99jac100sc.mtx,34.002048
2602_rgg_n_2_19_s0.mtx,51.121645
1233_msc00726.mtx,7.117847
2064_hcircuit.mtx,68.670548
1508_kineticBatchReactor_4.mtx,15.966944
2753_GL7d20.mtx,14.913914
0247_lpi_mondou2.mtx,0.341050
2041_pds-40.mtx,27.966330
2003_net25.mtx,45.914397
0120_mesh1em6.mtx,0.095491
2701_af_shell9.mtx,176.748632
1075_swang1.mtx,5.402722
1709_juba40k.mtx,32.117217
1973_email-Enron.mtx,35.553815
2545_t3dh.mtx,111.665448
2114_sx-askubuntu.mtx,23.155786
1747_Muu.mtx,37.640265
0248_lpi_cplex2.mtx,0.340861
0741_cavity04.mtx,1.743901
2016_email-EuAll.mtx,28.496947
1868_Dubcova1.mtx,45.776913
0246_odepa400.mtx,0.379763
1989_c-54.mtx,44.584031
0368_can_229.mtx,0.481572
1906_208bit.mtx,34.542060
0299_oscil_dcop_28.mtx,0.466395
0167_ash85.mtx,0.147532
1681_bibd_15_7.mtx,26.823144
0036_klein-b2.mtx,0.020499
2627_PR02R.mtx,197.377253
0756_jagmesh8.mtx,2.013486
1327_N_reactome.mtx,10.033433
0370_sphere3.mtx,0.511111
1575_stufe-10.mtx,24.335562
2351_lhr71c.mtx,135.667599
1807_internet.mtx,27.106286
2489_TSOPF_FS_b39_c30.mtx,182.534651
0588_well1033.mtx,1.348532
1847_windtunnel_evap2d.mtx,56.434131
0942_Journals.mtx,2.780966
2779_spal_004.mtx,39.014635
0482_lp_modszk1.mtx,0.834453
1824_ABACUS_shell_ud.mtx,40.826684
