index,mtx,gflops
0,1009_lp_ship12l.mtx,3.14
1,0637_bcspwr07.mtx,1.121
2,1471_thermal.mtx,12.899
3,2201_fe_ocean.mtx,113.398
4,2480_Trec14.mtx,200.57
5,1657_bloweybl.mtx,23.033
6,0494_str_600.mtx,0.787
7,0153_sphere2.mtx,0.109
8,2027_GT01R.mtx,69.295
9,0309_oscil_dcop_01.mtx,0.364
10,2149_TSOPF_RS_b39_c19.mtx,109.473
11,2687_venturiLevel3.mtx,232.593
12,1504_descriptor_xingo6u.mtx,14.166
13,1396_aa6.mtx,10.387
14,2397_com-Amazon.mtx,128.83
15,1460_rajat07.mtx,12.271
16,2193_ky2010.mtx,95.965
17,0491_685_bus.mtx,0.631
18,0944_grid2_dual.mtx,2.349
19,2132_blockqp1.mtx,102.389
20,0035_n3c4-b3.mtx,0.015
21,2749_nlpkkt80.mtx,257.765
22,0267_n3c6-b2.mtx,0.324
23,0686_fpga_dcop_21.mtx,1.131
24,2023_loc-Brightkite.mtx,59.351
25,0297_oscil_dcop_13.mtx,0.366
26,1443_viscoplastic1.mtx,11.781
27,0908_adder_dcop_52.mtx,2.162
28,0067_lpi_woodinfe.mtx,0.034
29,0287_oscil_dcop_24.mtx,0.37
30,1562_tuma1.mtx,16.779
31,0824_p2756.mtx,1.86
32,2297_Linux_call_graph.mtx,130.516
33,1768_brainpc2.mtx,34.536
34,1655_conf6_0-4x4-20.mtx,23.071
35,0594_tumorAntiAngiogenesis_6.mtx,1.165
36,0365_tols90.mtx,0.413
37,2203_rel8.mtx,100.102
38,0879_adder_dcop_61.mtx,2.162
39,2422_net100.mtx,166.499
40,1922_lp_osa_14.mtx,51.021
41,2529_ASIC_680k.mtx,238.498
42,0715_minnesota.mtx,1.267
43,2486_rgg_n_2_18_s0.mtx,231.621
44,0068_mycielskian5.mtx,0.035
45,1459_car4.mtx,12.198
46,2825_mawi_201512020030.mtx,122.835
47,0666_fpga_dcop_39.mtx,1.135
48,2507_amazon0601.mtx,203.538
49,2151_neos2.mtx,94.907
50,1454_gen.mtx,12.191
51,1176_tomography.mtx,6.828
52,0763_jagmesh5.mtx,1.501
53,2470_GL7d23.mtx,146.11
54,1473_flowmeter0.mtx,12.989
55,2089_cage11.mtx,81.343
56,0106_bibd_9_3.mtx,0.061
57,1317_Trefethen_2000.mtx,8.155
58,2424_bcsstk30.mtx,199.297
59,0698_bcspwr08.mtx,1.164
60,2789_road_usa.mtx,133.16
61,2184_dc2.mtx,106.039
62,2038_qc2534.mtx,74.687
63,0198_can_96.mtx,0.187
64,1536_c-40.mtx,15.606
65,2177_copter2.mtx,105.578
66,1352_IG5-12.mtx,8.938
67,1792_world.mtx,36.509
68,1715_case9.mtx,28.508
69,0900_adder_dcop_22.mtx,2.157
70,1265_GL7d12.mtx,7.188
71,0792_nnc1374.mtx,1.655
72,1600_ex15.mtx,19.139
73,0578_cdde2.mtx,0.899
74,0238_rdb200l.mtx,0.268
75,1185_deter5.mtx,5.65
76,0609_cage.mtx,1.247
77,0253_mk10-b1.mtx,0.284
78,1544_jan99jac040sc.mtx,15.923
79,1362_kneser_8_3_1.mtx,8.966
80,1829_s2rmt3m1.mtx,41.913
81,2099_ut2010.mtx,79.36
82,0789_mhda416.mtx,2.053
83,1805_mario001.mtx,33.264
84,0104_IG5-6.mtx,0.061
85,0622_GL6_D_7.mtx,1.223
86,2670_TSOPF_FS_b300_c3.mtx,250.27
87,1192_c-28.mtx,5.862
88,2401_imagesensor.mtx,184.736
89,1601_sctap1-2b.mtx,19.052
90,2060_soc-Epinions1.mtx,62.099
91,2109_mri1.mtx,94.41
92,0187_rel5.mtx,0.155
93,1047_bcsstm12.mtx,3.839
94,1067_kineticBatchReactor_1.mtx,3.961
95,0447_lnsp_511.mtx,0.669
96,0781_poli.mtx,1.558
97,0984_pde2961.mtx,2.811
98,1288_nasa1824(0).mtx,7.549
99,1019_spaceStation_10.mtx,3.368
100,1061_rw5151.mtx,3.875
101,2304_mycielskian13.mtx,135.303
102,1786_bfly.mtx,33.459
103,2440_H2O.mtx,196.737
104,0082_lap_25.mtx,0.041
105,2750_nd24k.mtx,265.401
106,0478_ch8-8-b1.mtx,0.602
107,0772_G32.mtx,1.538
108,0149_gre_115.mtx,0.102
109,1442_sit100.mtx,11.859
110,1527_LFAT5000.mtx,15.564
111,0485_G12.mtx,0.638
112,1163_freeFlyingRobot_6.mtx,5.207
113,0626_n3c6-b3.mtx,1.054
114,0327_oscil_dcop_33.mtx,0.364
115,0536_nnc666.mtx,0.779
116,0871_adder_dcop_67.mtx,2.165
117,2600_Chevron4.mtx,294.4
118,2280_ks2010.mtx,121.611
119,1673_lp_fit2d.mtx,31.035
120,0566_bp_800.mtx,0.914
121,0402_Chebyshev1.mtx,0.559
122,1251_dynamicSoaringProblem_6.mtx,7.059
123,2818_Flan_1565.mtx,277.404
124,1296_G27.mtx,7.674
125,2264_Dubcova2.mtx,141.069
126,0117_pivtol.mtx,0.074
127,2668_delaunay_n21.mtx,229.785
128,2584_para-5.mtx,278.419
129,1087_bcspwr10.mtx,4.208
130,0258_gams30am.mtx,0.304
131,1136_freeFlyingRobot_5.mtx,4.719
132,0535_bp_400.mtx,0.873
133,0611_netz4504.mtx,0.992
134,1730_vt2010.mtx,29.666
135,0421_dwb512.mtx,0.599
136,0029_bcsstm01.mtx,0.012
137,1417_model9.mtx,10.786
138,2551_TSOPF_FS_b300.mtx,285.806
139,2066_ted_AB_unscaled.mtx,84.012
140,0504_dwt_512.mtx,0.833
141,1734_c-49.mtx,30.036
142,2301_caidaRouterLevel.mtx,107.909
143,2172_brack2.mtx,101.829
144,1357_Oregon-1.mtx,8.927
145,0916_adder_dcop_35.mtx,2.167
146,0707_n4c5-b9.mtx,1.435
147,1186_TF14.mtx,5.745
148,2699_af_5_k101.mtx,251.513
149,2760_road_central.mtx,122.385
150,0459_wm1.mtx,0.702
151,0272_dwt_198.mtx,0.332
152,0956_lp_ship08l.mtx,2.484
153,2517_power197k.mtx,242.261
154,2324_nemeth22.mtx,165.197
155,2044_wathen100.mtx,75.802
156,0740_cavity02.mtx,1.738
157,1932_EAT_RS.mtx,45.209
158,2459_c8_mat11.mtx,218.087
159,0343_lpi_chemcom.mtx,0.377
160,0055_bcsstm03.mtx,0.027
161,0848_cage8.mtx,2.134
162,0111_ex5.mtx,0.068
163,1957_mark3jac120sc.mtx,54.967
164,1749_mark3jac060sc.mtx,32.725
165,0393_gas11.mtx,0.519
166,2310_ok2010.mtx,123.932
167,2565_LargeRegFile.mtx,241.163
168,2014_nv2010.mtx,57.732
169,1220_cavity08.mtx,6.315
170,1147_lnsp3937.mtx,4.893
171,2136_Delor64K.mtx,104.913
172,1830_s3rmt3m1.mtx,42.403
173,1128_spaceShuttleEntry_2.mtx,4.654
174,1494_EX4(0).mtx,13.904
175,2660_fcondp2.mtx,240.207
176,0427_M20PI_n1.mtx,0.489
177,1962_cond-mat-2005.mtx,56.19
178,0496_lp_standgub.mtx,0.785
179,1505_ncvxqp1.mtx,14.262
180,2076_psmigr_3.mtx,75.591
181,0146_bcsstm06.mtx,0.099
182,0524_nemscem.mtx,0.74
183,2453_pkustk07.mtx,214.158
184,1985_g7jac100sc.mtx,61.655
185,0345_bcspwr04.mtx,0.381
186,0853_adder_dcop_01.mtx,2.141
187,2433_wave.mtx,205.486
188,2559_engine.mtx,284.157
189,0599_M40PI_n1.mtx,0.962
190,0980_bibd_17_4b.mtx,3.415
191,2777_kron_g500-logn19.mtx,197.869
192,0237_bcsstm09.mtx,0.205
193,0886_adder_dcop_47.mtx,2.161
194,1947_ckt11752_tr_0.mtx,53.52
195,2539_Delor338K.mtx,273.268
196,2078_soc-sign-Slashdot090216.mtx,66.371
197,1685_raefsky6.mtx,26.56
198,2115_pfinan512.mtx,94.881
199,0911_adder_dcop_31.mtx,2.159
200,2256_G_n_pin_pout.mtx,108.52
201,1464_Oregon-2.mtx,12.456
202,2105_nemeth16.mtx,94.095
203,1883_s3rmq4m1.mtx,53.281
204,2103_crystm03.mtx,93.575
205,1337_beause.mtx,10.55
206,1978_vsp_south31_slptsk.mtx,60.768
207,1395_lock1074.mtx,9.938
208,2543_pkustk10.mtx,277.444
209,2834_uk-2002.mtx,230.98
210,2250_la2010.mtx,106.233
211,0354_lpi_bgdbg1.mtx,0.393
212,2746_ML_Laplace.mtx,264.596
213,1012_LeGresley_2508.mtx,3.225
214,2000_ca-AstroPh.mtx,55.045
215,0643_fpga_dcop_04.mtx,1.135
216,2247_co2010.mtx,105.496
217,2218_vsp_vibrobox_scagr7-2c_rlfddd.mtx,106.021
218,0835_IG5-10.mtx,1.993
219,2252_kneser_10_4_1.mtx,106.855
220,0154_lpi_ex73a.mtx,0.11
221,1110_G39.mtx,4.521
222,0121_impcol_b.mtx,0.076
223,2788_wb-edu.mtx,186.008
224,0716_cr42.mtx,1.277
225,1465_fe_4elt2.mtx,12.627
226,1901_EX6(0).mtx,47.556
227,0632_lp_grow15.mtx,1.359
228,2129_nd2010.mtx,86.654
229,2558_ship_001.mtx,283.004
230,0735_rdb1250.mtx,1.404
231,0860_adder_dcop_09.mtx,2.159
232,1587_cti.mtx,18.54
233,1713_ccc.mtx,27.98
234,1125_add32.mtx,4.585
235,2094_g7jac140sc.mtx,78.409
236,1683_abtaha2.mtx,26.047
237,0145_west0132.mtx,0.101
238,1306_freeFlyingRobot_10.mtx,7.674
239,0610_dwt_607.mtx,1.195
240,1784_skirt(0).mtx,37.365
241,2803_audikw_1.mtx,273.236
242,1506_xingo3012.mtx,14.208
243,2669_test1.mtx,187.312
244,0394_gre_512.mtx,0.524
245,0452_ck400.mtx,0.676
246,1615_psse0.mtx,19.642
247,1475_powersim.mtx,12.948
248,0285_oscil_dcop_38.mtx,0.363
249,1800_g7jac060.mtx,32.811
250,2241_crplat2.mtx,133.604
251,1801_vsp_barth5_1Ksep_50in_5Kout.mtx,32.585
252,0635_plat362.mtx,1.41
253,1385_mbeacxc.mtx,11.764
254,0437_fs_680_1.mtx,0.572
255,2273_ts-palko.mtx,129.81
256,2015_onera_dual.mtx,67.196
257,0880_adder_dcop_62.mtx,2.161
258,0326_oscil_dcop_32.mtx,0.365
259,2042_OPF_10000.mtx,75.044
260,2230_ne2010.mtx,111.08
261,0523_can_445.mtx,0.923
262,1451_c-35.mtx,12.04
263,1870_a5esindl.mtx,40.955
264,1900_EX5(0).mtx,47.537
265,2398_appu.mtx,106.366
266,2342_web-NotreDame.mtx,88.467
267,0379_west0479.mtx,0.453
268,0806_laser.mtx,1.726
269,1631_co9.mtx,20.898
270,2582_para-8.mtx,278.412
271,2515_parabolic_fem.mtx,238.581
272,2307_amazon0302.mtx,120.241
273,0816_G16.mtx,1.944
274,1539_gen2.mtx,15.908
275,0759_model2.mtx,1.801
276,0168_lnsp_131.mtx,0.13
277,2276_dbic1.mtx,117.311
278,2214_ch7-8-b5.mtx,117.461
279,2238_soc-Slashdot0902.mtx,92.371
280,2344_boyd2.mtx,146.33
281,1567_jendrec1.mtx,17.246
282,0440_tumorAntiAngiogenesis_2.mtx,0.657
283,1578_ex26.mtx,18.136
284,2786_hugebubbles-00000.mtx,122.503
285,2155_ch7-8-b4.mtx,97.566
286,1760_epb2.mtx,33.262
287,0646_fpga_dcop_29.mtx,1.133
288,0537_1138_bus.mtx,0.779
289,2037_tandem_dual.mtx,73.714
290,0862_adder_dcop_11.mtx,2.156
291,0275_dwt_245.mtx,0.351
292,1285_jan99jac020.mtx,7.456
293,0481_str_400.mtx,0.758
294,1993_nemeth03.mtx,63.505
295,1550_bcsstk13.mtx,16.176
296,1400_aa4.mtx,12.332
297,2017_cit-HepPh.mtx,58.504
298,0192_bcsstk22.mtx,0.166
299,0997_c-18.mtx,2.896
300,0298_oscil_dcop_22.mtx,0.373
301,1790_lowThrust_5.mtx,37.695
302,2405_conf6_0-8x8-80.mtx,187.072
303,2651_crankseg_1.mtx,240.38
304,1017_rbsb480.mtx,4.047
305,1839_mark3jac080sc.mtx,36.976
306,1355_Franz4.mtx,8.925
307,0829_can_838.mtx,2.095
308,0696_dwt_503.mtx,1.463
309,2249_or2010.mtx,106.025
310,1944_usroads.mtx,53.302
311,0528_tumorAntiAngiogenesis_3.mtx,0.945
312,0633_rdb968.mtx,1.088
313,0382_mk11-b1.mtx,0.379
314,0289_oscil_dcop_21.mtx,0.365
315,2804_ljournal-2008.mtx,229.009
316,0268_n2c6-b2.mtx,0.323
317,1865_rajat26.mtx,40.084
318,1236_cell1.mtx,6.716
319,0093_divorce.mtx,0.055
320,2836_Queen_4147.mtx,279.374
321,1907_dixmaanl.mtx,48.073
322,0205_grid1_dual.mtx,0.202
323,1234_c-26.mtx,6.67
324,1606_piston.mtx,19.256
325,2578_cont11_l.mtx,228.476
326,0424_lp_etamacro.mtx,0.602
327,0747_scrs8-2b.mtx,1.418
328,2816_hollywood-2009.mtx,269.632
329,0921_adder_dcop_49.mtx,2.159
330,0934_G52.mtx,2.277
331,0413_dwt_310.mtx,0.594
332,1904_finance256.mtx,48.914
333,1827_bcsstk28.mtx,41.683
334,0133_west0156.mtx,0.09
335,1376_rajat13.mtx,9.408
336,2113_GL7d24.mtx,72.276
337,0534_lp_stair.mtx,0.975
338,0439_mcca.mtx,0.648
339,1071_mk11-b2.mtx,3.988
340,1740_lock3491.mtx,30.861
341,0701_delaunay_n10.mtx,1.181
342,0678_fpga_dcop_13.mtx,1.142
343,1041_wang1.mtx,3.68
344,2092_Goodwin_040.mtx,90.725
345,1312_mk12-b2.mtx,7.987
346,0855_TF13.mtx,2.18
347,2161_cyl6.mtx,99.345
348,0596_bp_1600.mtx,0.93
349,1324_freeFlyingRobot_15.mtx,8.303
350,0568_IG5-9.mtx,1.114
351,0935_G54.mtx,2.299
352,1645_ex31.mtx,22.188
353,1940_inlet.mtx,62.194
354,2621_shipsec1.mtx,317.096
355,2430_mc2depi.mtx,167.549
356,1157_as-735.mtx,5.058
357,2808_kron_g500-logn20.mtx,201.576
358,2154_md2010.mtx,85.355
359,2731_Freescale2.mtx,244.569
360,1373_ex24.mtx,9.451
361,0797_EX1(0).mtx,1.998
362,0730_bcsstm07.mtx,1.766
363,0098_d_dyn.mtx,0.058
364,0422_dwt_307.mtx,0.612
365,2607_TSOPF_RS_b2052_c1.mtx,329.745
366,0538_celegans_metabolic.mtx,0.962
367,1559_t2d_q9.mtx,16.745
368,1039_polblogs.mtx,3.673
369,2197_pkustk02.mtx,112.617
370,2227_nw14.mtx,145.192
371,2500_wiki-talk-temporal.mtx,124.89
372,2090_k1_san.mtx,90.374
373,1301_G22.mtx,7.744
374,1106_lp_80bau3b.mtx,4.467
375,1328_flower_5_4.mtx,8.45
376,0140_bcsstk01.mtx,0.097
377,0983_adder_trans_02.mtx,2.793
378,1074_swang2.mtx,4.031
379,2540_pkustk04.mtx,272.673
380,2204_nj2010.mtx,101.036
381,0233_fs_183_6.mtx,0.256
382,1304_n2c6-b6.mtx,7.697
383,0180_Sandi_sandi.mtx,0.145
384,0694_bfwb782.mtx,1.156
385,1321_Alemdar.mtx,8.208
386,1716_TSOPF_FS_b9_c6.mtx,28.404
387,1171_bayer07.mtx,5.369
388,2735_germany_osm.mtx,113.705
389,0604_rel6.mtx,0.969
390,1450_mk12-b5.mtx,11.956
391,1899_sinc12.mtx,47.437
392,2164_c-64.mtx,99.624
393,2417_mixtank_new.mtx,194.07
394,0046_problem.mtx,0.021
395,0174_can_61.mtx,0.135
396,2764_GL7d18.mtx,193.602
397,0433_lp_grow7.mtx,0.63
398,1011_lp_pds_02.mtx,3.169
399,1149_lp_degen3.mtx,4.896
400,2641_gupta3.mtx,249.77
401,0639_fpga_dcop_07.mtx,1.132
402,0847_lpi_cplex1.mtx,2.099
403,0969_CAG_mat364.mtx,3.219
404,2664_fullb.mtx,242.871
405,2278_ex11.mtx,133.839
406,0888_adder_dcop_48.mtx,2.162
407,1223_lp_d2q06c.mtx,6.346
408,2738_dielFilterV2clx.mtx,257.381
409,1139_email-Eu-core-temporal.mtx,4.807
410,1533_kineticBatchReactor_5.mtx,15.541
411,0562_pde900.mtx,0.843
412,0222_ck104.mtx,0.241
413,2728_CoupCons3D.mtx,259.375
414,1846_lp_pds_20.mtx,37.319
415,1199_c-23.mtx,5.954
416,1999_nemeth09.mtx,63.632
417,1579_stormg2-27.mtx,18.137
418,0050_GD95_b.mtx,0.023
419,0107_wheel_6_1.mtx,0.062
420,1108_G36.mtx,4.505
421,1429_ex10hs.mtx,11.009
422,2295_az2010.mtx,116.567
423,2150_rgg_n_2_16_s0.mtx,94.857
424,2781_hugetrace-00020.mtx,127.828
425,0162_bcsstm20.mtx,0.114
426,1769_nemsemm2.mtx,34.603
427,0441_lshp_406.mtx,0.649
428,0411_lp_israel.mtx,0.595
429,2684_higgs-twitter.mtx,171.439
430,2709_human_gene2.mtx,255.776
431,0621_dynamicSoaringProblem_1.mtx,1.086
432,0084_pores_1.mtx,0.044
433,1772_ca-CondMat.mtx,29.929
434,2630_Ge99H100.mtx,284.248
435,0542_nos2.mtx,0.798
436,2045_nemeth13.mtx,76.72
437,1812_mk12-b3.mtx,38.962
438,1689_cavity21.mtx,26.641
439,0443_lp_finnis.mtx,0.655
440,1545_jan99jac040.mtx,16.08
441,0076_bcsstm05.mtx,0.037
442,2131_mt2010.mtx,88.605
443,1970_bibd_16_8.mtx,68.529
444,0290_oscil_dcop_25.mtx,0.367
445,0605_spaceStation_3.mtx,1.214
446,2549_TSOPF_RS_b678_c1.mtx,286.105
447,0737_reorientation_1.mtx,1.433
448,0169_lns_131.mtx,0.131
449,0832_lp_maros.mtx,1.97
450,1825_ABACUS_shell_ld.mtx,41.676
451,1230_G60.mtx,6.561
452,2638_CurlCurl_2.mtx,227.2
453,1367_circuit_3.mtx,9.259
454,1275_G6.mtx,7.374
455,2387_bbmat.mtx,191.176
456,2202_TSC_OPF_300.mtx,114.08
457,0160_bcspwr03.mtx,0.116
458,2125_TSOPF_FS_b162_c1.mtx,97.273
459,2743_F1.mtx,261.739
460,1912_Na5.mtx,49.299
461,2128_c-69.mtx,92.249
462,1468_aa5.mtx,12.677
463,2807_Long_Coup_dt0.mtx,274.134
464,0331_oscil_dcop_48.mtx,0.366
465,0618_bcspwr06.mtx,1.02
466,1743_c-48.mtx,31.737
467,0497_qh882.mtx,0.647
468,1278_G9.mtx,7.392
469,0977_Erdos972.mtx,2.685
470,0138_tub100.mtx,0.096
471,1469_lpi_bgindy.mtx,12.639
472,1708_lp_maros_r7.mtx,27.966
473,1091_bcsstk10.mtx,4.285
474,2773_dgreen.mtx,190.1
475,0193_will199.mtx,0.167
476,1022_reorientation_2.mtx,3.45
477,1054_G46.mtx,3.852
478,2833_kmer_P1a.mtx,80.11
479,0854_deter0.mtx,2.134
480,1302_p2p-Gnutella04.mtx,7.635
481,2597_marine1.mtx,303.216
482,0887_adder_dcop_29.mtx,2.166
483,1175_stormg2-8.mtx,5.546
484,1823_ABACUS_shell_md.mtx,41.664
485,0124_dwt_66.mtx,0.078
486,0119_mesh1em1.mtx,0.074
487,2217_c-71.mtx,119.424
488,0325_oscil_dcop_08.mtx,0.367
489,1974_c-53.mtx,59.837
490,1750_f855_mat9_I.mtx,32.866
491,2415_coAuthorsDBLP.mtx,172.559
492,2353_sparsine.mtx,125.679
493,1038_spaceStation_11.mtx,3.647
494,1819_jan99jac100.mtx,34.926
495,0833_M80PI_n.mtx,1.97
496,2704_af_shell1.mtx,249.739
497,1080_bcsstk34.mtx,4.132
498,1629_lp_pds_10.mtx,20.518
499,2588_Goodwin_127.mtx,296.298
500,2605_shipsec8.mtx,308.606
501,2436_gupta1.mtx,191.956
502,0739_cavity03.mtx,1.78
503,0446_problem1.mtx,0.659
504,0436_fs_680_3.mtx,0.567
505,2794_Hook_1498.mtx,270.031
506,1073_lshp3025.mtx,4.021
507,2566_ecology2.mtx,256.632
508,1535_relat7.mtx,15.459
509,2296_Maragal_7.mtx,145.723
510,2802_mawi_201512020000.mtx,121.845
511,0039_bcsstm02.mtx,0.016
512,1799_g7jac060sc.mtx,32.724
513,2741_CurlCurl_4.mtx,254.342
514,0072_lp_sc50b.mtx,0.036
515,2589_pre2.mtx,276.989
516,2420_TSC_OPF_1047.mtx,196.675
517,0949_ch7-6-b2.mtx,2.42
518,2805_channel-500x100x100-b050.mtx,258.357
519,1404_kineticBatchReactor_3.mtx,10.217
520,1259_lhr02.mtx,7.188
521,1195_freeFlyingRobot_7.mtx,5.95
522,2435_144.mtx,161.302
523,1351_barth(0).mtx,8.807
524,0375_p0548.mtx,0.459
525,0020_ch3-3-b1.mtx,0.009
526,1566_garon1.mtx,17.052
527,1271_dynamicSoaringProblem_8.mtx,7.329
528,2070_c-67b.mtx,85.082
529,1986_g7jac100.mtx,62.224
530,2745_adaptive.mtx,160.452
531,0513_bfwa398.mtx,0.87
532,1174_fd12.mtx,5.466
533,2570_tmt_sym.mtx,271.499
534,1123_cis-n4c6-b3.mtx,4.6
535,0910_adder_dcop_12.mtx,2.154
536,2316_Maragal_8.mtx,127.489
537,0260_impcol_e.mtx,0.318
538,2484_roadNet-PA.mtx,200.605
539,2839_nlpkkt200.mtx,248.441
540,1215_rajat03.mtx,6.288
541,2810_nlpkkt120.mtx,273.645
542,1496_bibd_14_7.mtx,17.557
543,0319_oscil_dcop_27.mtx,0.365
544,2828_nlpkkt160.mtx,249.594
545,0158_lpi_ex72a.mtx,0.112
546,1642_g7jac040.mtx,21.959
547,0378_lp_capri.mtx,0.455
548,1222_poli_large.mtx,6.282
549,1290_spaceShuttleEntry_4.mtx,7.703
550,0529_young3c.mtx,0.768
551,0505_west0989.mtx,0.682
552,0234_fs_183_1.mtx,0.257
553,0897_adder_dcop_26.mtx,2.159
554,0053_lp_afiro.mtx,0.025
555,0613_tols2000.mtx,0.991
556,2348_nemeth25.mtx,163.69
557,0785_lp_ship12s.mtx,1.589
558,0083_relat4.mtx,0.042
559,2167_pf2177(0).mtx,78.453
560,2649_atmosmodm.mtx,220.343
561,2609_nd6k.mtx,320.843
562,0165_lesmis.mtx,0.124
563,0571_nos7.mtx,0.893
564,0337_oscil_dcop_40.mtx,0.364
565,0137_olm100.mtx,0.096
566,2490_net150.mtx,217.059
567,2251_cont-300.mtx,137.04
568,2358_ch7-9-b4.mtx,161.382
569,2034_rajat15.mtx,71.285
570,2118_neos1.mtx,82.977
571,2267_IG5-17.mtx,103.604
572,2508_Chevron3.mtx,255.597
573,1383_cryg10000.mtx,9.637
574,2568_wiki-Talk.mtx,46.766
575,1178_c-22.mtx,5.531
576,1641_mark3jac040sc.mtx,21.777
577,1276_G10.mtx,7.435
578,1490_nopoly.mtx,13.666
579,0547_TF12.mtx,1.002
580,0073_GD99_c.mtx,0.036
581,1531_lock2232.mtx,15.563
582,1927_crystm02.mtx,61.278
583,1457_bcsstk14.mtx,12.221
584,0210_gre_216b.mtx,0.211
585,0449_nemsafm.mtx,0.679
586,0303_oscil_dcop_47.mtx,0.366
587,1027_ODLIS.mtx,3.486
588,1031_bcsstk09.mtx,3.597
589,1479_lp22.mtx,13.136
590,0252_ch7-6-b1.mtx,0.287
591,0516_saylr3.mtx,0.735
592,2596_rajat30.mtx,286.767
593,0761_mahindas.mtx,1.48
594,0560_bcsstk02.mtx,1.062
595,2656_mycielskian15.mtx,244.326
596,1132_spaceStation_14.mtx,4.693
597,1502_aa01.mtx,14.085
598,1945_n4c6-b12.mtx,53.498
599,0460_bfwb398.mtx,0.684
600,1182_ACTIVSg2000.mtx,5.649
601,2617_specular.mtx,298.478
602,1140_G55.mtx,4.773
603,2325_heart1.mtx,168.88
604,1063_aircraft.mtx,3.902
605,0927_Franz3.mtx,2.232
606,1785_delaunay_n15.mtx,36.98
607,0720_bcsstk19.mtx,1.323
608,1335_n3c6-b8.mtx,8.611
609,2255_smallworld.mtx,138.552
610,0028_Tina_DisCog.mtx,0.012
611,1630_vsp_p0291_seymourl_iiasa.mtx,20.582
612,1859_cond-mat-2003.mtx,38.595
613,0251_bibd_9_5.mtx,0.299
614,1120_ex29.mtx,4.568
615,2427_sme3Db.mtx,135.415
616,1854_ca-HepPh.mtx,37.909
617,2305_msc10848.mtx,149.635
618,0407_ch5-5-b3.mtx,0.539
619,2672_CurlCurl_3.mtx,236.111
620,2329_ga2010.mtx,137.957
621,1678_Wordnet3.mtx,21.3
622,0690_orsirr_2.mtx,1.187
623,0401_mhdb416.mtx,0.56
624,0087_GD98_b.mtx,0.05
625,0775_lp_sierra.mtx,1.542
626,2501_stat96v3.mtx,248.622
627,1898_raefsky1.mtx,55.978
628,0978_n4c5-b4.mtx,2.754
629,0831_dw2048.mtx,1.953
630,0313_oscil_dcop_18.mtx,0.364
631,1109_G40.mtx,4.514
632,2158_thermomech_TC.mtx,77.104
633,0099_d_dyn1.mtx,0.058
634,2168_G2_circuit.mtx,100.376
635,1507_c-37.mtx,14.4
636,2587_largebasis.mtx,283.65
637,0598_SmaGri.mtx,0.945
638,2441_exdata_1.mtx,221.048
639,1737_bayer04.mtx,30.435
640,1287_nasa1824.mtx,7.635
641,0950_Trefethen_700.mtx,2.466
642,0364_dwt_209.mtx,0.423
643,1232_shar_te2-b1.mtx,6.599
644,0419_lp_bandm.mtx,0.6
645,2071_Maragal_6.mtx,81.891
646,1991_delaunay_n16.mtx,63.162
647,0631_lp_bnl1.mtx,1.067
648,2051_rajat18.mtx,77.493
649,2248_pkustk01.mtx,135.874
650,1245_Trec11.mtx,8.496
651,2519_s3dkt3m2.mtx,260.947
652,1187_n3c6-b5.mtx,5.786
653,0118_mesh1e1.mtx,0.074
654,2137_Trec13.mtx,91.0
655,0294_oscil_dcop_11.mtx,0.366
656,2606_boneS01.mtx,311.377
657,1055_G45.mtx,3.867
658,0976_orsreg_1.mtx,2.725
659,1549_utm5940.mtx,16.217
660,1918_mk12-b4.mtx,50.008
661,0450_Erdos991.mtx,0.665
662,1661_cvxqp3.mtx,23.435
663,1446_testbig.mtx,11.848
664,2139_g7jac160sc.mtx,91.127
665,1659_foldoc.mtx,23.019
666,0217_lop163.mtx,0.225
667,1670_jan99jac060sc.mtx,24.439
668,1143_TSOPF_FS_b9_c1.mtx,4.811
669,1313_cage9.mtx,8.022
670,2138_g7jac160.mtx,91.311
671,0752_lung1.mtx,1.424
672,0468_bibd_12_4.mtx,0.701
673,0518_mk9-b2.mtx,0.726
674,0195_n3c6-b11.mtx,0.175
675,1834_lowThrust_11.mtx,42.415
676,1102_ex22.mtx,4.423
677,1753_jan99jac080sc.mtx,32.953
678,1013_dwt_992.mtx,3.261
679,0033_GD95_a.mtx,0.014
680,1098_saylr4.mtx,4.294
681,2098_mri2.mtx,91.439
682,0623_rajat19.mtx,1.037
683,2528_xenon2.mtx,264.516
684,0517_steam1.mtx,0.914
685,2272_3D_51448_3D.mtx,129.447
686,1543_lhr04c.mtx,15.922
687,2147_heart2.mtx,95.018
688,0361_shl_200.mtx,0.375
689,2498_pkustk08.mtx,241.97
690,0671_fpga_dcop_12.mtx,1.14
691,1272_lp_nug12.mtx,7.343
692,2533_barrier2-9.mtx,253.351
693,1253_wb-cs-stanford.mtx,7.052
694,2077_ford2.mtx,85.886
695,1701_mplate.mtx,27.415
696,0269_n4c5-b2.mtx,0.323
697,2747_wiki-topcats.mtx,223.891
698,0157_lp_scagr7.mtx,0.113
699,0477_bcsstk20.mtx,0.74
700,2182_lhr34.mtx,106.076
701,1696_cavity19.mtx,26.608
702,2761_ss.mtx,260.314
703,0466_D_11.mtx,0.719
704,1105_sherman2.mtx,4.482
705,2450_poisson3Db.mtx,152.843
706,2287_dbir2.mtx,140.938
707,2419_bcsstk32.mtx,194.479
708,0569_tumorAntiAngiogenesis_4.mtx,1.117
709,1168_bayer06.mtx,5.301
710,2640_gearbox.mtx,251.671
711,2787_boneS10.mtx,271.354
712,2057_c-66.mtx,80.104
713,2021_ncvxqp5.mtx,68.169
714,2407_conf5_4-8x8-15.mtx,186.99
715,0363_CSphd.mtx,0.28
716,0026_kleemin.mtx,0.011
717,1179_ca-GrQc.mtx,5.512
718,1292_G29.mtx,7.719
719,0406_lp_scsd1.mtx,0.581
720,0414_lund_a.mtx,0.588
721,1821_lowThrust_8.mtx,41.169
722,0780_diag.mtx,1.575
723,1558_fv2.mtx,16.729
724,2399_n4c6-b9.mtx,181.715
725,1949_graham1.mtx,63.651
726,1341_nopss_11k.mtx,8.629
727,0826_lp_fit1p.mtx,1.914
728,1820_TF16.mtx,37.239
729,0929_freeFlyingRobot_2.mtx,2.232
730,1231_G61.mtx,6.554
731,2444_citationCiteseer.mtx,133.247
732,2036_ex40.mtx,73.695
733,0805_iprob.mtx,1.728
734,2185_trans5.mtx,106.674
735,1010_flower_4_4.mtx,3.177
736,1891_mark3jac100sc.mtx,45.777
737,2822_Bump_2911.mtx,276.972
738,1431_pcb3000.mtx,11.055
739,1142_dwt_2680.mtx,4.846
740,0708_Pd_rhs.mtx,1.016
741,0465_wm3.mtx,0.708
742,2231_sx-superuser.mtx,90.118
743,1926_cegb2919.mtx,61.153
744,2290_struct3.mtx,143.256
745,1994_nemeth02.mtx,63.869
746,0810_lp_pilot_we.mtx,1.797
747,1486_lp_wood1p.mtx,16.549
748,2116_finan512.mtx,94.386
749,0103_GD96_c.mtx,0.061
750,1634_baxter.mtx,21.318
751,0397_p0282.mtx,0.531
752,1614_mhd4800a.mtx,19.915
753,2601_TEM152078.mtx,300.015
754,2531_barrier2-11.mtx,253.285
755,1613_c-41.mtx,19.578
756,2277_pds-100.mtx,107.954
757,0863_adder_dcop_19.mtx,2.16
758,1628_barth5(0).mtx,20.635
759,1235_bips98_606.mtx,6.709
760,1040_wang2.mtx,3.681
761,1914_lhr14c.mtx,58.279
762,0754_dwt_878.mtx,1.471
763,2504_m14b.mtx,204.634
764,2145_ex3sta1(0).mtx,94.318
765,2403_loc-Gowalla.mtx,142.633
766,1316_dw8192.mtx,8.01
767,1560_t2d_q4.mtx,16.765
768,0998_spaceStation_5.mtx,2.934
769,2162_Pres_Poisson.mtx,99.639
770,0086_GD96_b.mtx,0.047
771,1119_hydr1c.mtx,4.558
772,1348_g7jac020sc.mtx,8.748
773,2496_cnr-2000.mtx,241.1
774,1356_bcsstm39.mtx,7.509
775,0089_n2c6-b1.mtx,0.051
776,1936_fe_body.mtx,52.593
777,1682_c-39.mtx,26.189
778,0658_fpga_dcop_41.mtx,1.135
779,2726_as-Skitter.mtx,248.348
780,1588_cq9.mtx,18.463
781,1242_soc-sign-bitcoin-otc.mtx,6.82
782,2237_wa2010.mtx,102.508
783,1671_aft02.mtx,24.674
784,1042_ex21.mtx,3.693
785,1166_mhd4800b.mtx,5.294
786,1789_obstclae.mtx,37.32
787,1938_shallow_water2.mtx,52.555
788,1391_abtaha1.mtx,9.829
789,2782_dielFilterV2real.mtx,266.651
790,1554_kineticBatchReactor_8.mtx,16.399
791,1184_n2c6-b5.mtx,5.718
792,0227_GD00_c.mtx,0.246
793,2697_af_4_k101.mtx,251.532
794,1911_lp_nug20.mtx,48.936
795,0891_adder_dcop_59.mtx,2.159
796,1244_c-24.mtx,6.831
797,0091_can_62.mtx,0.053
798,1088_sctap1-2c.mtx,4.209
799,1889_rlfdual.mtx,45.401
800,0773_G34.mtx,1.548
801,0909_adder_dcop_55.mtx,2.164
802,0971_uk.mtx,2.64
803,0544_lp_degen2.mtx,1.002
804,1193_plbuckle.mtx,5.953
805,2374_Zd_Jac6.mtx,168.337
806,1209_reorientation_3.mtx,6.193
807,0565_qiulp.mtx,0.865
808,2274_dbir1.mtx,131.216
809,0262_S10PI_n1.mtx,0.31
810,2767_inline_1.mtx,264.246
811,1289_cat_ears_3_4.mtx,7.603
812,2577_Chebyshev4.mtx,308.005
813,1952_gyro_m.mtx,54.718
814,2680_GL7d16.mtx,183.429
815,0681_fpga_dcop_27.mtx,1.133
816,1060_lpi_gran.mtx,3.826
817,1173_G62.mtx,5.404
818,0254_n3c5-b5.mtx,0.303
819,0201_bwm200.mtx,0.192
820,0085_wheel_5_1.mtx,0.044
821,0648_fpga_dcop_50.mtx,1.139
822,1364_gemat1.mtx,9.133
823,1077_circuit_2.mtx,4.069
824,2674_hugetrace-00000.mtx,207.991
825,2438_wheel_601.mtx,141.338
826,0292_oscil_dcop_14.mtx,0.364
827,2379_bibd_18_9.mtx,212.973
828,1778_mult_dcop_01.mtx,31.073
829,0008_b1_ss.mtx,0.004
830,2800_com-LiveJournal.mtx,239.717
831,2824_kmer_U1a.mtx,78.169
832,0952_Kohonen.mtx,2.05
833,2133_rajat16.mtx,93.185
834,0403_netz4504_dual.mtx,0.53
835,2721_M6.mtx,229.696
836,0986_hangGlider_2.mtx,2.836
837,2491_pkustk03.mtx,235.016
838,0329_oscil_dcop_34.mtx,0.364
839,1896_g7jac080.mtx,47.297
840,1411_c-32.mtx,10.415
841,1347_g7jac020.mtx,8.717
842,1586_linverse.mtx,18.553
843,1939_lpl1.mtx,52.713
844,2210_g7jac200.mtx,102.194
845,1684_ACTIVSg10K.mtx,26.444
846,0919_adder_dcop_45.mtx,2.163
847,0653_fpga_dcop_43.mtx,1.136
848,1798_c-51.mtx,34.512
849,0769_cat_ears_2_4.mtx,1.529
850,1632_c-42.mtx,21.129
851,1224_gemat12.mtx,6.438
852,0869_adder_dcop_57.mtx,2.163
853,1421_bcsstk27.mtx,10.893
854,1627_gen4.mtx,20.565
855,2349_nemeth26.mtx,163.664
856,1538_GL7d25.mtx,15.57
857,1161_qc324.mtx,6.33
858,2723_kron_g500-logn18.mtx,182.097
859,0710_lp_ship04l.mtx,1.515
860,0230_relat5.mtx,0.249
861,2029_stormg2-125.mtx,69.31
862,2561_s3dkq4m2.mtx,276.753
863,2389_IG5-18.mtx,145.214
864,0933_G53.mtx,2.279
865,2002_mark3jac140.mtx,64.189
866,1869_tandem_vtx.mtx,48.015
867,1996_nemeth06.mtx,63.638
868,2292_xenon1.mtx,144.065
869,1680_bodyy6.mtx,25.911
870,1016_rbsa480.mtx,4.006
871,1676_c-46.mtx,25.1
872,0758_WorldCities.mtx,1.796
873,1831_lowThrust_9.mtx,41.815
874,2378_fem_filter.mtx,168.676
875,1679_mycielskian11.mtx,25.789
876,1783_skirt.mtx,37.515
877,2532_barrier2-12.mtx,253.343
878,0662_fpga_dcop_33.mtx,1.134
879,1004_ukerbe1.mtx,3.01
880,2604_auto.mtx,208.794
881,1584_epb1.mtx,18.26
882,1314_Lederberg.mtx,7.898
883,0683_fpga_dcop_17.mtx,1.135
884,1151_cz2548.mtx,4.993
885,0640_fpga_dcop_06.mtx,1.126
886,0791_lp_scsd8.mtx,2.067
887,2148_heart3.mtx,94.938
888,1048_spaceStation_9.mtx,3.778
889,1668_memplus.mtx,24.164
890,0488_dwt_346.mtx,0.785
891,0962_lpi_klein3.mtx,2.523
892,2160_Zd_Jac3_db.mtx,99.312
893,0820_mk10-b2.mtx,1.817
894,0802_EPA.mtx,1.449
895,2048_c-59.mtx,77.213
896,2234_kim1.mtx,113.383
897,2011_rail507.mtx,78.284
898,1018_add20.mtx,3.333
899,1122_geom.mtx,4.529
900,1310_bips98_1142.mtx,7.844
901,1299_G31.mtx,7.689
902,2190_vsp_mod2_pgp2_slptsk.mtx,94.731
903,2644_flickr.mtx,162.527
904,0557_N_biocarta.mtx,0.829
905,2647_kron_g500-logn17.mtx,178.644
906,2456_nv1.mtx,182.205
907,0964_power.mtx,2.53
908,2081_e40r0100.mtx,74.02
909,1378_lp_ken_11.mtx,9.394
910,2176_g7jac180sc.mtx,91.242
911,0744_jagmesh3.mtx,1.42
912,2483_stomach.mtx,245.005
913,1057_G57.mtx,3.855
914,0429_rdb450.mtx,0.619
915,2759_3Dspectralwave.mtx,261.044
916,1444_barth5.mtx,11.816
917,0069_ch4-4-b1.mtx,0.035
918,0377_mesh3em5.mtx,0.452
919,1434_co5.mtx,11.074
920,1472_ex14.mtx,13.023
921,1840_mark3jac080.mtx,36.708
922,1361_nl.mtx,9.01
923,1180_n4c5-b7.mtx,5.611
924,0126_GD97_a.mtx,0.081
925,0906_adder_dcop_33.mtx,2.161
926,0692_fs_760_1.mtx,1.161
927,0733_lp_qap8.mtx,1.404
928,1270_rkat7_mat5.mtx,7.337
929,1162_ex2.mtx,6.364
930,0063_bcsstm04.mtx,0.032
931,0071_Trec7.mtx,0.036
932,2645_shipsec5.mtx,236.697
933,2391_Goodwin_071.mtx,191.728
934,1893_t520.mtx,54.401
935,1856_ACTIVSg70K.mtx,38.11
936,1667_ri2010.mtx,23.893
937,1572_IG5-13.mtx,17.438
938,1112_G42.mtx,4.531
939,0680_fpga_dcop_15.mtx,1.134
940,2437_il2010.mtx,162.047
941,1006_lp_cre_c.mtx,3.075
942,0704_lp_perold.mtx,1.198
943,1058_sherman3.mtx,3.848
944,0679_fpga_dcop_16.mtx,1.133
945,2806_Long_Coup_dt6.mtx,274.134
946,1964_HEP-th-new.mtx,49.011
947,2585_Hamrle3.mtx,207.03
948,2243_pcrystk02.mtx,134.544
949,2509_stormG2_1000.mtx,223.478
950,0522_QRpivot.mtx,0.734
951,1386_lp_fit2p.mtx,9.736
952,1160_Maragal_4.mtx,5.126
953,1702_fome12.mtx,22.942
954,2130_nemeth17.mtx,100.836
955,0226_nos1.mtx,0.242
956,0499_lp_beaconfd.mtx,0.818
957,2785_nv2.mtx,187.750
958,0101_lpi_forest6.mtx,0.060
959,0846_email.mtx,2.097
960,0274_lp_bore3d.mtx,0.346
961,1929_usroads-48.mtx,52.419
962,0390_p0201.mtx,0.500
963,0550_b_dyn.mtx,0.820
964,1500_slptsk.mtx,13.901
965,0985_Erdos982.mtx,2.799
966,1062_stoch_aircraft.mtx,3.911
967,1350_eurqsa.mtx,8.875
968,0898_adder_dcop_25.mtx,2.161
969,1725_Trec12.mtx,33.467
970,1860_astro-ph.mtx,39.016
971,1519_cavity12.mtx,14.773
972,1646_de2010.mtx,22.129
973,1777_mult_dcop_03.mtx,31.089
974,1660_bodyy4.mtx,23.369
975,2354_lp_nug30.mtx,152.295
976,1064_CollegeMsg.mtx,3.903
977,1129_ch.mtx,4.622
978,2279_vsp_finan512_scagr7-2c_rlfddd.mtx,119.634
979,0286_oscil_dcop_43.mtx,0.365
980,1521_aug2d.mtx,14.649
981,0706_jagmesh1.mtx,1.296
982,2362_d_pretok.mtx,177.440
983,1263_t2dal_a.mtx,7.275
984,0724_spaceShuttleEntry_1.mtx,1.559
985,2096_c-68.mtx,78.601
986,1894_bcsstk16.mtx,55.331
987,1164_zenios.mtx,5.194
988,2592_consph.mtx,292.816
989,2694_af_0_k101.mtx,251.964
990,1916_c-61.mtx,49.858
991,2516_mycielskian14.mtx,254.451
992,0092_dwt_72.mtx,0.054
993,1319_utm3060.mtx,8.145
994,1409_TSOPF_RS_b9_c6.mtx,10.415
995,1169_model6.mtx,5.301
996,0597_de063155.mtx,0.943
997,0032_jgl009.mtx,0.012
998,2043_ch8-8-b3.mtx,75.276
999,2180_Baumann.mtx,104.987
1000,1336_deter3.mtx,8.494
1001,0350_M10PI_n.mtx,0.314
1002,2769_wikipedia-20060925.mtx,169.232
1003,0875_adder_dcop_60.mtx,2.158
1004,0749_fpga_trans_01.mtx,1.424
1005,0904_adder_dcop_30.mtx,2.166
1006,0108_cat_ears_2_1.mtx,0.062
1007,0972_steam2.mtx,2.710
1008,1372_mimo28x28_system.mtx,9.372
1009,0778_N_pid.mtx,1.535
1010,2598_NACA0015.mtx,195.968
1011,2737_delaunay_n22.mtx,244.452
1012,1311_mbeause.mtx,9.695
1013,0200_cage6.mtx,0.191
1014,0423_GL6_D_6.mtx,0.603
1015,0367_ch7-7-b1.mtx,0.339
1016,2677_crankseg_2.mtx,249.982
1017,0834_S80PI_n.mtx,1.964
1018,0592_tumorAntiAngiogenesis_8.mtx,1.162
1019,0868_adder_dcop_16.mtx,2.164
1020,2058_c-66b.mtx,80.130
1021,2006_c-55.mtx,64.764
1022,0312_oscil_dcop_02.mtx,0.364
1023,1266_dynamicSoaringProblem_7.mtx,7.252
1024,1295_G28.mtx,7.710
1025,2323_li.mtx,164.141
1026,0456_S20PI_n.mtx,0.552
1027,1803_TSOPF_RS_b162_c1.mtx,39.101
1028,1565_p2p-Gnutella30.mtx,16.762
1029,0143_gams10a.mtx,0.099
1030,1370_mimo46x46_system.mtx,9.357
1031,0476_bcsstm23.mtx,0.595
1032,2047_g7jac120.mtx,75.926
1033,0840_lshp1561.mtx,2.055
1034,1873_ex19.mtx,49.609
1035,1583_lp_qap15.mtx,18.235
1036,1862_wing.mtx,38.860
1037,0332_oscil_dcop_50.mtx,0.363
1038,1719_hangGlider_4.mtx,28.756
1039,0745_Chem97ZtZ.mtx,1.411
1040,1267_lp_d6cube.mtx,8.936
1041,1908_FX_March2010.mtx,48.650
1042,2555_thread.mtx,272.630
1043,1742_ulevimin.mtx,31.587
1044,1620_r05.mtx,19.940
1045,1806_route.mtx,33.277
1046,1528_aug2dc.mtx,15.269
1047,2846_webbase-2001.mtx,205.904
1048,2770_GL7d19.mtx,193.468
1049,2715_wikipedia-20051105.mtx,153.790
1050,0307_oscil_dcop_26.mtx,0.366
1051,1921_crystk01.mtx,59.732
1052,1090_ch7-7-b2.mtx,4.247
1053,0241_lp_lotfi.mtx,0.276
1054,0263_n4c5-b10.mtx,0.319
1055,0409_bcsstk05.mtx,0.590
1056,2357_pkustk09.mtx,171.343
1057,0961_Pd.mtx,2.487
1058,1773_wiki-RfA.mtx,30.138
1059,0207_n3c5-b3.mtx,0.204
1060,1250_dynamicSoaringProblem_4.mtx,7.039
1061,2313_in2010.mtx,124.905
1062,0614_freeFlyingRobot_1.mtx,1.134
1063,0336_oscil_dcop_07.mtx,0.367
1064,0047_GD02_a.mtx,0.021
1065,2373_ny2010.mtx,151.542
1066,1399_l30.mtx,10.131
1067,1690_cavity25.mtx,26.626
1068,2689_TSOPF_RS_b2383_c1.mtx,254.484
1069,1243_lp_dfl001.mtx,6.791
1070,1131_bcsstm34.mtx,4.697
1071,0150_lp_adlittle.mtx,0.103
1072,0786_lp_ken_07.mtx,1.616
1073,2756_coPapersCiteseer.mtx,264.908
1074,1981_c-56.mtx,61.267
1075,2526_laminar_duct3D.mtx,266.602
1076,2056_std1_Jac2_db.mtx,80.105
1077,0966_radfr1.mtx,2.560
1078,0356_GD96_a.mtx,0.321
1079,1705_ted_B.mtx,27.362
1080,1188_data.mtx,5.816
1081,2616_radiation.mtx,190.687
1082,2270_watson_1.mtx,128.529
1083,1880_enron.mtx,44.346
1084,1033_eris1176.mtx,3.578
1085,0467_dwt_361.mtx,0.718
1086,0606_dwt_592.mtx,1.144
1087,0043_jgl011.mtx,0.019
1088,2308_std1_Jac2.mtx,135.356
1089,0651_fpga_dcop_46.mtx,1.134
1090,2117_3D_28984_Tetra.mtx,95.998
1091,1574_hangGlider_3.mtx,17.853
1092,2580_para-7.mtx,278.426
1093,1241_reorientation_5.mtx,6.861
1094,2730_AS365.mtx,231.443
1095,1034_lhr01.mtx,3.605
1096,0256_arc130.mtx,0.312
1097,2239_ASIC_100k.mtx,132.550
1098,1972_RFdevice.mtx,58.666
1099,0579_cdde1.mtx,0.903
1100,1748_mark3jac060.mtx,32.628
1101,2698_af_1_k101.mtx,251.514
1102,1374_zeros_nopss_13k.mtx,9.352
1103,0902_adder_dcop_24.mtx,2.160
1104,0420_dw256B.mtx,0.599
1105,2211_ms2010.mtx,102.256
1106,0932_G51.mtx,2.304
1107,1262_t2dal.mtx,7.269
1108,0178_ch5-5-b4.mtx,0.146
1109,2778_wikipedia-20070206.mtx,161.672
1110,0582_cdde6.mtx,0.900
1111,1463_p2p-Gnutella24.mtx,12.406
1112,0273_gre_343.mtx,0.345
1113,0858_adder_dcop_07.mtx,2.156
1114,0946_cryg2500.mtx,2.376
1115,0574_l9.mtx,1.130
1116,0330_oscil_dcop_51.mtx,0.364
1117,0837_dwt_1242.mtx,2.008
1118,1206_G65.mtx,6.159
1119,0842_lp_25fv47.mtx,2.085
1120,2376_venkat25.mtx,185.908
1121,1956_mark3jac120.mtx,54.932
1122,1424_bayer03.mtx,10.798
1123,0540_young2c.mtx,0.795
1124,0591_lp_agg3.mtx,1.133
1125,0800_tols4000.mtx,1.675
1126,1433_whitaker3.mtx,11.141
1127,2052_stat96v4.mtx,78.955
1128,1662_sc205-2r.mtx,23.645
1129,2691_cit-Patents.mtx,178.645
1130,2165_pds-60.mtx,87.548
1131,2321_hvdc2.mtx,163.812
1132,0044_Ragusa16.mtx,0.020
1133,2503_amazon0505.mtx,216.262
1134,1895_g7jac080sc.mtx,47.221
1135,1816_ch7-7-b5.mtx,34.167
1136,2485_cfd2.mtx,242.188
1137,2708_af_shell4.mtx,249.725
1138,2476_ins2.mtx,223.434
1139,2386_karted.mtx,172.104
1140,0408_poisson2D.mtx,0.571
1141,1677_cat_ears_4_4.mtx,25.462
1142,0341_oscil_dcop_41.mtx,0.366
1143,2842_arabic-2005.mtx,255.059
1144,2780_ldoor.mtx,266.887
1145,2026_FEM_3D_thermal1.mtx,69.290
1146,2814_europe_osm.mtx,114.100
1147,1099_df2177.mtx,4.291
1148,2473_filter3D.mtx,219.249
1149,2583_para-10.mtx,278.369
1150,2299_boyd1.mtx,147.639
1151,2603_pkustk13.mtx,306.995
1152,1546_G64.mtx,14.933
1153,1334_mycielskian10.mtx,8.564
1154,2639_bibd_22_8.mtx,270.807
1155,0065_GD01_c.mtx,0.033
1156,0577_cdde5.mtx,0.901
1157,2717_bundle_adj.mtx,255.860
1158,0166_lp_blend.mtx,0.127
1159,1909_OPF_6000.mtx,53.056
1160,1037_spaceStation_8.mtx,3.661
1161,2740_GL7d17.mtx,190.392
1162,1307_Franz7.mtx,7.819
1163,1757_nasa2910.mtx,33.454
1164,0479_utm300.mtx,0.769
1165,1135_airfoil1.mtx,4.727
1166,1476_ex37.mtx,13.035
1167,2327_lp_osa_60.mtx,171.246
1168,1612_ford1.mtx,19.509
1169,1467_c-36.mtx,12.729
1170,0713_bcspwr09.mtx,1.251
1171,0136_flower_4_1.mtx,0.094
1172,2463_pkustk06.mtx,227.640
1173,1979_vsp_model1_crew1_cr42_south31.mtx,52.896
1174,1903_us04.mtx,70.834
1175,0570_tumorAntiAngiogenesis_7.mtx,1.119
1176,0079_lp_sc50a.mtx,0.039
1177,0669_fpga_dcop_35.mtx,1.134
1178,2009_mycielskian12.mtx,65.372
1179,2228_fe_tooth.mtx,125.615
1180,0344_TF11.mtx,0.387
1181,0232_fs_183_4.mtx,0.258
1182,1104_mhd1280b.mtx,4.421
1183,1466_c-30.mtx,12.619
1184,0391_Trec9.mtx,0.513
1185,1497_FA.mtx,13.753
1186,2537_iChem_Jacobian.mtx,268.625
1187,0620_S40PI_n.mtx,1.027
1188,0458_orbitRaising_1.mtx,0.689
1189,1704_pltexpa.mtx,27.727
1190,1028_spaceStation_7.mtx,3.526
1191,0552_fs_541_2.mtx,0.980
1192,0589_illc1033.mtx,0.910
1193,2212_soc-sign-epinions.mtx,81.913
1194,1068_bcsstm35.mtx,3.303
1195,0056_p0033.mtx,0.027
1196,1298_G26.mtx,7.663
1197,1864_deltaX.mtx,39.610
1198,2442_web-Stanford.mtx,132.324
1199,0655_fpga_dcop_47.mtx,1.134
1200,2827_indochina-2004.mtx,256.347
1201,1953_pds-30.mtx,54.537
1202,2467_nxp1.mtx,198.734
1203,1765_wang4.mtx,33.700
1204,1218_cavity06.mtx,6.319
1205,1059_shyy41.mtx,3.852
1206,1590_lp_ken_13.mtx,18.681
1207,0430_rdb450l.mtx,0.622
1208,2614_Stanford_Berkeley.mtx,282.509
1209,0726_ukerbe1_dual.mtx,1.355
1210,2396_watson_2.mtx,173.427
1211,1141_G56.mtx,4.779
1212,0278_nnc261.mtx,0.359
1213,2557_t2em.mtx,248.934
1214,2275_TSOPF_RS_b39_c30.mtx,131.690
1215,1626_as-caida.mtx,20.233
1216,1189_ch7-6-b5.mtx,5.841
1217,2216_mesh_deform.mtx,118.161
1218,2581_para-6.mtx,278.283
1219,1580_rdist1.mtx,18.280
1220,0661_fpga_dcop_34.mtx,1.137
1221,2798_vas_stokes_2M.mtx,268.930
1222,0768_bibd_12_5.mtx,1.919
1223,0208_adjnoun.mtx,0.206
1224,0682_fpga_dcop_28.mtx,1.130
1225,1438_G58.mtx,11.293
1226,0667_fpga_dcop_48.mtx,1.134
1227,0693_fs_760_2.mtx,1.165
1228,0025_Tina_DisCal.mtx,0.010
1229,1401_air05.mtx,12.298
1230,0412_lp_gfrd_pnc.mtx,0.567
1231,2107_IG5-16.mtx,81.474
1232,0324_oscil_dcop_52.mtx,0.363
1233,0753_n3c6-b10.mtx,1.435
1234,0743_west2021.mtx,1.415
1235,1762_t2dah_a.mtx,33.591
1236,1703_shock-9.mtx,27.304
1237,0170_dwt_87.mtx,0.131
1238,1755_IG5-14.mtx,29.013
1239,1640_mark3jac040.mtx,21.833
1240,2505_GaAsH6.mtx,249.433
1241,1210_deter1.mtx,6.118
1242,1770_Goodwin_023.mtx,34.656
1243,1515_cavity13.mtx,14.675
1244,2718_fem_hifreq_circuit.mtx,252.867
1245,0197_mk9-b1.mtx,0.179
1246,0996_robot24c1_mat5_J.mtx,3.597
1247,0185_lpi_box1.mtx,0.155
1248,0873_adder_dcop_69.mtx,2.156
1249,1387_ch7-6-b3.mtx,9.732
1250,0396_lp_brandy.mtx,0.535
1251,2383_crystk03.mtx,189.511
1252,0017_n3c4-b1.mtx,0.007
1253,0362_west0497.mtx,0.409
1254,2065_soc-sign-Slashdot081106.mtx,62.882
1255,0131_bfwb62.mtx,0.083
1256,2198_mk13-b5.mtx,112.114
1257,0930_DK01R.mtx,2.292
1258,1238_freeFlyingRobot_8.mtx,6.702
1259,1990_fxm3_16.mtx,63.584
1260,0114_ch4-4-b2.mtx,0.070
1261,1837_man_5976.mtx,42.854
1262,1487_aa3.mtx,13.635
1263,0074_d_ss.mtx,0.036
1264,0925_extr1b.mtx,2.190
1265,1308_ex27.mtx,7.864
1266,0563_lp_ship04s.mtx,1.040
1267,2523_barrier2-2.mtx,247.235
1268,2722_StocF-1465.mtx,247.089
1269,0634_gre_1107.mtx,1.091
1270,1249_G66.mtx,6.914
1271,0541_young4c.mtx,0.789
1272,2449_rma10.mtx,210.564
1273,1354_complex.mtx,8.959
1274,1604_lpi_gosh.mtx,19.201
1275,0023_Trec6.mtx,0.010
1276,1197_lp_greenbeb.mtx,5.970
1277,1585_cond-mat.mtx,18.129
1278,2535_Hardesty2.mtx,230.838
1279,0774_G33.mtx,1.541
1280,1159_bcsstk21.mtx,5.111
1281,2400_ch8-8-b4.mtx,175.498
1282,1274_G7.mtx,7.366
1283,2031_cont-201.mtx,70.393
1284,0817_lp_stocfor2.mtx,1.801
1285,2572_Si34H36.mtx,279.373
1286,0895_adder_dcop_21.mtx,2.162
1287,1273_lp_qap12.mtx,7.365
1288,0161_rw136.mtx,0.116
1289,2194_m133-b3.mtx,110.814
1290,1207_dynamicSoaringProblem_3.mtx,6.162
1291,1403_ch7-9-b2.mtx,10.163
1292,1934_pwt(0).mtx,61.733
1293,1360_rajat06.mtx,9.021
1294,2659_bmw3_2.mtx,240.217
1295,0209_robot.mtx,0.211
1296,2455_vsp_msc10848_300sep_100in_1Kout.mtx,137.032
1297,2382_pcrystk03.mtx,189.501
1298,0225_CAG_mat72.mtx,0.245
1299,0271_rajat05.mtx,0.333
1300,1961_ncvxbqp1.mtx,56.080
1301,1277_G5.mtx,7.373
1302,0676_fpga_dcop_01.mtx,1.134
1303,0533_tub1000.mtx,0.784
1304,2233_NotreDame_www.mtx,69.469
1305,1470_bips07_2476.mtx,12.718
1306,0770_olm2000.mtx,1.544
1307,0470_ch7-9-b1.mtx,0.581
1308,1482_dtoc.mtx,11.921
1309,0920_adder_dcop_50.mtx,2.166
1310,2032_TEM27623.mtx,70.512
1311,2004_nemeth10.mtx,64.516
1312,2447_c-big.mtx,207.233
1313,2434_matrix_9.mtx,206.527
1314,1771_sctap1-2r.mtx,34.988
1315,2282_bcsstk37.mtx,139.237
1316,2127_bcsstk29.mtx,99.925
1317,1343_n3c6-b6.mtx,8.646
1318,2222_sc2010.mtx,96.736
1319,2685_patents.mtx,175.701
1320,1817_kl02.mtx,49.926
1321,2312_c-73b.mtx,138.450
1322,2406_conf5_4-8x8-20.mtx,187.191
1323,2679_3Dspectralwave2.mtx,245.639
1324,0400_p0291.mtx,0.548
1325,2108_stat96v1.mtx,94.921
1326,0211_gre_216a.mtx,0.211
1327,1610_lpl3.mtx,19.311
1328,1998_nemeth08.mtx,63.485
1329,1884_s2rmq4m1.mtx,53.311
1330,0712_D_6.mtx,1.246
1331,0545_lp_nug07.mtx,0.817
1332,1085_primagaz.mtx,4.170
1333,2663_pwtk.mtx,243.681
1334,1980_ecl32.mtx,61.086
1335,2293_bcsstk31.mtx,144.031
1336,0321_oscil_dcop_06.mtx,0.365
1337,1015_n4c5-b8.mtx,3.316
1338,2049_vsp_c-60_data_cti_cs4.mtx,77.041
1339,1524_c-31.mtx,15.026
1340,0127_GD98_c.mtx,0.082
1341,1191_LeGresley_4908.mtx,5.852
1342,0250_football(0).mtx,0.298
1343,1761_t2dah.mtx,33.597
1344,1183_rdb5000.mtx,5.715
1345,1788_torsion1.mtx,37.557
1346,1698_cca.mtx,26.557
1347,1072_sherman5.mtx,3.996
1348,2335_rgg_n_2_17_s0.mtx,157.730
1349,0159_mycielskian6.mtx,0.115
1350,0090_n4c5-b1.mtx,0.051
1351,0435_Harvard500.mtx,0.632
1352,0923_ex32.mtx,2.213
1353,1836_lowThrust_13.mtx,42.534
1354,2080_c-58.mtx,76.792
1355,0202_rajat11.mtx,0.197
1356,1635_vsp_data_and_seymourl.mtx,21.294
1357,1766_dictionary28.mtx,28.609
1358,2682_memchip.mtx,230.403
1359,1286_jan99jac020sc.mtx,7.457
1360,2334_n4c6-b10.mtx,157.869
1361,1441_crack.mtx,11.644
1362,1225_n4c5-b6.mtx,6.376
1363,2366_mo2010.mtx,160.287
1364,0941_rdb2048_noL.mtx,2.312
1365,0266_bibd_15_3.mtx,0.330
1366,1776_nemswrld.mtx,36.424
1367,2410_conf6_0-8x8-20.mtx,187.072
1368,2189_ma2010.mtx,94.547
1369,1589_as-22july06.mtx,18.452
1370,0508_bcsstm24.mtx,0.682
1371,0691_fs_760_3.mtx,1.167
1372,2186_dc1.mtx,106.076
1373,1954_onetone1.mtx,54.723
1374,2469_matrix-new_3.mtx,224.191
1375,1480_ex3sta1.mtx,13.205
1376,0798_well1850.mtx,1.692
1377,2451_TSOPF_FS_b162_c4.mtx,221.739
1378,2121_lp_osa_30.mtx,97.005
1379,0645_fpga_dcop_08.mtx,1.136
1380,0404_celegansneural.mtx,0.570
1381,1688_cavity26.mtx,26.574
1382,2088_c-62ghs.mtx,77.805
1383,1474_flowmeter5.mtx,12.967
1384,0469_mk12-b1.mtx,0.570
1385,2294_tn2010.mtx,119.642
1386,1844_lhr10.mtx,44.223
1387,1359_crew1.mtx,11.085
1388,0417_dw256A.mtx,0.594
1389,1924_rlfprim.mtx,51.484
1390,0371_ch5-5-b2.mtx,0.411
1391,1851_igbt3.mtx,39.817
1392,1198_lpi_greenbea.mtx,5.955
1393,1092_bcsstm10.mtx,4.291
1394,1644_psse2.mtx,22.001
1395,1392_cz5108.mtx,10.008
1396,0644_fpga_dcop_09.mtx,1.130
1397,1297_G25.mtx,7.709
1398,0339_oscil_dcop_35.mtx,0.363
1399,1943_Chevron1.mtx,62.419
1400,1332_fd15.mtx,8.495
1401,1888_vsp_sctap1-2b_and_seymourl.mtx,45.280
1402,0461_can_256.mtx,0.706
1403,0075_refine.mtx,0.037
1404,2457_tsyl201.mtx,217.416
1405,0718_can_715.mtx,1.301
1406,0016_lpi_itest6.mtx,0.007
1407,1227_reorientation_4.mtx,6.470
1408,1419_c-33.mtx,10.691
1409,2022_wy2010.mtx,61.915
1410,2792_circuit5M.mtx,227.955
1411,2840_kmer_V1r.mtx,86.983
1412,0261_M10PI_n1.mtx,0.310
1413,1616_cz10228.mtx,19.860
1414,1542_lhr04.mtx,15.949
1415,0519_mk9-b3.mtx,0.729
1416,1650_conf5_0-4x4-26.mtx,23.089
1417,2575_F2.mtx,286.883
1418,1530_ex12.mtx,15.666
1419,1520_lp_stocfor3.mtx,14.783
1420,2126_TSOPF_RS_b162_c3.mtx,97.671
1421,1144_n3c6-b9.mtx,4.866
1422,2471_pct20stif.mtx,220.391
1423,1485_bloweybq.mtx,13.442
1424,0892_adder_dcop_63.mtx,2.160
1425,2546_t3dh_e.mtx,265.316
1426,0794_dwt_1005.mtx,1.659
1427,1617_shuttle_eddy.mtx,19.979
1428,2688_TSOPF_RS_b2383.mtx,254.496
1429,0305_oscil_dcop_42.mtx,0.364
1430,1154_n4c5-b5.mtx,5.030
1431,0742_lp_sctap2.mtx,1.411
1432,1540_176bit.mtx,15.842
1433,0493_bp_0.mtx,0.741
1434,0510_bcsstm21.mtx,0.678
1435,1181_msc01050.mtx,5.669
1436,0486_G13.mtx,0.625
1437,0279_rajat14.mtx,0.366
1438,1371_ww_vref_6405.mtx,9.339
1439,2360_dblp-2010.mtx,162.442
1440,0994_Erdos992.mtx,2.851
1441,2084_Trefethen_20000.mtx,87.767
1442,2466_ASIC_320k.mtx,229.501
1443,2364_lp1.mtx,146.088
1444,1795_chem_master1.mtx,38.099
1445,0213_polbooks.mtx,0.215
1446,0717_m3plates.mtx,1.065
1447,2020_ted_A.mtx,68.360
1448,2693_hugetric-00000.mtx,168.503
1449,1966_a0nsdsil.mtx,56.874
1450,1532_lowThrust_3.mtx,15.533
1451,2506_ch8-8-b5.mtx,233.610
1452,0917_adder_dcop_41.mtx,2.161
1453,1254_Chebyshev3.mtx,7.101
1454,1967_bcsstk38.mtx,57.102
1455,1525_pesa.mtx,15.279
1456,0943_can_1054.mtx,2.373
1457,2629_bibd_20_10.mtx,378.409
1458,0729_can_634.mtx,1.406
1459,2462_ch7-9-b5.mtx,221.926
1460,0240_saylr1.mtx,0.269
1461,0795_lshp1270.mtx,1.667
1462,1736_OPF_3754.mtx,30.390
1463,2755_soc-Pokec.mtx,199.222
1464,0358_IG5-8.mtx,0.417
1465,0663_fpga_dcop_02.mtx,1.135
1466,1780_c-50.mtx,31.896
1467,2225_ar2010.mtx,109.900
1468,1133_mcfe.mtx,4.693
1469,1239_rail_5177.mtx,6.812
1470,1697_rail_20209.mtx,26.850
1471,2311_c-73.mtx,138.577
1472,1582_lp_nug15.mtx,18.212
1473,0843_lp_czprob.mtx,2.055
1474,0308_oscil_dcop_45.mtx,0.364
1475,1518_cavity15.mtx,14.760
1476,0556_ch6-6-b5.mtx,0.837
1477,1885_s1rmq4m1.mtx,53.261
1478,2492_delaunay_n19.mtx,212.099
1479,1517_cavity11.mtx,14.720
1480,0975_yeast.mtx,2.648
1481,1594_msc04515.mtx,18.921
1482,0042_rgg010.mtx,0.019
1483,1029_mhd3200b.mtx,3.532
1484,1127_model3.mtx,4.586
1485,2795_Geo_1438.mtx,270.908
1486,2569_mono_500Hz.mtx,272.453
1487,2625_ship_003.mtx,303.427
1488,1733_lhr07.mtx,30.066
1489,2653_Si87H76.mtx,237.771
1490,1303_G67.mtx,7.684
1491,0061_ibm32.mtx,0.030
1492,1925_bcsstm36.mtx,61.208
1493,0002_Trec3.mtx,0.000
1494,2673_JP.mtx,244.886
1495,1923_rgg_n_2_15_s0.mtx,60.496
1496,2425_neos3.mtx,181.387
1497,2676_italy_osm.mtx,136.170
1498,0010_ch3-3-b2.mtx,0.004
1499,1329_freeFlyingRobot_13.mtx,8.435
1500,2134_rajat17.mtx,93.607
1501,1349_model4.mtx,8.816
1502,2707_af_shell3.mtx,249.691
1503,0748_fpga_trans_02.mtx,1.416
1504,2502_bibd_19_9.mtx,294.067
1505,2720_rajat31.mtx,215.536
1506,1721_bloweya.mtx,28.798
1507,1425_ch8-8-b2.mtx,10.807
1508,0164_west0167.mtx,0.122
1509,1331_Franz5.mtx,8.485
1510,0818_G18.mtx,2.001
1511,0968_lp_fit1d.mtx,3.205
1512,2762_vas_stokes_1M.mtx,261.233
1513,2513_ifiss_mat.mtx,250.796
1514,2359_TF18.mtx,155.714
1515,0576_Trefethen_300.mtx,1.139
1516,1955_HEP-th.mtx,47.564
1517,1257_deter7.mtx,7.085
1518,2363_Zd_Jac2.mtx,167.619
1519,1971_c-65.mtx,57.921
1520,0649_fpga_dcop_32.mtx,1.135
1521,1563_cis-n4c6-b13.mtx,16.958
1522,0282_cz148.mtx,0.372
1523,0526_ck656.mtx,0.791
1524,0531_cis-n4c6-b2.mtx,0.766
1525,1493_EX3(0).mtx,13.859
1526,0059_GlossGT.mtx,0.030
1527,2347_nemeth23.mtx,163.136
1528,0487_small.mtx,0.689
1529,0841_rotor2.mtx,2.087
1530,0105_GD99_b.mtx,0.061
1531,0454_Trefethen_200b.mtx,0.699
1532,1406_beaflw.mtx,12.652
1533,0630_jazz.mtx,1.309
1534,2829_com-Orkut.mtx,214.126
1535,0338_oscil_dcop_44.mtx,0.369
1536,2844_mycielskian19.mtx,283.041
1537,1103_sstmodel.mtx,4.371
1538,1002_bcsstm37.mtx,2.481
1539,0660_fpga_dcop_40.mtx,1.136
1540,0502_hangGlider_1.mtx,0.847
1541,0751_GL7d26.mtx,1.751
1542,0960_bcsstk08.mtx,2.529
1543,2610_cont1_l.mtx,201.782
1544,1931_EAT_SR.mtx,45.325
1545,2322_pli.mtx,164.141
1546,2661_kim2.mtx,236.651
1547,1095_lock_700.mtx,4.276
1548,1023_lshp2614.mtx,3.466
1549,1026_spiral.mtx,3.529
1550,1638_scsd8-2c.mtx,21.670
1551,0503_dwt_193.mtx,0.849
1552,0782_lp_scfxm3.mtx,1.578
1553,1281_G3.mtx,7.365
1554,0652_fpga_dcop_44.mtx,1.134
1555,0135_GD06_theory.mtx,0.093
1556,0304_oscil_dcop_10.mtx,0.365
1557,0115_curtis54.mtx,0.071
1558,2181_lhr34c.mtx,106.128
1559,0349_dwt_221.mtx,0.396
1560,0474_can_268.mtx,0.748
1561,1958_vibrobox.mtx,55.609
1562,2494_amazon0312.mtx,207.834
1563,1793_jnlbrng1.mtx,37.806
1564,1948_me2010.mtx,53.754
1565,1405_shermanACd.mtx,10.251
1566,1577_fxm3_6(0).mtx,18.256
1567,1573_big.mtx,17.639
1568,1483_ex20.mtx,13.505
1569,0242_flower_7_1.mtx,0.277
1570,2394_cfd1.mtx,193.191
1571,2548_TF19.mtx,237.882
1572,2319_raefsky4.mtx,161.465
1573,0947_D_9.mtx,2.403
1574,0561_Maragal_2.mtx,0.845
1575,1365_rosen2.mtx,9.222
1576,0521_bp_200.mtx,0.807
1577,0463_qh768.mtx,0.564
1578,1134_delaunay_n12.mtx,4.715
1579,2236_net50.mtx,115.058
1580,1196_lp_greenbea.mtx,5.982
1581,2772_mawi_201512012345.mtx,120.350
1582,0612_nos5.mtx,1.259
1583,2025_bcsstk17.mtx,68.954
1584,1633_scfxm1-2b.mtx,21.344
1585,0381_bcsstm26.mtx,0.364
1586,2838_kmer_A2a.mtx,79.137
1587,1752_jan99jac080.mtx,33.260
1588,2477_thermomech_dK.mtx,230.660
1589,0013_relat3.mtx,0.006
1590,2050_af23560.mtx,77.823
1591,1965_cit-HepTh.mtx,49.049
1592,0844_filter2D.mtx,2.067
1593,0732_lp_nug08.mtx,1.405
1594,2562_rajat29.mtx,254.785
1595,1597_se.mtx,18.839
1596,2835_mycielskian18.mtx,281.763
1597,0951_D_7.mtx,2.459
1598,0009_rel3.mtx,0.004
1599,1811_g3rmt3m3.mtx,39.903
1600,2560_apache2.mtx,250.435
1601,1872_airfoil_2d.mtx,49.104
1602,1025_freeFlyingRobot_4.mtx,3.513
1603,0323_oscil_dcop_31.mtx,0.364
1604,1797_c-52.mtx,33.970
1605,1414_ex10.mtx,10.601
1606,2244_crystk02.mtx,134.544
1607,1764_wang3.mtx,33.934
1608,0814_G21.mtx,1.905
1609,1280_G2.mtx,7.379
1610,0006_mycielskian3.mtx,0.002
1611,1691_cavity24.mtx,26.529
1612,2632_thermal2.mtx,214.513
1613,0231_pde225.mtx,0.255
1614,2796_hugebubbles-00020.mtx,103.949
1615,0320_oscil_dcop_04.mtx,0.364
1616,0924_watt_1.mtx,2.186
1617,0608_Franz1.mtx,0.981
1618,2608_sls.mtx,245.785
1619,1946_ckt11752_dc_1.mtx,53.533
1620,2518_smt.mtx,261.091
1621,1282_G1.mtx,7.371
1622,0509_dwt_419.mtx,0.860
1623,2443_Stanford.mtx,140.808
1624,2817_kmer_V2a.mtx,80.858
1625,1509_cegb3306.mtx,14.547
1626,1177_spaceShuttleEntry_3.mtx,5.513
1627,0812_G15.mtx,1.905
1628,0395_tols340.mtx,0.528
1629,0520_sherman4.mtx,0.729
1630,1537_dano3mip.mtx,15.543
1631,1418_Goodwin_013.mtx,10.799
1632,0190_zed.mtx,0.162
1633,0926_extr1.mtx,2.196
1634,2200_nemeth19.mtx,113.851
1635,2229_soc-Slashdot0811.mtx,88.218
1636,1919_Goodwin_030.mtx,59.167
1637,0373_rw496.mtx,0.441
1638,1710_bauru5727.mtx,27.718
1639,1591_Franz9.mtx,18.696
1640,0884_adder_dcop_39.mtx,2.156
1641,2847_it-2004.mtx,254.303
1642,2159_image_interp.mtx,98.380
1643,0899_adder_dcop_15.mtx,2.164
1644,2445_ASIC_680ks.mtx,174.863
1645,1512_ex13.mtx,14.617
1646,1905_c-60.mtx,48.282
1647,2579_para-9.mtx,278.426
1648,0128_wheel_7_1.mtx,0.082
1649,0173_Trec8.mtx,0.133
1650,0109_GD97_b.mtx,0.064
1651,2315_n4c6-b7.mtx,158.721
1652,1315_dw4096.mtx,8.037
1653,2102_ASIC_100ks.mtx,86.189
1654,0204_dwt_234.mtx,0.201
1655,0511_L.mtx,0.701
1656,0697_jpwh_991.mtx,1.172
1657,0601_lpi_klein2.mtx,1.226
1658,2414_rajat24.mtx,186.033
1659,0721_orsirr_1.mtx,1.326
1660,2478_stat96v2.mtx,231.734
1661,2472_ct20stif.mtx,219.646
1662,1358_meg4.mtx,9.029
1663,2556_tmt_unsym.mtx,248.499
1664,1983_lhr17c.mtx,61.435
1665,1552_kineticBatchReactor_7.mtx,16.273
1666,0990_lp_pilot_ja.mtx,2.903
1667,2291_nemeth21.mtx,143.192
1668,2221_HTC_336_9129.mtx,122.188
1669,1663_c-43.mtx,23.747
1670,0725_lp_ganges.mtx,1.334
1671,0893_adder_dcop_64.mtx,2.159
1672,2262_gyro_k.mtx,141.946
1673,2426_pa2010.mtx,164.994
1674,0585_mycielskian8.mtx,1.147
1675,0156_GD97_c.mtx,0.108
1676,1213_ex4.mtx,6.287
1677,2815_ML_Geer.mtx,276.426
1678,0357_shl_0.mtx,0.356
1679,2254_preferentialAttachment.mtx,81.078
1680,1379_delaunay_n13.mtx,9.448
1681,2622_TEM181302.mtx,318.109
1682,0642_fpga_dcop_10.mtx,1.133
1683,2062_t3dl.mtx,81.998
1684,2284_landmark.mtx,140.291
1685,0866_adder_dcop_51.mtx,2.167
1686,0882_adder_dcop_38.mtx,2.158
1687,1366_mhd1280a.mtx,9.238
1688,1781_CAG_mat1916.mtx,33.445
1689,0152_bfwa62.mtx,0.109
1690,2790_GAP-road.mtx,133.166
1691,0874_adder_dcop_17.mtx,2.164
1692,1093_IG5-11.mtx,4.307
1693,0122_lp_kb2.mtx,0.076
1694,1706_ted_B_unscaled.mtx,27.390
1695,1268_poli3.mtx,7.229
1696,2019_ted_A_unscaled.mtx,68.360
1697,2511_ca2010.mtx,173.170
1698,2479_ramage02.mtx,232.715
1699,2727_333SP.mtx,235.771
1700,1850_stat96v5.mtx,44.480
1701,2487_belgium_osm.mtx,189.026
1702,2757_dielFilterV3clx.mtx,264.567
1703,1920_rail516.mtx,60.621
1704,1718_bcsstk18.mtx,28.821
1705,2371_turon_m.mtx,182.718
1706,0351_S10PI_n.mtx,0.314
1707,0492_nos6.mtx,0.628
1708,2482_srb1.mtx,240.444
1709,0300_oscil_dcop_29.mtx,0.364
1710,1516_cavity14.mtx,14.755
1711,0953_cz1268.mtx,2.488
1712,0607_de063157.mtx,0.992
1713,0500_nsic.mtx,0.817
1714,0316_oscil_dcop_05.mtx,0.365
1715,2175_g7jac180.mtx,91.237
1716,2266_torso2.mtx,143.210
1717,1330_freeFlyingRobot_16.mtx,8.437
1718,1279_G8.mtx,7.371
1719,1828_s1rmt3m1.mtx,41.857
1720,0473_str_200.mtx,0.731
1721,0040_lpi_bgprtr.mtx,0.017
1722,2797_Serena.mtx,271.270
1723,0901_adder_dcop_46.mtx,2.157
1724,0938_G50.mtx,2.307
1725,2122_rajat20.mtx,91.806
1726,0054_rel4.mtx,0.025
1727,2119_shar_te2-b2.mtx,83.128
1728,0764_epb0.mtx,1.492
1729,2799_soc-LiveJournal1.mtx,223.870
1730,2538_debr.mtx,240.651
1731,2339_598a.mtx,128.886
1732,1150_email-Eu-core.mtx,4.933
1733,1935_pwt(1).mtx,61.472
1734,1977_k3plates.mtx,60.901
1735,1020_spaceStation_6.mtx,3.372
1736,1619_wiki-Vote.mtx,19.773
1737,1511_ch7-6-b4.mtx,14.520
1738,2411_conf5_4-8x8-10.mtx,186.981
1739,1623_crystm01.mtx,20.346
1740,1194_pf2177.mtx,5.943
1741,2370_av41092.mtx,166.377
1742,0714_orbitRaising_2.mtx,1.263
1743,1695_cavity17.mtx,26.674
1744,1380_tuma2.mtx,9.446
1745,2393_ASIC_320ks.mtx,181.034
1746,0988_Sieber.mtx,2.868
1747,1214_plat1919.mtx,6.316
1748,0784_lp_grow22.mtx,2.003
1749,1622_nasa4704(0).mtx,20.345
1750,2612_cage13.mtx,292.128
1751,0793_Trec10.mtx,2.074
1752,1081_Franz2.mtx,4.154
1753,0322_oscil_dcop_46.mtx,0.365
1754,2520_s4dkt3m2.mtx,261.429
1755,0438_fs_680_2.mtx,0.580
1756,1318_freeFlyingRobot_12.mtx,8.040
1757,2739_asia_osm.mtx,119.930
1758,1652_conf5_0-4x4-18.mtx,23.076
1759,1086_c-19.mtx,4.170
1760,2309_mac_econ_fwd500.mtx,154.631
1761,1422_mark3jac020.mtx,10.818
1762,0451_west0655.mtx,0.642
1763,0334_oscil_dcop_53.mtx,0.373
1764,0186_gent113.mtx,0.159
1765,1084_ch6-6-b3.mtx,4.166
1766,0685_fpga_dcop_18.mtx,1.134
1767,0134_can_73.mtx,0.092
1768,1849_lhr11.mtx,44.705
1769,2285_msc23052.mtx,140.848
1770,0603_de080285.mtx,0.982
1771,1915_lhr14.mtx,58.373
1772,0914_adder_dcop_34.mtx,2.159
1773,2283_bcsstk36.mtx,139.424
1774,1148_lns_3937.mtx,4.911
1775,1007_rosen8.mtx,3.801
1776,2223_tube1.mtx,124.773
1777,2352_lhr71.mtx,165.441
1778,0495_lp_scrs8.mtx,0.772
1779,1933_pwt.mtx,61.634
1780,1211_lpl2.mtx,6.208
1781,2163_c-64b.mtx,99.908
1782,0695_dwt_758.mtx,1.165
1783,1101_c-20.mtx,4.353
1784,2187_dc3.mtx,106.105
1785,2302_twotone.mtx,132.678
1786,2563_netherlands_osm.mtx,216.149
1787,2303_mn2010.mtx,122.735
1788,1021_Si2.mtx,3.433
1789,1902_Reuters911.mtx,41.182
1790,0007_Trec5.mtx,0.003
1791,2550_TSOPF_FS_b300_c1.mtx,285.852
1792,1717_nug08-3rd.mtx,28.500
1793,1069_large.mtx,3.969
1794,1763_t2dah_e.mtx,33.470
1795,2091_patents_main.mtx,68.225
1796,1024_lp_cre_a.mtx,3.525
1797,2475_helm2d03.mtx,222.226
1798,2333_std1_Jac3.mtx,156.358
1799,1729_hangGlider_5.mtx,29.826
1800,2571_web-Google.mtx,146.431
1801,2013_cz40948.mtx,66.198
1802,0657_fpga_dcop_31.mtx,1.137
1803,0507_lp_shell.mtx,0.844
1804,0270_can_161.mtx,0.335
1805,1636_south31.mtx,21.458
1806,0172_IG5-7.mtx,0.134
1807,1707_lp_osa_07.mtx,27.894
1808,0965_n2c6-b8.mtx,2.569
1809,0993_n2c6-b4.mtx,2.896
1810,0291_oscil_dcop_57.mtx,0.364
1811,2240_scircuit.mtx,133.158
1812,2776_Hardesty3.mtx,184.271
1813,2039_epb3.mtx,74.400
1814,0352_lpi_vol1.mtx,0.396
1815,0615_lpi_pilot4i.mtx,1.275
1816,2095_g7jac140.mtx,78.621
1817,2458_c8_mat11_I.mtx,218.107
1818,1892_mark3jac100.mtx,45.884
1819,1384_mbeaflw.mtx,11.869
1820,2261_gyro.mtx,141.710
1821,1432_fxm3_6.mtx,11.089
1822,2112_LeGresley_87936.mtx,85.864
1823,2544_pdb1HYS.mtx,265.030
1824,0807_scagr7-2c.mtx,1.734
1825,1426_rdist2.mtx,10.936
1826,1121_rosen1.mtx,5.513
1827,1402_ex3.mtx,10.191
1828,0342_abb313.mtx,0.372
1829,1203_commanche_dual.mtx,6.098
1830,0097_Maragal_1.mtx,0.056
1831,1126_lshp3466.mtx,4.586
1832,0215_spaceStation_1.mtx,0.225
1833,0659_fpga_dcop_42.mtx,1.135
1834,0553_fs_541_4.mtx,0.977
1835,1377_bips07_1693.mtx,9.418
1836,1861_benzene.mtx,45.856
1837,0939_lutz30-23-b6.mtx,2.331
1838,0052_Hamrle1.mtx,0.024
1839,0702_130bit.mtx,1.304
1840,1117_spaceStation_13.mtx,4.569
1841,0722_lshp1009.mtx,1.318
1842,0228_lp_nug05.mtx,0.250
1843,1264_lp_woodw.mtx,7.219
1844,0616_lp_pilot4.mtx,1.274
1845,0431_lpi_reactor.mtx,0.624
1846,0687_fpga_dcop_22.mtx,1.135
1847,2416_TSOPF_FS_b39_c19.mtx,192.824
1848,1878_fxm4_6.mtx,50.541
1849,0629_netscience.mtx,1.056
1850,2350_neos.mtx,139.306
1851,2012_sd2010.mtx,65.700
1852,2152_nemeth18.mtx,111.193
1853,1739_hvdc1.mtx,30.689
1854,1523_ex28.mtx,14.974
1855,0144_impcol_c.mtx,0.099
1856,2696_af_3_k101.mtx,251.423
1857,2208_pds-70.mtx,101.321
1858,0619_M40PI_n.mtx,1.029
1859,0003_mycielskian2.mtx,0.000
1860,1165_3elt.mtx,5.275
1861,1969_lp_ken_18.mtx,57.317
1862,1963_poisson3Da.mtx,49.056
1863,1984_lhr17.mtx,61.411
1864,0771_bwm2000.mtx,1.543
1865,1146_model8.mtx,4.862
1866,2512_oilpan.mtx,250.728
1867,1728_nsir.mtx,29.532
1868,2702_af_shell8.mtx,249.723
1869,1082_utm1700b.mtx,4.152
1870,1674_bodyy5.mtx,24.876
1871,1857_luxembourg_osm.mtx,38.217
1872,1937_shallow_water1.mtx,52.479
1873,0388_Trefethen_150.mtx,0.496
1874,1950_ct2010.mtx,53.954
1875,0277_can_187.mtx,0.363
1876,0176_08blocks.mtx,0.139
1877,1228_bcsstk11.mtx,6.686
1878,2365_2cubes_sphere.mtx,161.370
1879,1484_aug3d.mtx,13.368
1880,0673_fpga_dcop_11.mtx,1.134
1881,1553_c-44.mtx,16.276
1882,2024_helm3d01.mtx,68.799
1883,1107_barth4.mtx,4.508
1884,0870_adder_dcop_66.mtx,2.164
1885,2141_wv2010.mtx,91.964
1886,2631_torso1.mtx,300.676
1887,1014_Erdos02.mtx,2.728
1888,1229_bcsstk12.mtx,6.684
1889,0080_can_24.mtx,0.039
1890,1822_ak2010.mtx,34.847
1891,0894_adder_dcop_65.mtx,2.186
1892,2317_SiO.mtx,142.827
1893,0031_GD98_a.mtx,0.012
1894,2007_c-57.mtx,65.003
1895,0302_oscil_dcop_19.mtx,0.364
1896,2005_rail582.mtx,65.249
1897,1639_CurlCurl_0.mtx,21.868
1898,2703_af_shell6.mtx,249.798
1899,2775_wikipedia-20061104.mtx,156.798
1900,1621_nasa4704.mtx,20.388
1901,0462_lpi_pang.mtx,0.697
1902,0387_bibd_17_3.mtx,0.495
1903,2439_pkustk05.mtx,213.977
1904,1322_rajat01.mtx,8.322
1905,1398_mk11-b4.mtx,10.001
1906,2542_gupta2.mtx,275.344
1907,2281_connectus.mtx,156.189
1908,2395_GL7d14.mtx,119.039
1909,1167_bayer08.mtx,5.312
1910,2648_atmosmodl.mtx,220.399
1911,1992_nemeth04.mtx,63.499
1912,0628_lp_scfxm2.mtx,1.057
1913,2611_bmw7st_1.mtx,311.135
1914,0852_init_adder1.mtx,2.145
1915,2271_ibm_matrix_2.mtx,129.463
1916,0015_Tina_AskCal.mtx,0.007
1917,0627_n2c6-b3.mtx,1.051
1918,2733_rel9.mtx,178.698
1919,1731_e18.mtx,29.814
1920,1791_SiNa.mtx,38.506
1921,2101_ncvxqp7.mtx,79.800
1922,2758_mycielskian16.mtx,269.038
1923,1320_Kaufhold.mtx,8.172
1924,1867_TSOPF_RS_b39_c7.mtx,48.099
1925,0859_adder_dcop_10.mtx,2.160
1926,2260_olafu.mtx,141.180
1927,1570_orani678.mtx,17.278
1928,1551_biplane-9.mtx,16.156
1929,0219_grid1.mtx,0.227
1930,0203_bcsstm19.mtx,0.158
1931,2196_Chevron2.mtx,111.482
1932,1440_crack_dual.mtx,11.568
1933,0883_adder_dcop_36.mtx,2.164
1934,2242_transient.mtx,129.910
1935,2206_nm2010.mtx,100.840
1936,2752_rgg_n_2_21_s0.mtx,226.409
1937,0062_bcspwr01.mtx,0.032
1938,0445_lp_e226.mtx,0.674
1939,1529_TF15.mtx,15.381
1940,1598_fe_sphere.mtx,18.897
1941,1096_ex33.mtx,4.316
1942,1841_ex35.mtx,43.443
1943,1605_LF10000.mtx,19.275
1944,0384_mesh2em5.mtx,0.480
1945,0220_n4c6-b15.mtx,0.233
1946,2110_pds-50.mtx,81.901
1947,1647_bcsstk15.mtx,22.707
1948,0475_cage7.mtx,0.741
1949,1079_lp_cycle.mtx,4.120
1950,1557_fv3.mtx,16.705
1951,0041_wheel_3_1.mtx,0.018
1952,2474_windtunnel_evap3d.mtx,208.530
1953,2710_GL7d21.mtx,187.332
1954,2683_pkustk14.mtx,249.475
1955,2725_gsm_106857.mtx,238.861
1956,2106_bas1lp.mtx,81.755
1957,0347_bcspwr05.mtx,0.383
1958,2642_pattern1.mtx,211.282
1959,0940_rdb2048.mtx,2.315
1960,2534_cant.mtx,260.524
1961,0102_Sandi_authors.mtx,0.060
1962,0434_Erdos971.mtx,0.623
1963,1526_cegb3024.mtx,15.518
1964,0060_wheel_4_1.mtx,0.030
1965,1664_hi2010.mtx,23.618
1966,2576_para-4.mtx,287.904
1967,1338_bips98_1450.mtx,8.580
1968,0392_west0381.mtx,0.516
1969,1751_f855_mat9.mtx,32.715
1970,2832_HV15R.mtx,280.745
1971,0011_cage3.mtx,0.005
1972,2140_c-70.mtx,99.710
1973,1145_shermanACa.mtx,4.846
1974,0689_fpga_dcop_30.mtx,1.130
1975,1503_poli4.mtx,11.781
1976,2666_Hardesty1.mtx,236.880
1977,1547_G63.mtx,15.030
1978,0095_GD02_b.mtx,0.056
1979,0822_pores_2.mtx,1.854
1980,0813_G17.mtx,1.905
1981,0559_ex1.mtx,1.050
1982,0819_G14.mtx,1.958
1983,2213_ss1.mtx,116.830
1984,0064_p0040.mtx,0.032
1985,1658_scagr7-2r.mtx,23.108
1986,2686_Si41Ge41H72.mtx,248.221
1987,0514_stufe.mtx,0.720
1988,0936_G48.mtx,2.308
1989,0665_fpga_dcop_24.mtx,1.136
1990,1124_n4c6-b3.mtx,4.598
1991,2421_cage12.mtx,197.593
1992,0548_USAir97.mtx,1.031
1993,2446_vanbody.mtx,207.199
1994,0931_photogrammetry.mtx,2.275
1995,0857_adder_dcop_06.mtx,2.155
1996,2219_sme3Da.mtx,85.297
1997,0896_adder_dcop_28.mtx,2.166
1998,1758_nasa2910(0).mtx,33.448
1999,0885_adder_dcop_42.mtx,2.165
2000,0223_SmallW.mtx,0.235
2001,0175_impcol_a.mtx,0.138
2002,2413_trdheim.mtx,188.904
2003,0765_orbitRaising_4.mtx,1.504
2004,0973_n4c6-b14.mtx,2.657
2005,0974_cis-n4c6-b14.mtx,2.669
2006,1714_p2p-Gnutella31.mtx,23.781
2007,1305_freeFlyingRobot_11.mtx,7.698
2008,2054_nemeth14.mtx,79.663
2009,2332_bcsstk35.mtx,157.208
2010,0057_football.mtx,0.029
2011,0181_TF10.mtx,0.152
2012,1648_graphics.mtx,22.697
2013,0928_watt_2.mtx,2.245
2014,1988_garon2.mtx,62.814
2015,2331_vfem.mtx,155.390
2016,0245_ww_36_pmec_36.mtx,0.290
2017,0515_sherman1.mtx,0.741
2018,1700_stokes64.mtx,26.904
2019,2481_TSOPF_RS_b300_c2.mtx,238.884
2020,1326_c-29.mtx,8.415
2021,2448_fl2010.mtx,152.833
2022,1237_cell2.mtx,6.701
2023,2554_tx2010.mtx,202.599
2024,2428_bcsstk39.mtx,203.387
2025,1291_freeFlyingRobot_9.mtx,7.668
2026,2706_af_shell2.mtx,249.714
2027,0530_n4c6-b2.mtx,0.767
2028,0489_lp_standata.mtx,0.759
2029,2784_af_shell10.mtx,268.730
2030,1453_gen1.mtx,12.171
2031,0581_cdde3.mtx,0.901
2032,1477_mhd3200a.mtx,13.191
2033,1794_mod2.mtx,33.452
2034,1152_bibd_13_6.mtx,6.242
2035,0823_rajat04.mtx,1.858
2036,0183_GD01_Acap.mtx,0.123
2037,1100_pgp2.mtx,4.332
2038,2314_Raj1.mtx,158.152
2039,0255_n3c5-b4.mtx,0.302
2040,0719_EVA.mtx,0.935
2041,0182_bcsstk03.mtx,0.156
2042,2724_hugetric-00020.mtx,133.543
2043,1887_chipcool1.mtx,45.361
2044,2634_TSOPF_RS_b678_c2.mtx,280.726
2045,0355_494_bus.mtx,0.392
2046,1863_lp_cre_d.mtx,39.671
2047,0112_will57.mtx,0.068
2048,0110_dwt_59.mtx,0.065
2049,2423_water_tank.mtx,198.100
2050,0147_n4c6-b1.mtx,0.102
2051,0587_bp_1200.mtx,0.916
2052,1845_fome20.mtx,37.337
2053,2527_roadNet-TX.mtx,212.832
2054,0243_lp_share1b.mtx,0.286
2055,0306_oscil_dcop_20.mtx,0.366
2056,2199_TSOPF_RS_b162_c4.mtx,113.039
2057,2633_TSOPF_FS_b300_c2.mtx,275.680
2058,1363_mk11-b4b.mtx,9.089
2059,2123_rajat25.mtx,89.037
2060,1339_ge.mtx,8.549
2061,1951_Kuu.mtx,64.377
2062,0777_rosen7.mtx,1.897
2063,0995_robot24c1_mat5.mtx,3.600
2064,2245_nemeth20.mtx,135.048
2065,2848_twitter7.mtx,265.858
2066,0360_lp_scagr25.mtx,0.409
2067,1987_nmos3.mtx,62.108
2068,2454_net4-1.mtx,198.168
2069,0004_Trec4.mtx,0.001
2070,1675_rajat10.mtx,25.005
2071,1375_mimo8x8_system.mtx,9.380
2072,0096_cage5.mtx,0.057
2073,1333_lp_pilot.mtx,8.570
2074,2591_com-Youtube.mtx,194.371
2075,2001_mark3jac140sc.mtx,64.499
2076,0647_fpga_dcop_26.mtx,1.131
2077,1204_p2p-Gnutella05.mtx,6.077
2078,1050_p6000.mtx,3.812
2079,0776_GD06_Java.mtx,1.543
2080,0369_tumorAntiAngiogenesis_1.mtx,0.434
2081,2826_kron_g500-logn21.mtx,202.257
2082,1556_kineticBatchReactor_9.mtx,16.550
2083,1261_t2dal_bci.mtx,7.255
2084,1256_162bit.mtx,7.131
2085,2586_roadNet-CA.mtx,207.544
2086,0346_oscil_trans_01.mtx,0.381
2087,1672_aug3dcqp.mtx,24.438
2088,2375_venkat50.mtx,185.828
2089,2388_n4c6-b8.mtx,186.086
2090,0575_bp_1000.mtx,0.905
2091,1240_ch7-8-b2.mtx,6.778
2092,0907_adder_dcop_02.mtx,2.157
2093,1172_bayer05.mtx,5.355
2094,2811_cage15.mtx,254.628
2095,1036_mk10-b3.mtx,3.640
2096,1732_lhr07c.mtx,30.017
2097,1219_cavity05.mtx,6.315
2098,0856_rajat02.mtx,2.142
2099,2654_hood.mtx,238.612
2100,0825_lp_sctap3.mtx,1.892
2101,2624_rail2586.mtx,324.629
2102,2595_Ga10As10H30.mtx,298.193
2103,0527_lshp_577.mtx,0.751
2104,0525_lp_standmps.mtx,0.915
2105,0191_lp_recipe.mtx,0.167
2106,1170_lp_truss.mtx,5.388
2107,0353_lpi_qual.mtx,0.397
2108,0750_dwt_918.mtx,1.429
2109,0827_S80PI_n1.mtx,1.902
2110,2369_ns3Da.mtx,125.907
2111,0196_lpi_klein1.mtx,0.182
2112,1720_pds10.mtx,28.736
2113,2143_Zd_Jac2_db.mtx,94.022
2114,1495_ex18.mtx,13.913
2115,0048_Stranke94.mtx,0.022
2116,2771_RM07R.mtx,267.234
2117,2712_Freescale1.mtx,236.580
2118,1435_meg1.mtx,11.145
2119,0045_LF10.mtx,0.020
2120,1346_Franz6.mtx,8.762
2121,0881_adder_dcop_20.mtx,2.168
2122,0094_GD96_d.mtx,0.056
2123,0276_bcsstm11.mtx,0.280
2124,2736_NLR.mtx,233.943
2125,0218_cat_ears_4_1.mtx,0.223
2126,0483_cz308.mtx,0.774
2127,1569_model5.mtx,17.285
2128,0850_adder_dcop_04.mtx,2.134
2129,1756_bratu3d.mtx,33.285
2130,2286_denormal.mtx,140.994
2131,0617_lshp_778.mtx,1.016
2132,1323_freeFlyingRobot_14.mtx,8.323
2133,2690_great-britain_osm.mtx,121.963
2134,0490_bibd_81_2.mtx,0.615
2135,2146_bibd_17_8.mtx,128.020
2136,0915_adder_dcop_40.mtx,2.160
2137,0024_farm.mtx,0.010
2138,1294_G30.mtx,7.691
2139,2183_trans4.mtx,106.010
2140,0428_S20PI_n1.mtx,0.489
2141,1445_air02.mtx,14.901
2142,0184_GD01_a.mtx,0.152
2143,2819_rgg_n_2_23_s0.mtx,195.194
2144,2524_barrier2-4.mtx,247.219
2145,1413_p2p-Gnutella25.mtx,10.315
2146,1522_c-38.mtx,14.826
2147,2615_web-BerkStan.mtx,274.484
2148,0967_lp_pilotnov.mtx,2.600
2149,0546_b2_ss.mtx,0.821
2150,1089_bcsstm13.mtx,4.184
2151,2671_BenElechi1.mtx,246.689
2152,2461_power9.mtx,222.121
2153,2170_n4c6-b6.mtx,101.026
2154,1394_cq5.mtx,9.978
2155,1843_lhr10c.mtx,44.252
2156,2178_copter2(0).mtx,105.227
2157,2306_al2010.mtx,119.784
2158,0590_lp_agg2.mtx,1.127
2159,0426_can_292.mtx,0.616
2160,0903_adder_dcop_27.mtx,2.158
2161,1735_g7jac050sc.mtx,30.177
2162,1382_c-25.mtx,9.473
2163,1156_barth.mtx,5.045
2164,1284_seymourl.mtx,7.404
2165,1796_flower_7_4.mtx,32.521
2166,1711_shermanACb.mtx,27.852
2167,0281_GL7d11.mtx,0.289
2168,2232_pds-80.mtx,100.420
2169,1603_rajat27.mtx,19.011
2170,0864_adder_dcop_13.mtx,2.160
2171,2768_PFlow_742.mtx,264.941
2172,0760_D_10.mtx,1.842
2173,1666_aft01.mtx,24.199
2174,0194_rotor1.mtx,0.172
2175,0113_GD95_c.mtx,0.070
2176,1205_n2c6-b7.mtx,6.149
2177,1611_Kemelmacher.mtx,19.371
2178,0670_fpga_dcop_38.mtx,1.134
2179,2495_3dtube.mtx,241.181
2180,0077_karate.mtx,0.038
2181,2288_viscorocks.mtx,141.789
2182,0315_oscil_dcop_37.mtx,0.364
2183,1960_cvxbqp1.mtx,56.188
2184,0038_Ragusa18.mtx,0.016
2185,2567_ecology1.mtx,256.567
2186,2018_ch7-9-b3.mtx,67.939
2187,0280_mycielskian7.mtx,0.368
2188,0249_ash608.mtx,0.268
2189,1076_lpi_ceria3d.mtx,4.076
2190,1212_Goodwin_010.mtx,6.193
2191,0141_ch5-5-b1.mtx,0.097
2192,2269_nemsemm1.mtx,146.133
2193,0229_lp_vtp_base.mtx,0.254
2194,2258_pds-90.mtx,109.642
2195,0809_jagmesh9.mtx,1.751
2196,0081_bcspwr02.mtx,0.041
2197,0314_oscil_dcop_56.mtx,0.366
2198,1767_t60k.mtx,34.079
2199,0389_GL6_D_10.mtx,0.498
2200,0963_USpowerGrid.mtx,2.525
2201,0005_GL7d10.mtx,0.003
2202,1886_chipcool0.mtx,45.230
2203,2074_apache1.mtx,81.129
2204,1910_waveguide3D.mtx,48.679
2205,2652_bmwcra_1.mtx,239.676
2206,2497_Goodwin_095.mtx,241.879
2207,2719_msdoor.mtx,256.388
2208,2655_ohne2.mtx,239.561
2209,0224_gre_185.mtx,0.238
2210,2675_rgg_n_2_20_s0.mtx,232.827
2211,0734_rdb1250l.mtx,1.402
2212,2409_conf5_4-8x8-05.mtx,186.954
2213,0399_lp_nug06.mtx,0.523
2214,0333_oscil_dcop_55.mtx,0.367
2215,2061_t3dl_a.mtx,81.880
2216,2734_human_gene1.mtx,256.235
2217,2033_2D_27628_bjtcai.mtx,71.263
2218,0012_lpi_galenet.mtx,0.005
2219,2120_vsp_bump2_e18_aa01_model1_crew1.mtx,83.614
2220,0376_mesh3e1.mtx,0.450
2221,1890_fome13.mtx,45.569
2222,1687_cavity16.mtx,26.613
2223,0034_n3c4-b2.mtx,0.015
2224,1541_kineticBatchReactor_6.mtx,15.852
2225,1853_ch7-8-b3.mtx,41.862
2226,0981_mycielskian9.mtx,3.446
2227,0836_SciMet.mtx,1.983
2228,0958_freeFlyingRobot_3.mtx,2.486
2229,0600_S40PI_n1.mtx,0.960
2230,2404_Zd_Jac3.mtx,186.659
2231,2169_id2010.mtx,88.651
2232,2599_delaunay_n20.mtx,266.912
2233,1053_G47.mtx,3.872
2234,0650_fpga_dcop_51.mtx,1.137
2235,0821_jagmesh4.mtx,1.828
2236,0711_lp_fffff800.mtx,1.497
2237,1782_vsp_befref_fxm_2_4_air02.mtx,31.550
2238,1388_beacxc.mtx,11.840
2239,2465_cop20k_A.mtx,121.801
2240,1722_model10.mtx,29.085
2241,0999_lshp2233.mtx,2.978
2242,2636_atmosmodd.mtx,217.147
2243,2340_raefsky3.mtx,161.480
2244,2820_Cube_Coup_dt6.mtx,277.664
2245,1200_c-27.mtx,5.984
2246,1412_ex7.mtx,10.492
2247,2744_cage14.mtx,254.164
2248,2681_kkt_power.mtx,214.492
2249,1754_SiH4.mtx,33.074
2250,1005_nos3.mtx,3.092
2251,2573_amazon-2008_weighted.mtx,251.788
2252,2643_m_t1.mtx,237.591
2253,0959_rajat12.mtx,2.481
2254,0264_impcol_d.mtx,0.318
2255,2667_halfb.mtx,245.602
2256,1838_onetone2.mtx,38.503
2257,1226_gemat11.mtx,6.389
2258,1393_n3c6-b7.mtx,9.964
2259,0058_n4c5-b11.mtx,0.029
2260,1602_ex9.mtx,19.349
2261,2429_com-DBLP.mtx,157.072
2262,2662_tp-6.mtx,249.738
2263,1368_PGPgiantcompo.mtx,9.261
2264,2326_va2010.mtx,136.473
2265,2268_case39.mtx,144.825
2266,0595_plsk1919.mtx,0.926
2267,0705_GL6_D_8.mtx,1.474
2268,2179_Andrews.mtx,82.237
2269,0573_rdb800l.mtx,0.904
2270,1456_fd18.mtx,12.134
2271,0703_lowThrust_1.mtx,1.277
2272,1428_whitaker3_dual.mtx,11.000
2273,0918_adder_dcop_43.mtx,2.158
2274,1044_coater1.mtx,3.768
2275,1258_reorientation_7.mtx,7.142
2276,1462_c-34.mtx,12.287
2277,2111_bcsstk33.mtx,94.841
2278,0584_hor_131.mtx,1.148
2279,2742_FullChip.mtx,252.407
2280,0188_ash331.mtx,0.157
2281,0311_oscil_dcop_36.mtx,0.364
2282,0018_n3c4-b4.mtx,0.007
2283,2590_Ga3As3H12.mtx,306.525
2284,2522_barrier2-1.mtx,247.315
2285,1738_bcsstk24.mtx,30.841
2286,1775_Ill_Stokes.mtx,30.749
2287,2464_net125.mtx,193.259
2288,1489_air06.mtx,13.622
2289,2079_soc-sign-Slashdot090221.mtx,66.801
2290,0410_lund_b.mtx,0.593
2291,2763_packing-500x100x100-b050.mtx,261.906
2292,2801_bone010.mtx,273.910
2293,0688_fpga_dcop_23.mtx,1.136
2294,1111_G35.mtx,4.519
2295,0913_adder_dcop_14.mtx,2.162
2296,2525_barrier2-3.mtx,247.259
2297,2356_mi2010.mtx,153.451
2298,0235_fs_183_3.mtx,0.257
2299,1609_Franz8.mtx,19.474
2300,2713_circuit5M_dc.mtx,239.567
2301,1564_n4c6-b13.mtx,16.997
2302,0636_spaceStation_2.mtx,1.414
2303,2380_crashbasis.mtx,189.203
2304,1877_rlfddd.mtx,42.565
2305,1070_p2p-Gnutella08.mtx,3.961
2306,2381_majorbasis.mtx,189.193
2307,1078_bayer09.mtx,4.100
2308,0283_lp_scorpion.mtx,0.370
2309,1269_reorientation_8.mtx,7.287
2310,1866_bcsstk25.mtx,48.101
2311,2372_gas_sensor.mtx,183.740
2312,2705_af_shell5.mtx,249.767
2313,0945_delaunay_n11.mtx,2.361
2314,1137_ex25.mtx,4.747
2315,1461_rosen10.mtx,12.512
2316,0239_rdb200.mtx,0.268
2317,0890_adder_dcop_54.mtx,2.170
2318,1397_ca-HepTh.mtx,9.974
2319,2845_uk-2005.mtx,246.933
2320,0602_Roget.mtx,0.976
2321,1941_Franz11.mtx,53.045
2322,0567_lp_tuff.mtx,1.086
2323,0684_fpga_dcop_20.mtx,1.133
2324,1581_bayer10.mtx,18.257
2325,0554_fs_541_1.mtx,0.979
2326,0405_ch7-8-b1.mtx,0.453
2327,2830_rgg_n_2_24_s0.mtx,190.414
2328,0383_olm500.mtx,0.479
2329,0129_lp_sc105.mtx,0.083
2330,2700_af_shell7.mtx,249.693
2331,2729_12month1.mtx,257.999
2332,2499_nd3k.mtx,246.714
2333,0839_dwg961b.mtx,2.062
2334,1774_scsd8-2r.mtx,36.286
2335,1548_rajat08.mtx,16.013
2336,1248_scagr7-2b.mtx,6.903
2337,1759_c-45.mtx,33.334
2338,2174_olesnik0.mtx,103.227
2339,2144_cbuckle.mtx,108.407
2340,1995_nemeth05.mtx,63.576
2341,2716_hugetric-00010.mtx,140.047
2342,2791_hugebubbles-00010.mtx,100.000
2343,0593_bp_1400.mtx,0.953
2344,1976_bcircuit.mtx,60.287
2345,1436_scrs8-2r.mtx,11.242
2346,1032_Chebyshev2.mtx,3.560
2347,2613_pkustk12.mtx,318.150
2348,1478_nemspmm2.mtx,13.118
2349,0736_iiasa.mtx,1.500
2350,0746_scrs8-2c.mtx,1.415
2351,2552_TSOPF_RS_b300_c3.mtx,274.204
2352,1848_lhr11c.mtx,44.383
2353,1030_Maragal_3.mtx,3.526
2354,1202_p2p-Gnutella06.mtx,6.014
2355,2142_Zd_Jac6_db.mtx,92.205
2356,1592_Franz10.mtx,18.744
2357,1693_cavity20.mtx,26.503
2358,2059_ncvxqp3.mtx,80.001
2359,0654_fpga_dcop_45.mtx,1.134
2360,1342_qpband.mtx,8.643
2361,0022_mycielskian4.mtx,0.010
2362,0155_GD00_a.mtx,0.109
2363,1593_comsol.mtx,18.624
2364,1576_Maragal_5.mtx,17.852
2365,0766_bcsstk07.mtx,1.914
2366,1455_lp_pds_06.mtx,12.300
2367,0171_cat_ears_3_1.mtx,0.129
2368,0723_jagmesh2.mtx,1.326
2369,0580_cdde4.mtx,0.902
2370,1942_shyy161.mtx,52.868
2371,0549_t2dal_e.mtx,0.801
2372,2209_g7jac200sc.mtx,102.268
2373,0472_n2c6-b9.mtx,0.744
2374,1514_cavity10.mtx,14.696
2375,1982_viscoplastic2.mtx,61.228
2376,0624_n4c5-b3.mtx,1.048
2377,0078_Trefethen_20.mtx,0.038
2378,0555_lp_scsd6.mtx,1.049
2379,0905_adder_dcop_23.mtx,2.161
2380,2235_HFE18_96_in.mtx,128.835
2381,2384_Lin.mtx,189.915
2382,1727_192bit.mtx,24.780
2383,0030_cage4.mtx,0.012
2384,2135_tomographic1.mtx,89.612
2385,2626_degme.mtx,287.106
2386,2452_Delor295K.mtx,212.685
2387,0987_blckhole.mtx,2.865
2388,1056_olm5000.mtx,3.843
2389,1808_coater2.mtx,39.544
2390,1408_ncvxqp9.mtx,10.336
2391,0221_cis-n4c6-b15.mtx,0.234
2392,2783_delaunay_n23.mtx,172.450
2393,2367_qa8fm.mtx,179.707
2394,2257_dawson5.mtx,140.522
2395,0310_oscil_dcop_09.mtx,0.365
2396,1534_relat7b.mtx,15.430
2397,1651_conf6_0-4x4-30.mtx,22.989
2398,2336_NotreDame_actors.mtx,130.101
2399,0796_EX2(0).mtx,2.000
2400,0296_oscil_dcop_16.mtx,0.363
2401,0912_adder_dcop_37.mtx,2.161
2402,2328_nc2010.mtx,137.951
2403,1407_ex36.mtx,10.482
2404,0808_goddardRocketProblem_2.mtx,1.744
2405,1138_deter6.mtx,4.705
2406,1809_lowThrust_6.mtx,39.375
2407,1568_big_dual.mtx,17.322
2408,0564_NotreDame_yeast.mtx,0.858
2409,2530_barrier2-10.mtx,253.285
2410,1427_MISKnowledgeMap.mtx,10.958
2411,0151_ash219.mtx,0.107
2412,1008_California.mtx,3.046
2413,0480_dwt_492.mtx,0.749
2414,0448_lns_511.mtx,0.667
2415,1501_air04.mtx,13.975
2416,0317_oscil_dcop_03.mtx,0.364
2417,0335_oscil_dcop_54.mtx,0.368
2418,1561_cs4.mtx,16.692
2419,2073_psmigr_2.mtx,75.149
2420,1855_struct4.mtx,45.291
2421,0244_dwt_162.mtx,0.288
2422,0677_fpga_dcop_25.mtx,1.133
2423,1491_L-9.mtx,13.682
2424,2343_mosfet2.mtx,132.825
2425,2564_kron_g500-logn16.mtx,170.082
2426,2650_mip1.mtx,240.470
2427,0123_dolphins.mtx,0.077
2428,1369_xingo_afonso_itaipu.mtx,9.360
2429,0830_dw1024.mtx,1.938
2430,2156_c-72.mtx,98.027
2431,0116_west0067.mtx,0.071
2432,2714_eu-2005.mtx,250.163
2433,1114_G41.mtx,4.539
2434,1246_deter2.mtx,6.771
2435,2330_thermomech_dM.mtx,138.712
2436,1665_vsp_c-30_data_data.mtx,23.617
2437,0982_adder_trans_01.mtx,2.795
2438,0295_oscil_dcop_12.mtx,0.358
2439,2289_EternityII_Etilde.mtx,125.605
2440,0811_G19.mtx,1.899
2441,0293_oscil_dcop_17.mtx,0.364
2442,0328_oscil_dcop_49.mtx,0.363
2443,2536_vsp_bcsstk30_500sep_10in_1Kout.mtx,157.217
2444,1746_raefsky5.mtx,32.541
2445,0380_ash958.mtx,0.370
2446,0656_fpga_dcop_49.mtx,1.135
2447,1051_G43.mtx,3.850
2448,0539_young1c.mtx,0.790
2449,1046_g7jac010sc.mtx,3.779
2450,0867_adder_dcop_53.mtx,2.162
2451,1874_jan99jac120.mtx,41.743
2452,0259_can_144.mtx,0.316
2453,1723_cage10.mtx,28.917
2454,2408_conf6_0-8x8-30.mtx,187.100
2455,1653_conf5_0-4x4-22.mtx,23.036
2456,1656_conf5_0-4x4-10.mtx,22.980
2457,0922_145bit.mtx,2.179
2458,0471_model1.mtx,0.734
2459,0728_ch6-6-b2.mtx,1.384
2460,1917_n4c6-b5.mtx,49.996
2461,1325_ex23.mtx,8.421
2462,1190_bcsstk26.mtx,5.907
2463,2843_nlpkkt240.mtx,248.996
2464,0340_oscil_dcop_39.mtx,0.365
2465,1694_cavity18.mtx,26.700
2466,1488_aa03.mtx,13.624
2467,0386_kneser_6_2_1.mtx,0.390
2468,0425_lpi_bgetam.mtx,0.599
2469,2063_gridgena.mtx,82.282
2470,0442_lp_scfxm1.mtx,0.664
2471,1997_nemeth07.mtx,63.572
2472,2574_pkustk11.mtx,288.665
2473,1833_lowThrust_10.mtx,42.436
2474,2468_nasasrb.mtx,217.908
2475,1118_hydr1.mtx,4.562
2476,2418_analytics.mtx,195.044
2477,0501_pores_3.mtx,0.784
2478,1221_fxm2-16.mtx,6.382
2479,2100_thermal1.mtx,84.566
2480,0148_cis-n4c6-b1.mtx,0.102
2481,1815_lowThrust_7.mtx,40.179
2482,0804_jagmesh6.mtx,1.733
2483,1686_cavity23.mtx,26.564
2484,1832_scfxm1-2r.mtx,41.466
2485,1340_kineticBatchReactor_2.mtx,8.629
2486,1599_coupled.mtx,18.738
2487,1813_copter1.mtx,40.353
2488,1447_rdist3a.mtx,11.905
2489,1643_g7jac040sc.mtx,22.016
2490,0828_M80PI_n1.mtx,1.902
2491,2224_tube2.mtx,124.574
2492,1381_ex6.mtx,9.631
2493,2431_darcy003.mtx,171.076
2494,1439_G59.mtx,11.278
2495,2259_rim.mtx,141.309
2496,2040_fome21.mtx,64.548
2497,1410_Zewail.mtx,10.308
2498,0625_west1505.mtx,1.050
2499,1692_cavity22.mtx,26.646
2500,2337_TSOPF_RS_b300_c1.mtx,159.594
2501,0970_spaceStation_4.mtx,2.630
2502,0464_wm2.mtx,0.708
2503,0731_dwt_869.mtx,1.415
2504,2619_CO.mtx,311.129
2505,0372_D_5.mtx,0.440
2506,0070_Trefethen_20b.mtx,0.036
2507,1649_p010.mtx,22.625
2508,0506_tols1090.mtx,0.679
2509,0991_lp_bnl2.mtx,2.882
2510,1555_fv1.mtx,16.524
2511,2368_qa8fk.mtx,179.648
2512,0374_lp_sctap1.mtx,0.449
2513,2265_Goodwin_054.mtx,143.347
2514,1130_soc-sign-bitcoin-alpha.mtx,4.588
2515,2097_sinc15.mtx,79.039
2516,2547_t3dh_a.mtx,265.283
2517,0265_Cities.mtx,0.327
2518,0532_olm1000.mtx,0.785
2519,2623_Ge87H76.mtx,307.916
2520,1654_conf5_0-4x4-14.mtx,23.005
2521,1000_delf.mtx,2.967
2522,1217_cavity07.mtx,6.284
2523,0755_jagmesh7.mtx,1.437
2524,1116_airfoil1_dual.mtx,4.543
2525,1458_bayer02.mtx,12.323
2526,0432_gams60am.mtx,0.503
2527,1882_bayer01.mtx,50.267
2528,0027_LFAT5.mtx,0.011
2529,0216_steam3.mtx,0.225
2530,1158_3elt_dual.mtx,5.106
2531,0948_can_1072.mtx,2.419
2532,0206_n3c5-b6.mtx,0.204
2533,2813_delaunay_n24.mtx,168.827
2534,0037_klein-b1.mtx,0.015
2535,1596_delaunay_n14.mtx,18.895
2536,0849_adder_dcop_05.mtx,2.130
2537,1810_s3rmt3m3.mtx,39.520
2538,0815_G20.mtx,1.959
2539,0738_cavity01.mtx,1.781
2540,2087_c-62.mtx,77.724
2541,1699_stokes64s.mtx,27.015
2542,1097_deter8.mtx,4.269
2543,2821_Cube_Coup_dt0.mtx,277.655
2544,1216_cavity09.mtx,6.299
2545,2085_rajat23.mtx,81.086
2546,2628_GL7d22.mtx,178.818
2547,0992_n3c6-b4.mtx,2.892
2548,2748_Fault_639.mtx,260.937
2549,1344_bcsstk23.mtx,8.772
2550,1745_Zhao2.mtx,31.839
2551,2695_af_2_k101.mtx,251.433
2552,1208_c-21.mtx,6.130
2553,2385_oh2010.mtx,156.606
2554,1875_jan99jac120sc.mtx,41.783
2555,2637_Ga19As19H42.mtx,252.841
2556,2711_Ga41As41H72.mtx,253.902
2557,2594_GL7d15.mtx,169.474
2558,1309_barth4(0).mtx,7.873
2559,2157_thermomech_TK.mtx,77.117
2560,0979_bibd_17_4.mtx,3.390
2561,2809_dielFilterV3real.mtx,274.067
2562,1255_photogrammetry2.mtx,7.134
2563,2008_light_in_tissue.mtx,65.355
2564,0212_plskz362.mtx,0.210
2565,1043_deter4.mtx,3.696
2566,2678_nd12k.mtx,248.113
2567,2075_psmigr_1.mtx,75.576
2568,2083_Trefethen_20000b.mtx,88.195
2569,0955_grid2.mtx,2.471
2570,1113_G38.mtx,4.526
2571,0051_ch4-4-b3.mtx,0.023
2572,1928_IG5-15.mtx,52.015
2573,1492_fome11.mtx,13.553
2574,2658_rail4284.mtx,245.033
2575,0543_bp_600.mtx,0.811
2576,0398_ash292.mtx,0.533
2577,1826_ABACUS_shell_hd.mtx,41.549
2578,0021_GD01_b.mtx,0.009
2579,2035_nemeth12.mtx,71.888
2580,1448_Chem97Zt.mtx,11.943
2581,1390_model7.mtx,9.764
2582,0572_bibd_11_5.mtx,1.123
2583,1607_n4c6-b4.mtx,19.311
2584,0788_goddardRocketProblem_1.mtx,1.642
2585,1571_air03.mtx,21.596
2586,1842_spmsrtls.mtx,43.613
2587,0512_bcsstk04.mtx,0.874
2588,2514_Dubcova3.mtx,253.046
2589,2171_TSOPF_FS_b39_c7.mtx,101.499
2590,2341_net75.mtx,154.161
2591,1001_bcsstm25.mtx,2.484
2592,2215_fp.mtx,118.092
2593,2665_troll.mtx,243.412
2594,2432_mario002.mtx,173.255
2595,0664_fpga_dcop_37.mtx,1.133
2596,2069_c-67.mtx,84.980
2597,2030_c-63.mtx,69.776
2598,0257_gams30a.mtx,0.308
2599,2207_sgpf5y6.mtx,115.176
2600,0845_plddb.mtx,2.083
2601,1049_spaceStation_12.mtx,3.808
2602,1247_circuit_1.mtx,6.879
2603,0787_Trefethen_500.mtx,2.030
2604,0790_dwt_1007.mtx,1.746
2605,0457_Trefethen_200.mtx,0.704
2606,2392_TSOPF_FS_b162_c3.mtx,175.685
2607,0878_adder_dcop_18.mtx,2.162
2608,0889_adder_dcop_56.mtx,2.159
2609,1035_rdb3200l.mtx,3.635
2610,1415_bibd_49_3.mtx,10.601
2611,1871_bibd_81_3.mtx,41.217
2612,2774_relat9.mtx,176.858
2613,1858_sx-mathoverflow.mtx,38.384
2614,2754_coPapersDBLP.mtx,261.252
2615,0179_flower_5_1.mtx,0.145
2616,0638_fpga_dcop_05.mtx,1.127
2617,2300_language.mtx,130.215
2618,2205_n4c6-b11.mtx,115.040
2619,2191_EternityII_A.mtx,95.214
2620,0727_lp_ship08s.mtx,1.382
2621,1852_nh2010.mtx,37.682
2622,0418_dwa512.mtx,0.595
2623,2541_offshore.mtx,258.062
2624,1595_Goodwin_017.mtx,18.881
2625,2072_nemeth15.mtx,86.479
2626,2345_EternityII_E.mtx,146.398
2627,0189_lp_sc205.mtx,0.160
2628,1437_p05.mtx,11.345
2629,0100_n3c5-b7.mtx,0.058
2630,0066_bcsstm22.mtx,0.033
2631,1416_nemspmm1.mtx,10.774
2632,2355_delaunay_n18.mtx,169.921
2633,1930_goodwin.mtx,61.870
2634,2082_rail_79841.mtx,82.008
2635,2573_amazon-2008.mtx,264.716
2636,1300_G23.mtx,7.705
2637,2053_lung2.mtx,78.672
2638,0674_fpga_dcop_19.mtx,1.135
2639,1430_psse1.mtx,11.016
2640,0236_bcsstm08.mtx,0.207
2641,1724_wing_nodal.mtx,24.306
2642,0130_chesapeake.mtx,0.083
2643,0455_M20PI_n.mtx,0.554
2644,0348_lpi_refinery.mtx,0.392
2645,1959_a2nnsnsl.mtx,55.689
2646,2046_g7jac120sc.mtx,75.896
2647,0359_shl_400.mtx,0.372
2648,1779_mult_dcop_02.mtx,31.103
2649,0586_mk10-b4.mtx,0.911
2650,0877_adder_dcop_58.mtx,2.154
2651,2692_in-2004.mtx,242.347
2652,0851_adder_dcop_03.mtx,2.142
2653,0762_gr_30_30.mtx,1.510
2654,1420_bcsstm27.mtx,10.837
2655,1975_flower_8_4.mtx,59.995
2656,0954_fxm2-6.mtx,2.489
2657,2346_nemeth24.mtx,163.144
2658,2263_ia2010.mtx,120.131
2659,1481_mk11-b3.mtx,13.363
2660,2402_rajat21.mtx,173.624
2661,0803_rail_1357.mtx,1.733
2662,0957_lshp1882.mtx,2.488
2663,1879_rat.mtx,51.177
2664,1066_pcb1000.mtx,3.940
2665,0385_mesh2e1.mtx,0.480
2666,1624_rajat09.mtx,20.299
2667,2318_fe_rotor.mtx,143.453
2668,1787_rajat22.mtx,31.720
2669,0699_orbitRaising_3.mtx,1.176
2670,1625_ex8.mtx,20.518
2671,1510_lp_pilot87.mtx,14.416
2672,0498_dwg961a.mtx,0.657
2673,0288_oscil_dcop_23.mtx,0.366
2674,1499_sts4098.mtx,13.916
2675,2635_atmosmodj.mtx,217.230
2676,0284_flower_8_1.mtx,0.295
2677,1608_cis-n4c6-b4.mtx,19.320
2678,0937_G49.mtx,2.323
2679,2086_stokes128.mtx,89.361
2680,0668_fpga_dcop_36.mtx,1.134
2681,2766_sx-stackoverflow.mtx,193.924
2682,2377_venkat01.mtx,185.687
2683,0415_str_0.mtx,0.589
2684,0872_adder_dcop_68.mtx,2.160
2685,1897_raefsky2.mtx,56.440
2686,0861_adder_dcop_08.mtx,2.164
2687,2460_CurlCurl_1.mtx,218.526
2688,2493_sme3Dc.mtx,161.810
2689,0088_n3c6-b1.mtx,0.051
2690,2841_mawi_201512020330.mtx,124.135
2691,1968_GL7d13.mtx,43.424
2692,2068_std1_Jac3_db.mtx,79.478
2693,1876_lp_cre_b.mtx,41.930
2694,0142_gams10am.mtx,0.099
2695,0558_GL6_D_9.mtx,1.056
2696,2166_nemeth01.mtx,100.814
2697,2246_sinc18.mtx,118.047
2698,2220_Si10H16.mtx,121.555
2699,2618_G3_circuit.mtx,207.582
2700,2657_SiO2.mtx,239.995
2701,1155_lowThrust_2.mtx,5.104
2702,2067_ted_AB.mtx,84.046
2703,1153_p2p-Gnutella09.mtx,4.953
2704,1814_c-47.mtx,34.004
2705,0366_lshp_265.mtx,0.419
2706,2338_windscreen.mtx,160.588
2707,0014_lpi_itest2.mtx,0.006
2708,0783_cep1.mtx,1.587
2709,1423_mark3jac020sc.mtx,10.815
2710,2837_stokes.mtx,250.015
2711,1260_reorientation_6.mtx,7.187
2712,0801_progas.mtx,1.708
2713,2412_opt1.mtx,188.375
2714,0838_bcsstm38.mtx,1.685
2715,1283_G4.mtx,7.451
2716,1669_jan99jac060.mtx,24.390
2717,2593_ESOC.mtx,293.012
2718,1744_Zhao1.mtx,31.915
2719,1449_bips07_1998.mtx,11.951
2720,2751_mouse_gene.mtx,246.257
2721,0484_G11.mtx,0.639
2722,2104_TF17.mtx,81.493
2723,0876_adder_dcop_32.mtx,2.159
2724,1835_lowThrust_12.mtx,42.654
2725,2553_torso3.mtx,269.891
2726,2192_delaunay_n17.mtx,109.140
2727,2124_rajat28.mtx,89.451
2728,1498_nasa2146.mtx,13.921
2729,0672_fpga_dcop_14.mtx,1.134
2730,1115_G37.mtx,4.510
2731,2153_nsct.mtx,96.962
2732,1637_scsd8-2b.mtx,21.676
2733,2831_mawi_201512020130.mtx,123.684
2734,0444_Erdos981.mtx,0.655
2735,1513_bips07_3078.mtx,14.579
2736,0989_D_8.mtx,2.898
2737,2093_wathen120.mtx,90.486
2738,0132_n3c5-b2.mtx,0.087
2739,1802_minsurfo.mtx,38.459
2740,0675_fpga_dcop_03.mtx,1.133
2741,1913_circuit_4.mtx,49.315
2742,0125_n2c6-b10.mtx,0.080
2743,1804_cz20468.mtx,39.081
2744,1083_ch6-6-b4.mtx,4.159
2745,0799_illc1850.mtx,1.687
2746,2195_shar_te2-b3.mtx,111.238
2747,1252_dynamicSoaringProblem_5.mtx,7.076
2748,0139_odepb400.mtx,0.093
2749,2620_Rucci1.mtx,206.399
2750,1741_lowThrust_4.mtx,30.928
2751,0049_n3c5-b1.mtx,0.022
2752,0700_qh1484.mtx,1.172
2753,1065_t3dl_e.mtx,3.273
2754,1045_g7jac010.mtx,3.780
2755,0416_662_bus.mtx,0.498
2756,2732_Transport.mtx,251.870
2757,0318_oscil_dcop_30.mtx,0.372
2758,0163_lp_stocfor1.mtx,0.122
2759,2488_webbase-1M.mtx,202.072
2760,0709_cz628.mtx,1.423
2761,2010_nemeth11.mtx,66.100
2762,0865_adder_dcop_44.mtx,2.159
2763,2320_relat8.mtx,130.004
2764,0779_relat6.mtx,1.557
2765,2812_mycielskian17.mtx,279.243
2766,0019_Tina_AskCog.mtx,0.009
2767,0453_lp_agg.mtx,0.682
2768,2521_IMDB.mtx,157.148
2769,2028_t0331-4l.mtx,77.626
2770,1293_G24.mtx,7.672
2771,1389_rel7.mtx,9.590
2772,1052_G44.mtx,3.846
2773,0301_oscil_dcop_15.mtx,0.365
2774,1003_dynamicSoaringProblem_2.mtx,2.991
2775,2361_coAuthorsCiteseer.mtx,173.497
2776,0177_nos4.mtx,0.144
2777,1881_cegb2802.mtx,52.665
2778,1726_cari.mtx,35.966
2779,2646_x104.mtx,238.215
2780,2765_hugetrace-00010.mtx,137.281
2781,2188_bundle1.mtx,107.189
2782,0757_bfwa782.mtx,1.590
2783,2793_rgg_n_2_22_s0.mtx,217.303
2784,1345_TS.mtx,8.815
2785,1353_msc01440.mtx,8.892
2786,0583_tumorAntiAngiogenesis_5.mtx,1.139
2787,1712_D6-6.mtx,17.259
2788,0214_ch6-6-b1.mtx,0.212
2789,0641_circuit204.mtx,1.132
2790,2298_wi2010.mtx,130.697
2791,2055_fxm4_6(0).mtx,80.039
2792,0551_fs_541_3.mtx,0.985
2793,2173_Si5H12.mtx,102.761
2794,1094_Hamrle2.mtx,4.233
2795,2226_HTC_336_4438.mtx,125.419
2796,2823_vas_stokes_4M.mtx,269.871
2797,2390_invextr1_new.mtx,175.252
2798,0767_bcsstk06.mtx,1.915
2799,2253_2D_54019_highK.mtx,138.276
2800,0199_lp_share2b.mtx,0.189
2801,1452_dendrimer.mtx,12.090
2802,2510_FEM_3D_thermal2.mtx,249.227
2803,1818_jan99jac100sc.mtx,34.716
2804,2602_rgg_n_2_19_s0.mtx,277.128
2805,1233_msc00726.mtx,6.692
2806,2064_hcircuit.mtx,82.607
2807,1508_kineticBatchReactor_4.mtx,14.379
2808,2753_GL7d20.mtx,191.697
2809,0247_lpi_mondou2.mtx,0.285
2810,2041_pds-40.mtx,64.914
2811,2003_net25.mtx,64.388
2812,0120_mesh1em6.mtx,0.074
2813,2701_af_shell9.mtx,249.705
2814,1075_swang1.mtx,4.004
2815,1709_juba40k.mtx,27.767
2816,1973_email-Enron.mtx,51.181
2817,2545_t3dh.mtx,265.364
2818,2114_sx-askubuntu.mtx,72.575
2819,1747_Muu.mtx,32.800
2820,0248_lpi_cplex2.mtx,0.293
2821,1201_hep-th(0).mtx,5.990
2822,0741_cavity04.mtx,1.752
2823,2016_email-EuAll.mtx,51.181
2824,1868_Dubcova1.mtx,47.973
2825,0246_odepa400.mtx,0.291
2826,1989_c-54.mtx,63.014
2827,0368_can_229.mtx,0.432
2828,1906_208bit.mtx,47.934
2829,0299_oscil_dcop_28.mtx,0.367
2830,0167_ash85.mtx,0.127
2831,1681_bibd_15_7.mtx,31.838
2832,0036_klein-b2.mtx,0.015
2833,2627_PR02R.mtx,307.100
2834,0756_jagmesh8.mtx,1.434
2835,1327_N_reactome.mtx,8.338
2836,0370_sphere3.mtx,0.430
2837,1575_stufe-10.mtx,17.792
2838,1618_shuttle_eddy(0).mtx,20.029
2839,2351_lhr71c.mtx,165.405
2840,1807_internet.mtx,28.792
2841,2489_TSOPF_FS_b39_c30.mtx,251.271
2842,0588_well1033.mtx,0.914
2843,1847_windtunnel_evap2d.mtx,44.632
2844,0942_Journals.mtx,2.928
2845,2779_spal_004.mtx,274.639
2846,0482_lp_modszk1.mtx,0.613
2847,1824_ABACUS_shell_ud.mtx,41.576
